source,sport,league,game_date,home_team,away_team,home_score,away_score,home_odds,draw_odds,away_odds,outcome_available,game_odds_available,prop_odds_available,closing_available,canonical_game_key
nflverse,football,NFL,1999-09-12,ATL,MIN,14.0,17.0,,,,True,True,False,True,football|NFL|1999-09-12|ATL|MIN
nflverse,football,NFL,1999-09-12,CHI,KC,20.0,17.0,,,,True,True,False,True,football|NFL|1999-09-12|CHI|KC
nflverse,football,NFL,1999-09-12,CLE,PIT,0.0,43.0,,,,True,True,False,True,football|NFL|1999-09-12|CLE|PIT
nflverse,football,NFL,1999-09-12,GB,OAK,28.0,24.0,,,,True,True,False,True,football|NFL|1999-09-12|GB|OAK
nflverse,football,NFL,1999-09-12,IND,BUF,31.0,14.0,,,,True,True,False,True,football|NFL|1999-09-12|IND|BUF
nflverse,football,NFL,1999-09-12,JAX,SF,41.0,3.0,,,,True,True,False,True,football|NFL|1999-09-12|JAX|SF
nflverse,football,NFL,1999-09-12,NO,CAR,19.0,10.0,,,,True,True,False,True,football|NFL|1999-09-12|NO|CAR
nflverse,football,NFL,1999-09-12,NYJ,NE,28.0,30.0,,,,True,True,False,True,football|NFL|1999-09-12|NYJ|NE
nflverse,football,NFL,1999-09-12,PHI,ARI,24.0,25.0,,,,True,True,False,True,football|NFL|1999-09-12|PHI|ARI
nflverse,football,NFL,1999-09-12,SEA,DET,20.0,28.0,,,,True,True,False,True,football|NFL|1999-09-12|SEA|DET
nflverse,football,NFL,1999-09-12,STL,BAL,27.0,10.0,,,,True,True,False,True,football|NFL|1999-09-12|STL|BAL
nflverse,football,NFL,1999-09-12,TB,NYG,13.0,17.0,,,,True,True,False,True,football|NFL|1999-09-12|TB|NYG
nflverse,football,NFL,1999-09-12,TEN,CIN,36.0,35.0,,,,True,True,False,True,football|NFL|1999-09-12|TEN|CIN
nflverse,football,NFL,1999-09-12,WAS,DAL,35.0,41.0,,,,True,True,False,True,football|NFL|1999-09-12|WAS|DAL
nflverse,football,NFL,1999-09-13,DEN,MIA,21.0,38.0,,,,True,True,False,True,football|NFL|1999-09-13|DEN|MIA
nflverse,football,NFL,1999-09-19,BAL,PIT,20.0,23.0,,,,True,True,False,True,football|NFL|1999-09-19|BAL|PIT
nflverse,football,NFL,1999-09-19,BUF,NYJ,17.0,3.0,,,,True,True,False,True,football|NFL|1999-09-19|BUF|NYJ
nflverse,football,NFL,1999-09-19,CAR,JAX,20.0,22.0,,,,True,True,False,True,football|NFL|1999-09-19|CAR|JAX
nflverse,football,NFL,1999-09-19,CHI,SEA,13.0,14.0,,,,True,True,False,True,football|NFL|1999-09-19|CHI|SEA
nflverse,football,NFL,1999-09-19,CIN,SD,7.0,34.0,,,,True,True,False,True,football|NFL|1999-09-19|CIN|SD
nflverse,football,NFL,1999-09-19,DET,GB,23.0,15.0,,,,True,True,False,True,football|NFL|1999-09-19|DET|GB
nflverse,football,NFL,1999-09-19,KC,DEN,26.0,10.0,,,,True,True,False,True,football|NFL|1999-09-19|KC|DEN
nflverse,football,NFL,1999-09-19,MIA,ARI,19.0,16.0,,,,True,True,False,True,football|NFL|1999-09-19|MIA|ARI
nflverse,football,NFL,1999-09-19,MIN,OAK,17.0,22.0,,,,True,True,False,True,football|NFL|1999-09-19|MIN|OAK
nflverse,football,NFL,1999-09-19,NE,IND,31.0,28.0,,,,True,True,False,True,football|NFL|1999-09-19|NE|IND
nflverse,football,NFL,1999-09-19,NYG,WAS,21.0,50.0,,,,True,True,False,True,football|NFL|1999-09-19|NYG|WAS
nflverse,football,NFL,1999-09-19,PHI,TB,5.0,19.0,,,,True,True,False,True,football|NFL|1999-09-19|PHI|TB
nflverse,football,NFL,1999-09-19,SF,NO,28.0,21.0,,,,True,True,False,True,football|NFL|1999-09-19|SF|NO
nflverse,football,NFL,1999-09-19,TEN,CLE,26.0,9.0,,,,True,True,False,True,football|NFL|1999-09-19|TEN|CLE
nflverse,football,NFL,1999-09-20,DAL,ATL,24.0,7.0,,,,True,True,False,True,football|NFL|1999-09-20|DAL|ATL
nflverse,football,NFL,1999-09-26,BAL,CLE,17.0,10.0,,,,True,True,False,True,football|NFL|1999-09-26|BAL|CLE
nflverse,football,NFL,1999-09-26,BUF,PHI,26.0,0.0,,,,True,True,False,True,football|NFL|1999-09-26|BUF|PHI
nflverse,football,NFL,1999-09-26,CAR,CIN,27.0,3.0,,,,True,True,False,True,football|NFL|1999-09-26|CAR|CIN
nflverse,football,NFL,1999-09-26,GB,MIN,23.0,20.0,,,,True,True,False,True,football|NFL|1999-09-26|GB|MIN
nflverse,football,NFL,1999-09-26,JAX,TEN,19.0,20.0,,,,True,True,False,True,football|NFL|1999-09-26|JAX|TEN
nflverse,football,NFL,1999-09-26,KC,DET,31.0,21.0,,,,True,True,False,True,football|NFL|1999-09-26|KC|DET
nflverse,football,NFL,1999-09-26,NE,NYG,16.0,14.0,,,,True,True,False,True,football|NFL|1999-09-26|NE|NYG
nflverse,football,NFL,1999-09-26,NYJ,WAS,20.0,27.0,,,,True,True,False,True,football|NFL|1999-09-26|NYJ|WAS
nflverse,football,NFL,1999-09-26,OAK,CHI,24.0,17.0,,,,True,True,False,True,football|NFL|1999-09-26|OAK|CHI
nflverse,football,NFL,1999-09-26,PIT,SEA,10.0,29.0,,,,True,True,False,True,football|NFL|1999-09-26|PIT|SEA
nflverse,football,NFL,1999-09-26,SD,IND,19.0,27.0,,,,True,True,False,True,football|NFL|1999-09-26|SD|IND
nflverse,football,NFL,1999-09-26,STL,ATL,35.0,7.0,,,,True,True,False,True,football|NFL|1999-09-26|STL|ATL
nflverse,football,NFL,1999-09-26,TB,DEN,13.0,10.0,,,,True,True,False,True,football|NFL|1999-09-26|TB|DEN
nflverse,football,NFL,1999-09-27,ARI,SF,10.0,24.0,,,,True,True,False,True,football|NFL|1999-09-27|ARI|SF
nflverse,football,NFL,1999-10-03,ATL,BAL,13.0,19.0,,,,True,True,False,True,football|NFL|1999-10-03|ATL|BAL
nflverse,football,NFL,1999-10-03,CHI,NO,14.0,10.0,,,,True,True,False,True,football|NFL|1999-10-03|CHI|NO
nflverse,football,NFL,1999-10-03,CIN,STL,10.0,38.0,,,,True,True,False,True,football|NFL|1999-10-03|CIN|STL
nflverse,football,NFL,1999-10-03,CLE,NE,7.0,19.0,,,,True,True,False,True,football|NFL|1999-10-03|CLE|NE
nflverse,football,NFL,1999-10-03,DAL,ARI,35.0,7.0,,,,True,True,False,True,football|NFL|1999-10-03|DAL|ARI
nflverse,football,NFL,1999-10-03,DEN,NYJ,13.0,21.0,,,,True,True,False,True,football|NFL|1999-10-03|DEN|NYJ
nflverse,football,NFL,1999-10-03,MIN,TB,21.0,14.0,,,,True,True,False,True,football|NFL|1999-10-03|MIN|TB
nflverse,football,NFL,1999-10-03,NYG,PHI,16.0,15.0,,,,True,True,False,True,football|NFL|1999-10-03|NYG|PHI
nflverse,football,NFL,1999-10-03,PIT,JAX,3.0,17.0,,,,True,True,False,True,football|NFL|1999-10-03|PIT|JAX
nflverse,football,NFL,1999-10-03,SD,KC,21.0,14.0,,,,True,True,False,True,football|NFL|1999-10-03|SD|KC
nflverse,football,NFL,1999-10-03,SEA,OAK,22.0,21.0,,,,True,True,False,True,football|NFL|1999-10-03|SEA|OAK
nflverse,football,NFL,1999-10-03,SF,TEN,24.0,22.0,,,,True,True,False,True,football|NFL|1999-10-03|SF|TEN
nflverse,football,NFL,1999-10-03,WAS,CAR,38.0,36.0,,,,True,True,False,True,football|NFL|1999-10-03|WAS|CAR
nflverse,football,NFL,1999-10-04,MIA,BUF,18.0,23.0,,,,True,True,False,True,football|NFL|1999-10-04|MIA|BUF
nflverse,football,NFL,1999-10-10,ARI,NYG,14.0,3.0,,,,True,True,False,True,football|NFL|1999-10-10|ARI|NYG
nflverse,football,NFL,1999-10-10,BUF,PIT,24.0,21.0,,,,True,True,False,True,football|NFL|1999-10-10|BUF|PIT
nflverse,football,NFL,1999-10-10,CLE,CIN,17.0,18.0,,,,True,True,False,True,football|NFL|1999-10-10|CLE|CIN
nflverse,football,NFL,1999-10-10,DET,SD,10.0,20.0,,,,True,True,False,True,football|NFL|1999-10-10|DET|SD
nflverse,football,NFL,1999-10-10,GB,TB,26.0,23.0,,,,True,True,False,True,football|NFL|1999-10-10|GB|TB
nflverse,football,NFL,1999-10-10,IND,MIA,31.0,34.0,,,,True,True,False,True,football|NFL|1999-10-10|IND|MIA
nflverse,football,NFL,1999-10-10,KC,NE,16.0,14.0,,,,True,True,False,True,football|NFL|1999-10-10|KC|NE
nflverse,football,NFL,1999-10-10,MIN,CHI,22.0,24.0,,,,True,True,False,True,football|NFL|1999-10-10|MIN|CHI
nflverse,football,NFL,1999-10-10,NO,ATL,17.0,20.0,,,,True,True,False,True,football|NFL|1999-10-10|NO|ATL
nflverse,football,NFL,1999-10-10,OAK,DEN,13.0,16.0,,,,True,True,False,True,football|NFL|1999-10-10|OAK|DEN
nflverse,football,NFL,1999-10-10,PHI,DAL,13.0,10.0,,,,True,True,False,True,football|NFL|1999-10-10|PHI|DAL
nflverse,football,NFL,1999-10-10,STL,SF,42.0,20.0,,,,True,True,False,True,football|NFL|1999-10-10|STL|SF
nflverse,football,NFL,1999-10-10,TEN,BAL,14.0,11.0,,,,True,True,False,True,football|NFL|1999-10-10|TEN|BAL
nflverse,football,NFL,1999-10-11,NYJ,JAX,6.0,16.0,,,,True,True,False,True,football|NFL|1999-10-11|NYJ|JAX
nflverse,football,NFL,1999-10-17,ARI,WAS,10.0,24.0,,,,True,True,False,True,football|NFL|1999-10-17|ARI|WAS
nflverse,football,NFL,1999-10-17,ATL,STL,13.0,41.0,,,,True,True,False,True,football|NFL|1999-10-17|ATL|STL
nflverse,football,NFL,1999-10-17,BUF,OAK,14.0,20.0,,,,True,True,False,True,football|NFL|1999-10-17|BUF|OAK
nflverse,football,NFL,1999-10-17,CHI,PHI,16.0,20.0,,,,True,True,False,True,football|NFL|1999-10-17|CHI|PHI
nflverse,football,NFL,1999-10-17,CIN,PIT,3.0,17.0,,,,True,True,False,True,football|NFL|1999-10-17|CIN|PIT
nflverse,football,NFL,1999-10-17,DEN,GB,31.0,10.0,,,,True,True,False,True,football|NFL|1999-10-17|DEN|GB
nflverse,football,NFL,1999-10-17,DET,MIN,25.0,23.0,,,,True,True,False,True,football|NFL|1999-10-17|DET|MIN
nflverse,football,NFL,1999-10-17,JAX,CLE,24.0,7.0,,,,True,True,False,True,football|NFL|1999-10-17|JAX|CLE
nflverse,football,NFL,1999-10-17,NE,MIA,30.0,31.0,,,,True,True,False,True,football|NFL|1999-10-17|NE|MIA
nflverse,football,NFL,1999-10-17,NO,TEN,21.0,24.0,,,,True,True,False,True,football|NFL|1999-10-17|NO|TEN
nflverse,football,NFL,1999-10-17,NYJ,IND,13.0,16.0,,,,True,True,False,True,football|NFL|1999-10-17|NYJ|IND
nflverse,football,NFL,1999-10-17,SD,SEA,13.0,10.0,,,,True,True,False,True,football|NFL|1999-10-17|SD|SEA
nflverse,football,NFL,1999-10-17,SF,CAR,29.0,31.0,,,,True,True,False,True,football|NFL|1999-10-17|SF|CAR
nflverse,football,NFL,1999-10-18,NYG,DAL,13.0,10.0,,,,True,True,False,True,football|NFL|1999-10-18|NYG|DAL
nflverse,football,NFL,1999-10-21,BAL,KC,8.0,35.0,,,,True,True,False,True,football|NFL|1999-10-21|BAL|KC
nflverse,football,NFL,1999-10-24,CAR,DET,9.0,24.0,,,,True,True,False,True,football|NFL|1999-10-24|CAR|DET
nflverse,football,NFL,1999-10-24,DAL,WAS,38.0,20.0,,,,True,True,False,True,football|NFL|1999-10-24|DAL|WAS
nflverse,football,NFL,1999-10-24,IND,CIN,31.0,10.0,,,,True,True,False,True,football|NFL|1999-10-24|IND|CIN
nflverse,football,NFL,1999-10-24,MIA,PHI,16.0,13.0,,,,True,True,False,True,football|NFL|1999-10-24|MIA|PHI
nflverse,football,NFL,1999-10-24,MIN,SF,40.0,16.0,,,,True,True,False,True,football|NFL|1999-10-24|MIN|SF
nflverse,football,NFL,1999-10-24,NE,DEN,24.0,23.0,,,,True,True,False,True,football|NFL|1999-10-24|NE|DEN
nflverse,football,NFL,1999-10-24,NYG,NO,31.0,3.0,,,,True,True,False,True,football|NFL|1999-10-24|NYG|NO
nflverse,football,NFL,1999-10-24,OAK,NYJ,24.0,23.0,,,,True,True,False,True,football|NFL|1999-10-24|OAK|NYJ
nflverse,football,NFL,1999-10-24,SD,GB,3.0,31.0,,,,True,True,False,True,football|NFL|1999-10-24|SD|GB
nflverse,football,NFL,1999-10-24,SEA,BUF,26.0,16.0,,,,True,True,False,True,football|NFL|1999-10-24|SEA|BUF
nflverse,football,NFL,1999-10-24,STL,CLE,34.0,3.0,,,,True,True,False,True,football|NFL|1999-10-24|STL|CLE
nflverse,football,NFL,1999-10-24,TB,CHI,6.0,3.0,,,,True,True,False,True,football|NFL|1999-10-24|TB|CHI
nflverse,football,NFL,1999-10-25,PIT,ATL,13.0,9.0,,,,True,True,False,True,football|NFL|1999-10-25|PIT|ATL
nflverse,football,NFL,1999-10-31,ARI,NE,3.0,27.0,,,,True,True,False,True,football|NFL|1999-10-31|ARI|NE
nflverse,football,NFL,1999-10-31,ATL,CAR,27.0,20.0,,,,True,True,False,True,football|NFL|1999-10-31|ATL|CAR
nflverse,football,NFL,1999-10-31,BAL,BUF,10.0,13.0,,,,True,True,False,True,football|NFL|1999-10-31|BAL|BUF
nflverse,football,NFL,1999-10-31,CIN,JAX,10.0,41.0,,,,True,True,False,True,football|NFL|1999-10-31|CIN|JAX
nflverse,football,NFL,1999-10-31,DEN,MIN,20.0,23.0,,,,True,True,False,True,football|NFL|1999-10-31|DEN|MIN
nflverse,football,NFL,1999-10-31,DET,TB,20.0,3.0,,,,True,True,False,True,football|NFL|1999-10-31|DET|TB
nflverse,football,NFL,1999-10-31,IND,DAL,34.0,24.0,,,,True,True,False,True,football|NFL|1999-10-31|IND|DAL
nflverse,football,NFL,1999-10-31,KC,SD,34.0,0.0,,,,True,True,False,True,football|NFL|1999-10-31|KC|SD
nflverse,football,NFL,1999-10-31,NO,CLE,16.0,21.0,,,,True,True,False,True,football|NFL|1999-10-31|NO|CLE
nflverse,football,NFL,1999-10-31,OAK,MIA,9.0,16.0,,,,True,True,False,True,football|NFL|1999-10-31|OAK|MIA
nflverse,football,NFL,1999-10-31,PHI,NYG,17.0,23.0,,,,True,True,False,True,football|NFL|1999-10-31|PHI|NYG
nflverse,football,NFL,1999-10-31,TEN,STL,24.0,21.0,,,,True,True,False,True,football|NFL|1999-10-31|TEN|STL
nflverse,football,NFL,1999-10-31,WAS,CHI,48.0,22.0,,,,True,True,False,True,football|NFL|1999-10-31|WAS|CHI
nflverse,football,NFL,1999-11-01,GB,SEA,7.0,27.0,,,,True,True,False,True,football|NFL|1999-11-01|GB|SEA
nflverse,football,NFL,1999-11-07,ATL,JAX,7.0,30.0,,,,True,True,False,True,football|NFL|1999-11-07|ATL|JAX
nflverse,football,NFL,1999-11-07,CAR,PHI,33.0,7.0,,,,True,True,False,True,football|NFL|1999-11-07|CAR|PHI
nflverse,football,NFL,1999-11-07,CLE,BAL,9.0,41.0,,,,True,True,False,True,football|NFL|1999-11-07|CLE|BAL
nflverse,football,NFL,1999-11-07,DET,STL,31.0,27.0,,,,True,True,False,True,football|NFL|1999-11-07|DET|STL
nflverse,football,NFL,1999-11-07,GB,CHI,13.0,14.0,,,,True,True,False,True,football|NFL|1999-11-07|GB|CHI
nflverse,football,NFL,1999-11-07,IND,KC,25.0,17.0,,,,True,True,False,True,football|NFL|1999-11-07|IND|KC
nflverse,football,NFL,1999-11-07,MIA,TEN,17.0,0.0,,,,True,True,False,True,football|NFL|1999-11-07|MIA|TEN
nflverse,football,NFL,1999-11-07,NO,TB,16.0,31.0,,,,True,True,False,True,football|NFL|1999-11-07|NO|TB
nflverse,football,NFL,1999-11-07,NYJ,ARI,12.0,7.0,,,,True,True,False,True,football|NFL|1999-11-07|NYJ|ARI
nflverse,football,NFL,1999-11-07,SD,DEN,17.0,33.0,,,,True,True,False,True,football|NFL|1999-11-07|SD|DEN
nflverse,football,NFL,1999-11-07,SEA,CIN,37.0,20.0,,,,True,True,False,True,football|NFL|1999-11-07|SEA|CIN
nflverse,football,NFL,1999-11-07,SF,PIT,6.0,27.0,,,,True,True,False,True,football|NFL|1999-11-07|SF|PIT
nflverse,football,NFL,1999-11-07,WAS,BUF,17.0,34.0,,,,True,True,False,True,football|NFL|1999-11-07|WAS|BUF
nflverse,football,NFL,1999-11-08,MIN,DAL,27.0,17.0,,,,True,True,False,True,football|NFL|1999-11-08|MIN|DAL
nflverse,football,NFL,1999-11-14,ARI,DET,23.0,19.0,,,,True,True,False,True,football|NFL|1999-11-14|ARI|DET
nflverse,football,NFL,1999-11-14,BUF,MIA,23.0,3.0,,,,True,True,False,True,football|NFL|1999-11-14|BUF|MIA
nflverse,football,NFL,1999-11-14,CHI,MIN,24.0,27.0,,,,True,True,False,True,football|NFL|1999-11-14|CHI|MIN
nflverse,football,NFL,1999-11-14,CIN,TEN,14.0,24.0,,,,True,True,False,True,football|NFL|1999-11-14|CIN|TEN
nflverse,football,NFL,1999-11-14,DAL,GB,27.0,13.0,,,,True,True,False,True,football|NFL|1999-11-14|DAL|GB
nflverse,football,NFL,1999-11-14,JAX,BAL,6.0,3.0,,,,True,True,False,True,football|NFL|1999-11-14|JAX|BAL
nflverse,football,NFL,1999-11-14,NO,SF,24.0,6.0,,,,True,True,False,True,football|NFL|1999-11-14|NO|SF
nflverse,football,NFL,1999-11-14,NYG,IND,19.0,27.0,,,,True,True,False,True,football|NFL|1999-11-14|NYG|IND
nflverse,football,NFL,1999-11-14,OAK,SD,28.0,9.0,,,,True,True,False,True,football|NFL|1999-11-14|OAK|SD
nflverse,football,NFL,1999-11-14,PHI,WAS,35.0,28.0,,,,True,True,False,True,football|NFL|1999-11-14|PHI|WAS
nflverse,football,NFL,1999-11-14,PIT,CLE,15.0,16.0,,,,True,True,False,True,football|NFL|1999-11-14|PIT|CLE
nflverse,football,NFL,1999-11-14,SEA,DEN,20.0,17.0,,,,True,True,False,True,football|NFL|1999-11-14|SEA|DEN
nflverse,football,NFL,1999-11-14,STL,CAR,35.0,10.0,,,,True,True,False,True,football|NFL|1999-11-14|STL|CAR
nflverse,football,NFL,1999-11-14,TB,KC,17.0,10.0,,,,True,True,False,True,football|NFL|1999-11-14|TB|KC
nflverse,football,NFL,1999-11-15,NE,NYJ,17.0,24.0,,,,True,True,False,True,football|NFL|1999-11-15|NE|NYJ
nflverse,football,NFL,1999-11-21,ARI,DAL,13.0,9.0,,,,True,True,False,True,football|NFL|1999-11-21|ARI|DAL
nflverse,football,NFL,1999-11-21,CIN,BAL,31.0,34.0,,,,True,True,False,True,football|NFL|1999-11-21|CIN|BAL
nflverse,football,NFL,1999-11-21,CLE,CAR,17.0,31.0,,,,True,True,False,True,football|NFL|1999-11-21|CLE|CAR
nflverse,football,NFL,1999-11-21,GB,DET,26.0,17.0,,,,True,True,False,True,football|NFL|1999-11-21|GB|DET
nflverse,football,NFL,1999-11-21,JAX,NO,41.0,23.0,,,,True,True,False,True,football|NFL|1999-11-21|JAX|NO
nflverse,football,NFL,1999-11-21,KC,SEA,19.0,31.0,,,,True,True,False,True,football|NFL|1999-11-21|KC|SEA
nflverse,football,NFL,1999-11-21,MIA,NE,27.0,17.0,,,,True,True,False,True,football|NFL|1999-11-21|MIA|NE
nflverse,football,NFL,1999-11-21,NYJ,BUF,17.0,7.0,,,,True,True,False,True,football|NFL|1999-11-21|NYJ|BUF
nflverse,football,NFL,1999-11-21,PHI,IND,17.0,44.0,,,,True,True,False,True,football|NFL|1999-11-21|PHI|IND
nflverse,football,NFL,1999-11-21,SD,CHI,20.0,23.0,,,,True,True,False,True,football|NFL|1999-11-21|SD|CHI
nflverse,football,NFL,1999-11-21,SF,STL,7.0,23.0,,,,True,True,False,True,football|NFL|1999-11-21|SF|STL
nflverse,football,NFL,1999-11-21,TB,ATL,19.0,10.0,,,,True,True,False,True,football|NFL|1999-11-21|TB|ATL
nflverse,football,NFL,1999-11-21,TEN,PIT,16.0,10.0,,,,True,True,False,True,football|NFL|1999-11-21|TEN|PIT
nflverse,football,NFL,1999-11-21,WAS,NYG,23.0,13.0,,,,True,True,False,True,football|NFL|1999-11-21|WAS|NYG
nflverse,football,NFL,1999-11-22,DEN,OAK,27.0,21.0,,,,True,True,False,True,football|NFL|1999-11-22|DEN|OAK
nflverse,football,NFL,1999-11-25,DAL,MIA,20.0,0.0,,,,True,True,False,True,football|NFL|1999-11-25|DAL|MIA
nflverse,football,NFL,1999-11-25,DET,CHI,21.0,17.0,,,,True,True,False,True,football|NFL|1999-11-25|DET|CHI
nflverse,football,NFL,1999-11-28,BAL,JAX,23.0,30.0,,,,True,True,False,True,football|NFL|1999-11-28|BAL|JAX
nflverse,football,NFL,1999-11-28,BUF,NE,17.0,7.0,,,,True,True,False,True,football|NFL|1999-11-28|BUF|NE
nflverse,football,NFL,1999-11-28,CAR,ATL,34.0,28.0,,,,True,True,False,True,football|NFL|1999-11-28|CAR|ATL
nflverse,football,NFL,1999-11-28,CLE,TEN,21.0,33.0,,,,True,True,False,True,football|NFL|1999-11-28|CLE|TEN
nflverse,football,NFL,1999-11-28,IND,NYJ,13.0,6.0,,,,True,True,False,True,football|NFL|1999-11-28|IND|NYJ
nflverse,football,NFL,1999-11-28,MIN,SD,35.0,27.0,,,,True,True,False,True,football|NFL|1999-11-28|MIN|SD
nflverse,football,NFL,1999-11-28,NYG,ARI,24.0,34.0,,,,True,True,False,True,football|NFL|1999-11-28|NYG|ARI
nflverse,football,NFL,1999-11-28,OAK,KC,34.0,37.0,,,,True,True,False,True,football|NFL|1999-11-28|OAK|KC
nflverse,football,NFL,1999-11-28,PIT,CIN,20.0,27.0,,,,True,True,False,True,football|NFL|1999-11-28|PIT|CIN
nflverse,football,NFL,1999-11-28,SEA,TB,3.0,16.0,,,,True,True,False,True,football|NFL|1999-11-28|SEA|TB
nflverse,football,NFL,1999-11-28,STL,NO,43.0,12.0,,,,True,True,False,True,football|NFL|1999-11-28|STL|NO
nflverse,football,NFL,1999-11-28,WAS,PHI,20.0,17.0,,,,True,True,False,True,football|NFL|1999-11-28|WAS|PHI
nflverse,football,NFL,1999-11-29,SF,GB,3.0,20.0,,,,True,True,False,True,football|NFL|1999-11-29|SF|GB
nflverse,football,NFL,1999-12-02,JAX,PIT,20.0,6.0,,,,True,True,False,True,football|NFL|1999-12-02|JAX|PIT
nflverse,football,NFL,1999-12-05,ARI,PHI,21.0,17.0,,,,True,True,False,True,football|NFL|1999-12-05|ARI|PHI
nflverse,football,NFL,1999-12-05,ATL,NO,35.0,12.0,,,,True,True,False,True,football|NFL|1999-12-05|ATL|NO
nflverse,football,NFL,1999-12-05,BAL,TEN,41.0,14.0,,,,True,True,False,True,football|NFL|1999-12-05|BAL|TEN
nflverse,football,NFL,1999-12-05,CAR,STL,21.0,34.0,,,,True,True,False,True,football|NFL|1999-12-05|CAR|STL
nflverse,football,NFL,1999-12-05,CHI,GB,19.0,35.0,,,,True,True,False,True,football|NFL|1999-12-05|CHI|GB
nflverse,football,NFL,1999-12-05,CIN,SF,44.0,30.0,,,,True,True,False,True,football|NFL|1999-12-05|CIN|SF
nflverse,football,NFL,1999-12-05,DEN,KC,10.0,16.0,,,,True,True,False,True,football|NFL|1999-12-05|DEN|KC
nflverse,football,NFL,1999-12-05,DET,WAS,33.0,17.0,,,,True,True,False,True,football|NFL|1999-12-05|DET|WAS
nflverse,football,NFL,1999-12-05,MIA,IND,34.0,37.0,,,,True,True,False,True,football|NFL|1999-12-05|MIA|IND
nflverse,football,NFL,1999-12-05,NE,DAL,13.0,6.0,,,,True,True,False,True,football|NFL|1999-12-05|NE|DAL
nflverse,football,NFL,1999-12-05,NYG,NYJ,41.0,28.0,,,,True,True,False,True,football|NFL|1999-12-05|NYG|NYJ
nflverse,football,NFL,1999-12-05,OAK,SEA,30.0,21.0,,,,True,True,False,True,football|NFL|1999-12-05|OAK|SEA
nflverse,football,NFL,1999-12-05,SD,CLE,23.0,10.0,,,,True,True,False,True,football|NFL|1999-12-05|SD|CLE
nflverse,football,NFL,1999-12-06,TB,MIN,24.0,17.0,,,,True,True,False,True,football|NFL|1999-12-06|TB|MIN
nflverse,football,NFL,1999-12-09,TEN,OAK,21.0,14.0,,,,True,True,False,True,football|NFL|1999-12-09|TEN|OAK
nflverse,football,NFL,1999-12-12,BUF,NYG,17.0,19.0,,,,True,True,False,True,football|NFL|1999-12-12|BUF|NYG
nflverse,football,NFL,1999-12-12,CIN,CLE,44.0,28.0,,,,True,True,False,True,football|NFL|1999-12-12|CIN|CLE
nflverse,football,NFL,1999-12-12,DAL,PHI,20.0,10.0,,,,True,True,False,True,football|NFL|1999-12-12|DAL|PHI
nflverse,football,NFL,1999-12-12,GB,CAR,31.0,33.0,,,,True,True,False,True,football|NFL|1999-12-12|GB|CAR
nflverse,football,NFL,1999-12-12,IND,NE,20.0,15.0,,,,True,True,False,True,football|NFL|1999-12-12|IND|NE
nflverse,football,NFL,1999-12-12,KC,MIN,31.0,28.0,,,,True,True,False,True,football|NFL|1999-12-12|KC|MIN
nflverse,football,NFL,1999-12-12,NO,STL,14.0,30.0,,,,True,True,False,True,football|NFL|1999-12-12|NO|STL
nflverse,football,NFL,1999-12-12,NYJ,MIA,28.0,20.0,,,,True,True,False,True,football|NFL|1999-12-12|NYJ|MIA
nflverse,football,NFL,1999-12-12,PIT,BAL,24.0,31.0,,,,True,True,False,True,football|NFL|1999-12-12|PIT|BAL
nflverse,football,NFL,1999-12-12,SEA,SD,16.0,19.0,,,,True,True,False,True,football|NFL|1999-12-12|SEA|SD
nflverse,football,NFL,1999-12-12,SF,ATL,26.0,7.0,,,,True,True,False,True,football|NFL|1999-12-12|SF|ATL
nflverse,football,NFL,1999-12-12,TB,DET,23.0,16.0,,,,True,True,False,True,football|NFL|1999-12-12|TB|DET
nflverse,football,NFL,1999-12-12,WAS,ARI,28.0,3.0,,,,True,True,False,True,football|NFL|1999-12-12|WAS|ARI
nflverse,football,NFL,1999-12-13,JAX,DEN,27.0,24.0,,,,True,True,False,True,football|NFL|1999-12-13|JAX|DEN
nflverse,football,NFL,1999-12-18,CAR,SF,41.0,24.0,,,,True,True,False,True,football|NFL|1999-12-18|CAR|SF
nflverse,football,NFL,1999-12-18,KC,PIT,35.0,19.0,,,,True,True,False,True,football|NFL|1999-12-18|KC|PIT
nflverse,football,NFL,1999-12-19,ARI,BUF,21.0,31.0,,,,True,True,False,True,football|NFL|1999-12-19|ARI|BUF
nflverse,football,NFL,1999-12-19,BAL,NO,31.0,8.0,,,,True,True,False,True,football|NFL|1999-12-19|BAL|NO
nflverse,football,NFL,1999-12-19,CHI,DET,28.0,10.0,,,,True,True,False,True,football|NFL|1999-12-19|CHI|DET
nflverse,football,NFL,1999-12-19,CLE,JAX,14.0,24.0,,,,True,True,False,True,football|NFL|1999-12-19|CLE|JAX
nflverse,football,NFL,1999-12-19,DAL,NYJ,21.0,22.0,,,,True,True,False,True,football|NFL|1999-12-19|DAL|NYJ
nflverse,football,NFL,1999-12-19,DEN,SEA,36.0,30.0,,,,True,True,False,True,football|NFL|1999-12-19|DEN|SEA
nflverse,football,NFL,1999-12-19,IND,WAS,24.0,21.0,,,,True,True,False,True,football|NFL|1999-12-19|IND|WAS
nflverse,football,NFL,1999-12-19,MIA,SD,12.0,9.0,,,,True,True,False,True,football|NFL|1999-12-19|MIA|SD
nflverse,football,NFL,1999-12-19,OAK,TB,45.0,0.0,,,,True,True,False,True,football|NFL|1999-12-19|OAK|TB
nflverse,football,NFL,1999-12-19,PHI,NE,24.0,9.0,,,,True,True,False,True,football|NFL|1999-12-19|PHI|NE
nflverse,football,NFL,1999-12-19,STL,NYG,31.0,10.0,,,,True,True,False,True,football|NFL|1999-12-19|STL|NYG
nflverse,football,NFL,1999-12-19,TEN,ATL,30.0,17.0,,,,True,True,False,True,football|NFL|1999-12-19|TEN|ATL
nflverse,football,NFL,1999-12-20,MIN,GB,24.0,20.0,,,,True,True,False,True,football|NFL|1999-12-20|MIN|GB
nflverse,football,NFL,1999-12-24,NO,DAL,31.0,24.0,,,,True,True,False,True,football|NFL|1999-12-24|NO|DAL
nflverse,football,NFL,1999-12-25,DET,DEN,7.0,17.0,,,,True,True,False,True,football|NFL|1999-12-25|DET|DEN
nflverse,football,NFL,1999-12-26,ATL,ARI,37.0,14.0,,,,True,True,False,True,football|NFL|1999-12-26|ATL|ARI
nflverse,football,NFL,1999-12-26,BAL,CIN,22.0,0.0,,,,True,True,False,True,football|NFL|1999-12-26|BAL|CIN
nflverse,football,NFL,1999-12-26,CLE,IND,28.0,29.0,,,,True,True,False,True,football|NFL|1999-12-26|CLE|IND
nflverse,football,NFL,1999-12-26,NE,BUF,10.0,13.0,,,,True,True,False,True,football|NFL|1999-12-26|NE|BUF
nflverse,football,NFL,1999-12-26,NYG,MIN,17.0,34.0,,,,True,True,False,True,football|NFL|1999-12-26|NYG|MIN
nflverse,football,NFL,1999-12-26,PIT,CAR,30.0,20.0,,,,True,True,False,True,football|NFL|1999-12-26|PIT|CAR
nflverse,football,NFL,1999-12-26,SD,OAK,23.0,20.0,,,,True,True,False,True,football|NFL|1999-12-26|SD|OAK
nflverse,football,NFL,1999-12-26,SEA,KC,23.0,14.0,,,,True,True,False,True,football|NFL|1999-12-26|SEA|KC
nflverse,football,NFL,1999-12-26,SF,WAS,20.0,26.0,,,,True,True,False,True,football|NFL|1999-12-26|SF|WAS
nflverse,football,NFL,1999-12-26,STL,CHI,34.0,12.0,,,,True,True,False,True,football|NFL|1999-12-26|STL|CHI
nflverse,football,NFL,1999-12-26,TB,GB,29.0,10.0,,,,True,True,False,True,football|NFL|1999-12-26|TB|GB
nflverse,football,NFL,1999-12-26,TEN,JAX,41.0,14.0,,,,True,True,False,True,football|NFL|1999-12-26|TEN|JAX
nflverse,football,NFL,1999-12-27,MIA,NYJ,31.0,38.0,,,,True,True,False,True,football|NFL|1999-12-27|MIA|NYJ
nflverse,football,NFL,2000-01-02,BUF,IND,31.0,6.0,,,,True,True,False,True,football|NFL|2000-01-02|BUF|IND
nflverse,football,NFL,2000-01-02,CAR,NO,45.0,13.0,,,,True,True,False,True,football|NFL|2000-01-02|CAR|NO
nflverse,football,NFL,2000-01-02,CHI,TB,6.0,20.0,,,,True,True,False,True,football|NFL|2000-01-02|CHI|TB
nflverse,football,NFL,2000-01-02,DAL,NYG,26.0,18.0,,,,True,True,False,True,football|NFL|2000-01-02|DAL|NYG
nflverse,football,NFL,2000-01-02,DEN,SD,6.0,12.0,,,,True,True,False,True,football|NFL|2000-01-02|DEN|SD
nflverse,football,NFL,2000-01-02,GB,ARI,49.0,24.0,,,,True,True,False,True,football|NFL|2000-01-02|GB|ARI
nflverse,football,NFL,2000-01-02,JAX,CIN,24.0,7.0,,,,True,True,False,True,football|NFL|2000-01-02|JAX|CIN
nflverse,football,NFL,2000-01-02,KC,OAK,38.0,41.0,,,,True,True,False,True,football|NFL|2000-01-02|KC|OAK
nflverse,football,NFL,2000-01-02,MIN,DET,24.0,17.0,,,,True,True,False,True,football|NFL|2000-01-02|MIN|DET
nflverse,football,NFL,2000-01-02,NE,BAL,20.0,3.0,,,,True,True,False,True,football|NFL|2000-01-02|NE|BAL
nflverse,football,NFL,2000-01-02,NYJ,SEA,19.0,9.0,,,,True,True,False,True,football|NFL|2000-01-02|NYJ|SEA
nflverse,football,NFL,2000-01-02,PHI,STL,38.0,31.0,,,,True,True,False,True,football|NFL|2000-01-02|PHI|STL
nflverse,football,NFL,2000-01-02,PIT,TEN,36.0,47.0,,,,True,True,False,True,football|NFL|2000-01-02|PIT|TEN
nflverse,football,NFL,2000-01-02,WAS,MIA,21.0,10.0,,,,True,True,False,True,football|NFL|2000-01-02|WAS|MIA
nflverse,football,NFL,2000-01-03,ATL,SF,34.0,29.0,,,,True,True,False,True,football|NFL|2000-01-03|ATL|SF
nflverse,football,NFL,2000-01-08,TEN,BUF,22.0,16.0,,,,True,True,False,True,football|NFL|2000-01-08|TEN|BUF
nflverse,football,NFL,2000-01-08,WAS,DET,27.0,13.0,,,,True,True,False,True,football|NFL|2000-01-08|WAS|DET
nflverse,football,NFL,2000-01-09,MIN,DAL,27.0,10.0,,,,True,True,False,True,football|NFL|2000-01-09|MIN|DAL
nflverse,football,NFL,2000-01-09,SEA,MIA,17.0,20.0,,,,True,True,False,True,football|NFL|2000-01-09|SEA|MIA
nflverse,football,NFL,2000-01-15,JAX,MIA,62.0,7.0,,,,True,True,False,True,football|NFL|2000-01-15|JAX|MIA
nflverse,football,NFL,2000-01-15,TB,WAS,14.0,13.0,,,,True,True,False,True,football|NFL|2000-01-15|TB|WAS
nflverse,football,NFL,2000-01-16,IND,TEN,16.0,19.0,,,,True,True,False,True,football|NFL|2000-01-16|IND|TEN
nflverse,football,NFL,2000-01-16,STL,MIN,49.0,37.0,,,,True,True,False,True,football|NFL|2000-01-16|STL|MIN
nflverse,football,NFL,2000-01-23,JAX,TEN,14.0,33.0,,,,True,True,False,True,football|NFL|2000-01-23|JAX|TEN
nflverse,football,NFL,2000-01-23,STL,TB,11.0,6.0,,,,True,True,False,True,football|NFL|2000-01-23|STL|TB
nflverse,football,NFL,2000-01-30,TEN,STL,16.0,23.0,,,,True,True,False,True,football|NFL|2000-01-30|TEN|STL
nflverse,football,NFL,2000-09-03,ATL,SF,36.0,28.0,,,,True,True,False,True,football|NFL|2000-09-03|ATL|SF
nflverse,football,NFL,2000-09-03,CLE,JAX,7.0,27.0,,,,True,True,False,True,football|NFL|2000-09-03|CLE|JAX
nflverse,football,NFL,2000-09-03,KC,IND,14.0,27.0,,,,True,True,False,True,football|NFL|2000-09-03|KC|IND
nflverse,football,NFL,2000-09-03,MIN,CHI,30.0,27.0,,,,True,True,False,True,football|NFL|2000-09-03|MIN|CHI
nflverse,football,NFL,2000-09-03,NE,TB,16.0,21.0,,,,True,True,False,True,football|NFL|2000-09-03|NE|TB
nflverse,football,NFL,2000-09-03,NO,DET,10.0,14.0,,,,True,True,False,True,football|NFL|2000-09-03|NO|DET
nflverse,football,NFL,2000-09-03,NYG,ARI,21.0,16.0,,,,True,True,False,True,football|NFL|2000-09-03|NYG|ARI
nflverse,football,NFL,2000-09-03,PIT,BAL,0.0,16.0,,,,True,True,False,True,football|NFL|2000-09-03|PIT|BAL
nflverse,football,NFL,2000-09-03,WAS,CAR,20.0,17.0,,,,True,True,False,True,football|NFL|2000-09-03|WAS|CAR
nflverse,football,NFL,2000-09-03,DAL,PHI,14.0,41.0,,,,True,True,False,True,football|NFL|2000-09-03|DAL|PHI
nflverse,football,NFL,2000-09-03,GB,NYJ,16.0,20.0,,,,True,True,False,True,football|NFL|2000-09-03|GB|NYJ
nflverse,football,NFL,2000-09-03,MIA,SEA,23.0,0.0,,,,True,True,False,True,football|NFL|2000-09-03|MIA|SEA
nflverse,football,NFL,2000-09-03,OAK,SD,9.0,6.0,,,,True,True,False,True,football|NFL|2000-09-03|OAK|SD
nflverse,football,NFL,2000-09-03,BUF,TEN,16.0,13.0,,,,True,True,False,True,football|NFL|2000-09-03|BUF|TEN
nflverse,football,NFL,2000-09-04,STL,DEN,41.0,36.0,,,,True,True,False,True,football|NFL|2000-09-04|STL|DEN
nflverse,football,NFL,2000-09-10,IND,OAK,31.0,38.0,,,,True,True,False,True,football|NFL|2000-09-10|IND|OAK
nflverse,football,NFL,2000-09-10,BAL,JAX,39.0,36.0,,,,True,True,False,True,football|NFL|2000-09-10|BAL|JAX
nflverse,football,NFL,2000-09-10,BUF,GB,27.0,18.0,,,,True,True,False,True,football|NFL|2000-09-10|BUF|GB
nflverse,football,NFL,2000-09-10,CIN,CLE,7.0,24.0,,,,True,True,False,True,football|NFL|2000-09-10|CIN|CLE
nflverse,football,NFL,2000-09-10,MIN,MIA,13.0,7.0,,,,True,True,False,True,football|NFL|2000-09-10|MIN|MIA
nflverse,football,NFL,2000-09-10,PHI,NYG,18.0,33.0,,,,True,True,False,True,football|NFL|2000-09-10|PHI|NYG
nflverse,football,NFL,2000-09-10,TB,CHI,41.0,0.0,,,,True,True,False,True,football|NFL|2000-09-10|TB|CHI
nflverse,football,NFL,2000-09-10,TEN,KC,17.0,14.0,,,,True,True,False,True,football|NFL|2000-09-10|TEN|KC
nflverse,football,NFL,2000-09-10,DEN,ATL,42.0,14.0,,,,True,True,False,True,football|NFL|2000-09-10|DEN|ATL
nflverse,football,NFL,2000-09-10,DET,WAS,15.0,10.0,,,,True,True,False,True,football|NFL|2000-09-10|DET|WAS
nflverse,football,NFL,2000-09-10,SD,NO,27.0,28.0,,,,True,True,False,True,football|NFL|2000-09-10|SD|NO
nflverse,football,NFL,2000-09-10,SEA,STL,34.0,37.0,,,,True,True,False,True,football|NFL|2000-09-10|SEA|STL
nflverse,football,NFL,2000-09-10,SF,CAR,22.0,38.0,,,,True,True,False,True,football|NFL|2000-09-10|SF|CAR
nflverse,football,NFL,2000-09-10,ARI,DAL,32.0,31.0,,,,True,True,False,True,football|NFL|2000-09-10|ARI|DAL
nflverse,football,NFL,2000-09-11,NYJ,NE,20.0,19.0,,,,True,True,False,True,football|NFL|2000-09-11|NYJ|NE
nflverse,football,NFL,2000-09-17,CAR,ATL,10.0,15.0,,,,True,True,False,True,football|NFL|2000-09-17|CAR|ATL
nflverse,football,NFL,2000-09-17,CLE,PIT,23.0,20.0,,,,True,True,False,True,football|NFL|2000-09-17|CLE|PIT
nflverse,football,NFL,2000-09-17,DET,TB,10.0,31.0,,,,True,True,False,True,football|NFL|2000-09-17|DET|TB
nflverse,football,NFL,2000-09-17,GB,PHI,6.0,3.0,,,,True,True,False,True,football|NFL|2000-09-17|GB|PHI
nflverse,football,NFL,2000-09-17,JAX,CIN,13.0,0.0,,,,True,True,False,True,football|NFL|2000-09-17|JAX|CIN
nflverse,football,NFL,2000-09-17,KC,SD,42.0,10.0,,,,True,True,False,True,football|NFL|2000-09-17|KC|SD
nflverse,football,NFL,2000-09-17,NYJ,BUF,27.0,14.0,,,,True,True,False,True,football|NFL|2000-09-17|NYJ|BUF
nflverse,football,NFL,2000-09-17,STL,SF,41.0,24.0,,,,True,True,False,True,football|NFL|2000-09-17|STL|SF
nflverse,football,NFL,2000-09-17,OAK,DEN,24.0,33.0,,,,True,True,False,True,football|NFL|2000-09-17|OAK|DEN
nflverse,football,NFL,2000-09-17,CHI,NYG,7.0,14.0,,,,True,True,False,True,football|NFL|2000-09-17|CHI|NYG
nflverse,football,NFL,2000-09-17,NE,MIN,13.0,21.0,,,,True,True,False,True,football|NFL|2000-09-17|NE|MIN
nflverse,football,NFL,2000-09-17,SEA,NO,20.0,10.0,,,,True,True,False,True,football|NFL|2000-09-17|SEA|NO
nflverse,football,NFL,2000-09-17,MIA,BAL,19.0,6.0,,,,True,True,False,True,football|NFL|2000-09-17|MIA|BAL
nflverse,football,NFL,2000-09-18,WAS,DAL,21.0,27.0,,,,True,True,False,True,football|NFL|2000-09-18|WAS|DAL
nflverse,football,NFL,2000-09-24,ATL,STL,20.0,41.0,,,,True,True,False,True,football|NFL|2000-09-24|ATL|STL
nflverse,football,NFL,2000-09-24,BAL,CIN,37.0,0.0,,,,True,True,False,True,football|NFL|2000-09-24|BAL|CIN
nflverse,football,NFL,2000-09-24,CHI,DET,14.0,21.0,,,,True,True,False,True,football|NFL|2000-09-24|CHI|DET
nflverse,football,NFL,2000-09-24,DAL,SF,24.0,41.0,,,,True,True,False,True,football|NFL|2000-09-24|DAL|SF
nflverse,football,NFL,2000-09-24,MIA,NE,10.0,3.0,,,,True,True,False,True,football|NFL|2000-09-24|MIA|NE
nflverse,football,NFL,2000-09-24,NO,PHI,7.0,21.0,,,,True,True,False,True,football|NFL|2000-09-24|NO|PHI
nflverse,football,NFL,2000-09-24,PIT,TEN,20.0,23.0,,,,True,True,False,True,football|NFL|2000-09-24|PIT|TEN
nflverse,football,NFL,2000-09-24,ARI,GB,3.0,29.0,,,,True,True,False,True,football|NFL|2000-09-24|ARI|GB
nflverse,football,NFL,2000-09-24,DEN,KC,22.0,23.0,,,,True,True,False,True,football|NFL|2000-09-24|DEN|KC
nflverse,football,NFL,2000-09-24,OAK,CLE,36.0,10.0,,,,True,True,False,True,football|NFL|2000-09-24|OAK|CLE
nflverse,football,NFL,2000-09-24,SD,SEA,12.0,20.0,,,,True,True,False,True,football|NFL|2000-09-24|SD|SEA
nflverse,football,NFL,2000-09-24,TB,NYJ,17.0,21.0,,,,True,True,False,True,football|NFL|2000-09-24|TB|NYJ
nflverse,football,NFL,2000-09-24,NYG,WAS,6.0,16.0,,,,True,True,False,True,football|NFL|2000-09-24|NYG|WAS
nflverse,football,NFL,2000-09-25,IND,JAX,43.0,14.0,,,,True,True,False,True,football|NFL|2000-09-25|IND|JAX
nflverse,football,NFL,2000-10-01,BUF,IND,16.0,18.0,,,,True,True,False,True,football|NFL|2000-10-01|BUF|IND
nflverse,football,NFL,2000-10-01,CAR,DAL,13.0,16.0,,,,True,True,False,True,football|NFL|2000-10-01|CAR|DAL
nflverse,football,NFL,2000-10-01,CLE,BAL,0.0,12.0,,,,True,True,False,True,football|NFL|2000-10-01|CLE|BAL
nflverse,football,NFL,2000-10-01,DET,MIN,24.0,31.0,,,,True,True,False,True,football|NFL|2000-10-01|DET|MIN
nflverse,football,NFL,2000-10-01,JAX,PIT,13.0,24.0,,,,True,True,False,True,football|NFL|2000-10-01|JAX|PIT
nflverse,football,NFL,2000-10-01,STL,SD,57.0,31.0,,,,True,True,False,True,football|NFL|2000-10-01|STL|SD
nflverse,football,NFL,2000-10-01,TEN,NYG,28.0,14.0,,,,True,True,False,True,football|NFL|2000-10-01|TEN|NYG
nflverse,football,NFL,2000-10-01,CIN,MIA,16.0,31.0,,,,True,True,False,True,football|NFL|2000-10-01|CIN|MIA
nflverse,football,NFL,2000-10-01,DEN,NE,19.0,28.0,,,,True,True,False,True,football|NFL|2000-10-01|DEN|NE
nflverse,football,NFL,2000-10-01,GB,CHI,24.0,27.0,,,,True,True,False,True,football|NFL|2000-10-01|GB|CHI
nflverse,football,NFL,2000-10-01,SF,ARI,27.0,20.0,,,,True,True,False,True,football|NFL|2000-10-01|SF|ARI
nflverse,football,NFL,2000-10-01,WAS,TB,20.0,17.0,,,,True,True,False,True,football|NFL|2000-10-01|WAS|TB
nflverse,football,NFL,2000-10-01,PHI,ATL,38.0,10.0,,,,True,True,False,True,football|NFL|2000-10-01|PHI|ATL
nflverse,football,NFL,2000-10-02,KC,SEA,24.0,17.0,,,,True,True,False,True,football|NFL|2000-10-02|KC|SEA
nflverse,football,NFL,2000-10-08,CHI,NO,10.0,31.0,,,,True,True,False,True,football|NFL|2000-10-08|CHI|NO
nflverse,football,NFL,2000-10-08,CIN,TEN,14.0,23.0,,,,True,True,False,True,football|NFL|2000-10-08|CIN|TEN
nflverse,football,NFL,2000-10-08,DET,GB,31.0,24.0,,,,True,True,False,True,football|NFL|2000-10-08|DET|GB
nflverse,football,NFL,2000-10-08,MIA,BUF,22.0,13.0,,,,True,True,False,True,football|NFL|2000-10-08|MIA|BUF
nflverse,football,NFL,2000-10-08,NE,IND,24.0,16.0,,,,True,True,False,True,football|NFL|2000-10-08|NE|IND
nflverse,football,NFL,2000-10-08,NYJ,PIT,3.0,20.0,,,,True,True,False,True,football|NFL|2000-10-08|NYJ|PIT
nflverse,football,NFL,2000-10-08,PHI,WAS,14.0,17.0,,,,True,True,False,True,football|NFL|2000-10-08|PHI|WAS
nflverse,football,NFL,2000-10-08,ARI,CLE,29.0,21.0,,,,True,True,False,True,football|NFL|2000-10-08|ARI|CLE
nflverse,football,NFL,2000-10-08,ATL,NYG,6.0,13.0,,,,True,True,False,True,football|NFL|2000-10-08|ATL|NYG
nflverse,football,NFL,2000-10-08,CAR,SEA,26.0,3.0,,,,True,True,False,True,football|NFL|2000-10-08|CAR|SEA
nflverse,football,NFL,2000-10-08,SD,DEN,7.0,21.0,,,,True,True,False,True,football|NFL|2000-10-08|SD|DEN
nflverse,football,NFL,2000-10-08,SF,OAK,28.0,34.0,,,,True,True,False,True,football|NFL|2000-10-08|SF|OAK
nflverse,football,NFL,2000-10-08,JAX,BAL,10.0,15.0,,,,True,True,False,True,football|NFL|2000-10-08|JAX|BAL
nflverse,football,NFL,2000-10-09,MIN,TB,30.0,23.0,,,,True,True,False,True,football|NFL|2000-10-09|MIN|TB
nflverse,football,NFL,2000-10-15,BUF,SD,27.0,24.0,,,,True,True,False,True,football|NFL|2000-10-15|BUF|SD
nflverse,football,NFL,2000-10-15,KC,OAK,17.0,20.0,,,,True,True,False,True,football|NFL|2000-10-15|KC|OAK
nflverse,football,NFL,2000-10-15,NO,CAR,24.0,6.0,,,,True,True,False,True,football|NFL|2000-10-15|NO|CAR
nflverse,football,NFL,2000-10-15,NYG,DAL,19.0,14.0,,,,True,True,False,True,football|NFL|2000-10-15|NYG|DAL
nflverse,football,NFL,2000-10-15,PIT,CIN,15.0,0.0,,,,True,True,False,True,football|NFL|2000-10-15|PIT|CIN
nflverse,football,NFL,2000-10-15,STL,ATL,45.0,29.0,,,,True,True,False,True,football|NFL|2000-10-15|STL|ATL
nflverse,football,NFL,2000-10-15,WAS,BAL,10.0,3.0,,,,True,True,False,True,football|NFL|2000-10-15|WAS|BAL
nflverse,football,NFL,2000-10-15,ARI,PHI,14.0,33.0,,,,True,True,False,True,football|NFL|2000-10-15|ARI|PHI
nflverse,football,NFL,2000-10-15,DEN,CLE,44.0,10.0,,,,True,True,False,True,football|NFL|2000-10-15|DEN|CLE
nflverse,football,NFL,2000-10-15,NE,NYJ,17.0,34.0,,,,True,True,False,True,football|NFL|2000-10-15|NE|NYJ
nflverse,football,NFL,2000-10-15,SEA,IND,24.0,37.0,,,,True,True,False,True,football|NFL|2000-10-15|SEA|IND
nflverse,football,NFL,2000-10-15,GB,SF,31.0,28.0,,,,True,True,False,True,football|NFL|2000-10-15|GB|SF
nflverse,football,NFL,2000-10-15,CHI,MIN,16.0,28.0,,,,True,True,False,True,football|NFL|2000-10-15|CHI|MIN
nflverse,football,NFL,2000-10-16,TEN,JAX,27.0,13.0,,,,True,True,False,True,football|NFL|2000-10-16|TEN|JAX
nflverse,football,NFL,2000-10-19,TB,DET,14.0,28.0,,,,True,True,False,True,football|NFL|2000-10-19|TB|DET
nflverse,football,NFL,2000-10-22,IND,NE,30.0,23.0,,,,True,True,False,True,football|NFL|2000-10-22|IND|NE
nflverse,football,NFL,2000-10-22,ATL,NO,19.0,21.0,,,,True,True,False,True,football|NFL|2000-10-22|ATL|NO
nflverse,football,NFL,2000-10-22,BAL,TEN,6.0,14.0,,,,True,True,False,True,football|NFL|2000-10-22|BAL|TEN
nflverse,football,NFL,2000-10-22,CAR,SF,34.0,16.0,,,,True,True,False,True,football|NFL|2000-10-22|CAR|SF
nflverse,football,NFL,2000-10-22,CIN,DEN,31.0,21.0,,,,True,True,False,True,football|NFL|2000-10-22|CIN|DEN
nflverse,football,NFL,2000-10-22,DAL,ARI,48.0,7.0,,,,True,True,False,True,football|NFL|2000-10-22|DAL|ARI
nflverse,football,NFL,2000-10-22,KC,STL,54.0,34.0,,,,True,True,False,True,football|NFL|2000-10-22|KC|STL
nflverse,football,NFL,2000-10-22,MIN,BUF,31.0,27.0,,,,True,True,False,True,football|NFL|2000-10-22|MIN|BUF
nflverse,football,NFL,2000-10-22,PHI,CHI,13.0,9.0,,,,True,True,False,True,football|NFL|2000-10-22|PHI|CHI
nflverse,football,NFL,2000-10-22,OAK,SEA,31.0,3.0,,,,True,True,False,True,football|NFL|2000-10-22|OAK|SEA
nflverse,football,NFL,2000-10-22,PIT,CLE,22.0,0.0,,,,True,True,False,True,football|NFL|2000-10-22|PIT|CLE
nflverse,football,NFL,2000-10-22,JAX,WAS,16.0,35.0,,,,True,True,False,True,football|NFL|2000-10-22|JAX|WAS
nflverse,football,NFL,2000-10-23,NYJ,MIA,40.0,37.0,,,,True,True,False,True,football|NFL|2000-10-23|NYJ|MIA
nflverse,football,NFL,2000-10-29,ATL,CAR,13.0,12.0,,,,True,True,False,True,football|NFL|2000-10-29|ATL|CAR
nflverse,football,NFL,2000-10-29,BAL,PIT,6.0,9.0,,,,True,True,False,True,football|NFL|2000-10-29|BAL|PIT
nflverse,football,NFL,2000-10-29,BUF,NYJ,23.0,20.0,,,,True,True,False,True,football|NFL|2000-10-29|BUF|NYJ
nflverse,football,NFL,2000-10-29,CLE,CIN,3.0,12.0,,,,True,True,False,True,football|NFL|2000-10-29|CLE|CIN
nflverse,football,NFL,2000-10-29,IND,DET,30.0,18.0,,,,True,True,False,True,football|NFL|2000-10-29|IND|DET
nflverse,football,NFL,2000-10-29,MIA,GB,28.0,20.0,,,,True,True,False,True,football|NFL|2000-10-29|MIA|GB
nflverse,football,NFL,2000-10-29,TB,MIN,41.0,13.0,,,,True,True,False,True,football|NFL|2000-10-29|TB|MIN
nflverse,football,NFL,2000-10-29,ARI,NO,10.0,21.0,,,,True,True,False,True,football|NFL|2000-10-29|ARI|NO
nflverse,football,NFL,2000-10-29,NYG,PHI,24.0,7.0,,,,True,True,False,True,football|NFL|2000-10-29|NYG|PHI
nflverse,football,NFL,2000-10-29,SF,STL,24.0,34.0,,,,True,True,False,True,football|NFL|2000-10-29|SF|STL
nflverse,football,NFL,2000-10-29,DAL,JAX,17.0,23.0,,,,True,True,False,True,football|NFL|2000-10-29|DAL|JAX
nflverse,football,NFL,2000-10-29,SEA,KC,19.0,24.0,,,,True,True,False,True,football|NFL|2000-10-29|SEA|KC
nflverse,football,NFL,2000-10-29,SD,OAK,13.0,15.0,,,,True,True,False,True,football|NFL|2000-10-29|SD|OAK
nflverse,football,NFL,2000-10-30,WAS,TEN,21.0,27.0,,,,True,True,False,True,football|NFL|2000-10-30|WAS|TEN
nflverse,football,NFL,2000-11-05,ATL,TB,14.0,27.0,,,,True,True,False,True,football|NFL|2000-11-05|ATL|TB
nflverse,football,NFL,2000-11-05,CHI,IND,27.0,24.0,,,,True,True,False,True,football|NFL|2000-11-05|CHI|IND
nflverse,football,NFL,2000-11-05,CIN,BAL,7.0,27.0,,,,True,True,False,True,football|NFL|2000-11-05|CIN|BAL
nflverse,football,NFL,2000-11-05,CLE,NYG,3.0,24.0,,,,True,True,False,True,football|NFL|2000-11-05|CLE|NYG
nflverse,football,NFL,2000-11-05,DET,MIA,8.0,23.0,,,,True,True,False,True,football|NFL|2000-11-05|DET|MIA
nflverse,football,NFL,2000-11-05,NE,BUF,13.0,16.0,,,,True,True,False,True,football|NFL|2000-11-05|NE|BUF
nflverse,football,NFL,2000-11-05,NO,SF,31.0,15.0,,,,True,True,False,True,football|NFL|2000-11-05|NO|SF
nflverse,football,NFL,2000-11-05,PHI,DAL,16.0,13.0,,,,True,True,False,True,football|NFL|2000-11-05|PHI|DAL
nflverse,football,NFL,2000-11-05,TEN,PIT,9.0,7.0,,,,True,True,False,True,football|NFL|2000-11-05|TEN|PIT
nflverse,football,NFL,2000-11-05,ARI,WAS,16.0,15.0,,,,True,True,False,True,football|NFL|2000-11-05|ARI|WAS
nflverse,football,NFL,2000-11-05,NYJ,DEN,23.0,30.0,,,,True,True,False,True,football|NFL|2000-11-05|NYJ|DEN
nflverse,football,NFL,2000-11-05,OAK,KC,49.0,31.0,,,,True,True,False,True,football|NFL|2000-11-05|OAK|KC
nflverse,football,NFL,2000-11-05,SEA,SD,17.0,15.0,,,,True,True,False,True,football|NFL|2000-11-05|SEA|SD
nflverse,football,NFL,2000-11-05,STL,CAR,24.0,27.0,,,,True,True,False,True,football|NFL|2000-11-05|STL|CAR
nflverse,football,NFL,2000-11-06,GB,MIN,26.0,20.0,,,,True,True,False,True,football|NFL|2000-11-06|GB|MIN
nflverse,football,NFL,2000-11-12,BUF,CHI,20.0,3.0,,,,True,True,False,True,football|NFL|2000-11-12|BUF|CHI
nflverse,football,NFL,2000-11-12,CAR,NO,10.0,20.0,,,,True,True,False,True,football|NFL|2000-11-12|CAR|NO
nflverse,football,NFL,2000-11-12,DAL,CIN,23.0,6.0,,,,True,True,False,True,football|NFL|2000-11-12|DAL|CIN
nflverse,football,NFL,2000-11-12,DET,ATL,13.0,10.0,,,,True,True,False,True,football|NFL|2000-11-12|DET|ATL
nflverse,football,NFL,2000-11-12,JAX,SEA,21.0,28.0,,,,True,True,False,True,football|NFL|2000-11-12|JAX|SEA
nflverse,football,NFL,2000-11-12,MIN,ARI,31.0,14.0,,,,True,True,False,True,football|NFL|2000-11-12|MIN|ARI
nflverse,football,NFL,2000-11-12,PIT,PHI,23.0,26.0,,,,True,True,False,True,football|NFL|2000-11-12|PIT|PHI
nflverse,football,NFL,2000-11-12,TEN,BAL,23.0,24.0,,,,True,True,False,True,football|NFL|2000-11-12|TEN|BAL
nflverse,football,NFL,2000-11-12,CLE,NE,19.0,11.0,,,,True,True,False,True,football|NFL|2000-11-12|CLE|NE
nflverse,football,NFL,2000-11-12,SD,MIA,7.0,17.0,,,,True,True,False,True,football|NFL|2000-11-12|SD|MIA
nflverse,football,NFL,2000-11-12,SF,KC,21.0,7.0,,,,True,True,False,True,football|NFL|2000-11-12|SF|KC
nflverse,football,NFL,2000-11-12,NYG,STL,24.0,38.0,,,,True,True,False,True,football|NFL|2000-11-12|NYG|STL
nflverse,football,NFL,2000-11-12,TB,GB,20.0,15.0,,,,True,True,False,True,football|NFL|2000-11-12|TB|GB
nflverse,football,NFL,2000-11-12,IND,NYJ,23.0,15.0,,,,True,True,False,True,football|NFL|2000-11-12|IND|NYJ
nflverse,football,NFL,2000-11-13,DEN,OAK,27.0,24.0,,,,True,True,False,True,football|NFL|2000-11-13|DEN|OAK
nflverse,football,NFL,2000-11-19,CHI,TB,13.0,10.0,,,,True,True,False,True,football|NFL|2000-11-19|CHI|TB
nflverse,football,NFL,2000-11-19,GB,IND,26.0,24.0,,,,True,True,False,True,football|NFL|2000-11-19|GB|IND
nflverse,football,NFL,2000-11-19,KC,BUF,17.0,21.0,,,,True,True,False,True,football|NFL|2000-11-19|KC|BUF
nflverse,football,NFL,2000-11-19,MIN,CAR,31.0,17.0,,,,True,True,False,True,football|NFL|2000-11-19|MIN|CAR
nflverse,football,NFL,2000-11-19,NE,CIN,16.0,13.0,,,,True,True,False,True,football|NFL|2000-11-19|NE|CIN
nflverse,football,NFL,2000-11-19,NO,OAK,22.0,31.0,,,,True,True,False,True,football|NFL|2000-11-19|NO|OAK
nflverse,football,NFL,2000-11-19,NYG,DET,21.0,31.0,,,,True,True,False,True,football|NFL|2000-11-19|NYG|DET
nflverse,football,NFL,2000-11-19,PHI,ARI,34.0,9.0,,,,True,True,False,True,football|NFL|2000-11-19|PHI|ARI
nflverse,football,NFL,2000-11-19,TEN,CLE,24.0,10.0,,,,True,True,False,True,football|NFL|2000-11-19|TEN|CLE
nflverse,football,NFL,2000-11-19,DEN,SD,38.0,37.0,,,,True,True,False,True,football|NFL|2000-11-19|DEN|SD
nflverse,football,NFL,2000-11-19,MIA,NYJ,3.0,20.0,,,,True,True,False,True,football|NFL|2000-11-19|MIA|NYJ
nflverse,football,NFL,2000-11-19,BAL,DAL,27.0,0.0,,,,True,True,False,True,football|NFL|2000-11-19|BAL|DAL
nflverse,football,NFL,2000-11-19,SF,ATL,16.0,6.0,,,,True,True,False,True,football|NFL|2000-11-19|SF|ATL
nflverse,football,NFL,2000-11-19,PIT,JAX,24.0,34.0,,,,True,True,False,True,football|NFL|2000-11-19|PIT|JAX
nflverse,football,NFL,2000-11-20,STL,WAS,20.0,33.0,,,,True,True,False,True,football|NFL|2000-11-20|STL|WAS
nflverse,football,NFL,2000-11-23,DET,NE,34.0,9.0,,,,True,True,False,True,football|NFL|2000-11-23|DET|NE
nflverse,football,NFL,2000-11-23,DAL,MIN,15.0,27.0,,,,True,True,False,True,football|NFL|2000-11-23|DAL|MIN
nflverse,football,NFL,2000-11-26,BAL,CLE,44.0,7.0,,,,True,True,False,True,football|NFL|2000-11-26|BAL|CLE
nflverse,football,NFL,2000-11-26,CIN,PIT,28.0,48.0,,,,True,True,False,True,football|NFL|2000-11-26|CIN|PIT
nflverse,football,NFL,2000-11-26,NYJ,CHI,17.0,10.0,,,,True,True,False,True,football|NFL|2000-11-26|NYJ|CHI
nflverse,football,NFL,2000-11-26,STL,NO,24.0,31.0,,,,True,True,False,True,football|NFL|2000-11-26|STL|NO
nflverse,football,NFL,2000-11-26,TB,BUF,31.0,17.0,,,,True,True,False,True,football|NFL|2000-11-26|TB|BUF
nflverse,football,NFL,2000-11-26,WAS,PHI,20.0,23.0,,,,True,True,False,True,football|NFL|2000-11-26|WAS|PHI
nflverse,football,NFL,2000-11-26,OAK,ATL,41.0,14.0,,,,True,True,False,True,football|NFL|2000-11-26|OAK|ATL
nflverse,football,NFL,2000-11-26,IND,MIA,14.0,17.0,,,,True,True,False,True,football|NFL|2000-11-26|IND|MIA
nflverse,football,NFL,2000-11-26,JAX,TEN,16.0,13.0,,,,True,True,False,True,football|NFL|2000-11-26|JAX|TEN
nflverse,football,NFL,2000-11-26,SD,KC,17.0,16.0,,,,True,True,False,True,football|NFL|2000-11-26|SD|KC
nflverse,football,NFL,2000-11-26,SEA,DEN,31.0,38.0,,,,True,True,False,True,football|NFL|2000-11-26|SEA|DEN
nflverse,football,NFL,2000-11-26,ARI,NYG,7.0,31.0,,,,True,True,False,True,football|NFL|2000-11-26|ARI|NYG
nflverse,football,NFL,2000-11-27,CAR,GB,31.0,14.0,,,,True,True,False,True,football|NFL|2000-11-27|CAR|GB
nflverse,football,NFL,2000-11-30,MIN,DET,24.0,17.0,,,,True,True,False,True,football|NFL|2000-11-30|MIN|DET
nflverse,football,NFL,2000-12-03,ATL,SEA,10.0,30.0,,,,True,True,False,True,football|NFL|2000-12-03|ATL|SEA
nflverse,football,NFL,2000-12-03,BUF,MIA,6.0,33.0,,,,True,True,False,True,football|NFL|2000-12-03|BUF|MIA
nflverse,football,NFL,2000-12-03,CAR,STL,16.0,3.0,,,,True,True,False,True,football|NFL|2000-12-03|CAR|STL
nflverse,football,NFL,2000-12-03,CIN,ARI,24.0,13.0,,,,True,True,False,True,football|NFL|2000-12-03|CIN|ARI
nflverse,football,NFL,2000-12-03,NO,DEN,23.0,38.0,,,,True,True,False,True,football|NFL|2000-12-03|NO|DEN
nflverse,football,NFL,2000-12-03,PHI,TEN,13.0,15.0,,,,True,True,False,True,football|NFL|2000-12-03|PHI|TEN
nflverse,football,NFL,2000-12-03,PIT,OAK,21.0,20.0,,,,True,True,False,True,football|NFL|2000-12-03|PIT|OAK
nflverse,football,NFL,2000-12-03,TB,DAL,27.0,7.0,,,,True,True,False,True,football|NFL|2000-12-03|TB|DAL
nflverse,football,NFL,2000-12-03,WAS,NYG,7.0,9.0,,,,True,True,False,True,football|NFL|2000-12-03|WAS|NYG
nflverse,football,NFL,2000-12-03,SD,SF,17.0,45.0,,,,True,True,False,True,football|NFL|2000-12-03|SD|SF
nflverse,football,NFL,2000-12-03,JAX,CLE,48.0,0.0,,,,True,True,False,True,football|NFL|2000-12-03|JAX|CLE
nflverse,football,NFL,2000-12-03,NYJ,IND,27.0,17.0,,,,True,True,False,True,football|NFL|2000-12-03|NYJ|IND
nflverse,football,NFL,2000-12-03,CHI,GB,6.0,28.0,,,,True,True,False,True,football|NFL|2000-12-03|CHI|GB
nflverse,football,NFL,2000-12-04,NE,KC,30.0,24.0,,,,True,True,False,True,football|NFL|2000-12-04|NE|KC
nflverse,football,NFL,2000-12-10,BAL,SD,24.0,3.0,,,,True,True,False,True,football|NFL|2000-12-10|BAL|SD
nflverse,football,NFL,2000-12-10,CHI,NE,24.0,17.0,,,,True,True,False,True,football|NFL|2000-12-10|CHI|NE
nflverse,football,NFL,2000-12-10,CLE,PHI,24.0,35.0,,,,True,True,False,True,football|NFL|2000-12-10|CLE|PHI
nflverse,football,NFL,2000-12-10,GB,DET,26.0,13.0,,,,True,True,False,True,football|NFL|2000-12-10|GB|DET
nflverse,football,NFL,2000-12-10,JAX,ARI,44.0,10.0,,,,True,True,False,True,football|NFL|2000-12-10|JAX|ARI
nflverse,football,NFL,2000-12-10,KC,CAR,15.0,14.0,,,,True,True,False,True,football|NFL|2000-12-10|KC|CAR
nflverse,football,NFL,2000-12-10,MIA,TB,13.0,16.0,,,,True,True,False,True,football|NFL|2000-12-10|MIA|TB
nflverse,football,NFL,2000-12-10,NYG,PIT,30.0,10.0,,,,True,True,False,True,football|NFL|2000-12-10|NYG|PIT
nflverse,football,NFL,2000-12-10,TEN,CIN,35.0,3.0,,,,True,True,False,True,football|NFL|2000-12-10|TEN|CIN
nflverse,football,NFL,2000-12-10,DEN,SEA,31.0,24.0,,,,True,True,False,True,football|NFL|2000-12-10|DEN|SEA
nflverse,football,NFL,2000-12-10,DAL,WAS,32.0,13.0,,,,True,True,False,True,football|NFL|2000-12-10|DAL|WAS
nflverse,football,NFL,2000-12-10,SF,NO,27.0,31.0,,,,True,True,False,True,football|NFL|2000-12-10|SF|NO
nflverse,football,NFL,2000-12-10,STL,MIN,40.0,29.0,,,,True,True,False,True,football|NFL|2000-12-10|STL|MIN
nflverse,football,NFL,2000-12-10,OAK,NYJ,31.0,7.0,,,,True,True,False,True,football|NFL|2000-12-10|OAK|NYJ
nflverse,football,NFL,2000-12-11,IND,BUF,44.0,20.0,,,,True,True,False,True,football|NFL|2000-12-11|IND|BUF
nflverse,football,NFL,2000-12-16,PIT,WAS,24.0,3.0,,,,True,True,False,True,football|NFL|2000-12-16|PIT|WAS
nflverse,football,NFL,2000-12-16,SEA,OAK,27.0,24.0,,,,True,True,False,True,football|NFL|2000-12-16|SEA|OAK
nflverse,football,NFL,2000-12-17,BUF,NE,10.0,13.0,,,,True,True,False,True,football|NFL|2000-12-17|BUF|NE
nflverse,football,NFL,2000-12-17,CAR,SD,30.0,22.0,,,,True,True,False,True,football|NFL|2000-12-17|CAR|SD
nflverse,football,NFL,2000-12-17,CIN,JAX,17.0,14.0,,,,True,True,False,True,football|NFL|2000-12-17|CIN|JAX
nflverse,football,NFL,2000-12-17,CLE,TEN,0.0,24.0,,,,True,True,False,True,football|NFL|2000-12-17|CLE|TEN
nflverse,football,NFL,2000-12-17,KC,DEN,20.0,7.0,,,,True,True,False,True,football|NFL|2000-12-17|KC|DEN
nflverse,football,NFL,2000-12-17,MIN,GB,28.0,33.0,,,,True,True,False,True,football|NFL|2000-12-17|MIN|GB
nflverse,football,NFL,2000-12-17,NO,ATL,23.0,7.0,,,,True,True,False,True,football|NFL|2000-12-17|NO|ATL
nflverse,football,NFL,2000-12-17,NYJ,DET,7.0,10.0,,,,True,True,False,True,football|NFL|2000-12-17|NYJ|DET
nflverse,football,NFL,2000-12-17,SF,CHI,17.0,0.0,,,,True,True,False,True,football|NFL|2000-12-17|SF|CHI
nflverse,football,NFL,2000-12-17,ARI,BAL,7.0,13.0,,,,True,True,False,True,football|NFL|2000-12-17|ARI|BAL
nflverse,football,NFL,2000-12-17,MIA,IND,13.0,20.0,,,,True,True,False,True,football|NFL|2000-12-17|MIA|IND
nflverse,football,NFL,2000-12-17,DAL,NYG,13.0,17.0,,,,True,True,False,True,football|NFL|2000-12-17|DAL|NYG
nflverse,football,NFL,2000-12-18,TB,STL,38.0,35.0,,,,True,True,False,True,football|NFL|2000-12-18|TB|STL
nflverse,football,NFL,2000-12-23,NYG,JAX,28.0,25.0,,,,True,True,False,True,football|NFL|2000-12-23|NYG|JAX
nflverse,football,NFL,2000-12-23,DEN,SF,38.0,9.0,,,,True,True,False,True,football|NFL|2000-12-23|DEN|SF
nflverse,football,NFL,2000-12-23,SEA,BUF,23.0,42.0,,,,True,True,False,True,football|NFL|2000-12-23|SEA|BUF
nflverse,football,NFL,2000-12-24,ATL,KC,29.0,13.0,,,,True,True,False,True,football|NFL|2000-12-24|ATL|KC
nflverse,football,NFL,2000-12-24,BAL,NYJ,34.0,20.0,,,,True,True,False,True,football|NFL|2000-12-24|BAL|NYJ
nflverse,football,NFL,2000-12-24,DET,CHI,20.0,23.0,,,,True,True,False,True,football|NFL|2000-12-24|DET|CHI
nflverse,football,NFL,2000-12-24,GB,TB,17.0,14.0,,,,True,True,False,True,football|NFL|2000-12-24|GB|TB
nflverse,football,NFL,2000-12-24,NE,MIA,24.0,27.0,,,,True,True,False,True,football|NFL|2000-12-24|NE|MIA
nflverse,football,NFL,2000-12-24,NO,STL,21.0,26.0,,,,True,True,False,True,football|NFL|2000-12-24|NO|STL
nflverse,football,NFL,2000-12-24,PHI,CIN,16.0,7.0,,,,True,True,False,True,football|NFL|2000-12-24|PHI|CIN
nflverse,football,NFL,2000-12-24,WAS,ARI,20.0,3.0,,,,True,True,False,True,football|NFL|2000-12-24|WAS|ARI
nflverse,football,NFL,2000-12-24,SD,PIT,21.0,34.0,,,,True,True,False,True,football|NFL|2000-12-24|SD|PIT
nflverse,football,NFL,2000-12-24,IND,MIN,31.0,10.0,,,,True,True,False,True,football|NFL|2000-12-24|IND|MIN
nflverse,football,NFL,2000-12-24,OAK,CAR,52.0,9.0,,,,True,True,False,True,football|NFL|2000-12-24|OAK|CAR
nflverse,football,NFL,2000-12-25,TEN,DAL,31.0,0.0,,,,True,True,False,True,football|NFL|2000-12-25|TEN|DAL
nflverse,football,NFL,2000-12-30,MIA,IND,23.0,17.0,,,,True,True,False,True,football|NFL|2000-12-30|MIA|IND
nflverse,football,NFL,2000-12-30,NO,STL,31.0,28.0,,,,True,True,False,True,football|NFL|2000-12-30|NO|STL
nflverse,football,NFL,2000-12-31,BAL,DEN,21.0,3.0,,,,True,True,False,True,football|NFL|2000-12-31|BAL|DEN
nflverse,football,NFL,2000-12-31,PHI,TB,21.0,3.0,,,,True,True,False,True,football|NFL|2000-12-31|PHI|TB
nflverse,football,NFL,2001-01-06,MIN,NO,34.0,16.0,,,,True,True,False,True,football|NFL|2001-01-06|MIN|NO
nflverse,football,NFL,2001-01-06,OAK,MIA,27.0,0.0,,,,True,True,False,True,football|NFL|2001-01-06|OAK|MIA
nflverse,football,NFL,2001-01-07,TEN,BAL,10.0,24.0,,,,True,True,False,True,football|NFL|2001-01-07|TEN|BAL
nflverse,football,NFL,2001-01-07,NYG,PHI,20.0,10.0,,,,True,True,False,True,football|NFL|2001-01-07|NYG|PHI
nflverse,football,NFL,2001-01-14,NYG,MIN,41.0,0.0,,,,True,True,False,True,football|NFL|2001-01-14|NYG|MIN
nflverse,football,NFL,2001-01-14,OAK,BAL,3.0,16.0,,,,True,True,False,True,football|NFL|2001-01-14|OAK|BAL
nflverse,football,NFL,2001-01-28,NYG,BAL,7.0,34.0,,,,True,True,False,True,football|NFL|2001-01-28|NYG|BAL
nflverse,football,NFL,2001-09-09,BAL,CHI,17.0,6.0,,,,True,True,False,True,football|NFL|2001-09-09|BAL|CHI
nflverse,football,NFL,2001-09-09,BUF,NO,6.0,24.0,,,,True,True,False,True,football|NFL|2001-09-09|BUF|NO
nflverse,football,NFL,2001-09-09,CIN,NE,23.0,17.0,,,,True,True,False,True,football|NFL|2001-09-09|CIN|NE
nflverse,football,NFL,2001-09-09,CLE,SEA,6.0,9.0,,,,True,True,False,True,football|NFL|2001-09-09|CLE|SEA
nflverse,football,NFL,2001-09-09,DAL,TB,6.0,10.0,,,,True,True,False,True,football|NFL|2001-09-09|DAL|TB
nflverse,football,NFL,2001-09-09,GB,DET,28.0,6.0,,,,True,True,False,True,football|NFL|2001-09-09|GB|DET
nflverse,football,NFL,2001-09-09,JAX,PIT,21.0,3.0,,,,True,True,False,True,football|NFL|2001-09-09|JAX|PIT
nflverse,football,NFL,2001-09-09,KC,OAK,24.0,27.0,,,,True,True,False,True,football|NFL|2001-09-09|KC|OAK
nflverse,football,NFL,2001-09-09,MIN,CAR,13.0,24.0,,,,True,True,False,True,football|NFL|2001-09-09|MIN|CAR
nflverse,football,NFL,2001-09-09,NYJ,IND,24.0,45.0,,,,True,True,False,True,football|NFL|2001-09-09|NYJ|IND
nflverse,football,NFL,2001-09-09,PHI,STL,17.0,20.0,,,,True,True,False,True,football|NFL|2001-09-09|PHI|STL
nflverse,football,NFL,2001-09-09,SD,WAS,30.0,3.0,,,,True,True,False,True,football|NFL|2001-09-09|SD|WAS
nflverse,football,NFL,2001-09-09,SF,ATL,16.0,13.0,,,,True,True,False,True,football|NFL|2001-09-09|SF|ATL
nflverse,football,NFL,2001-09-09,TEN,MIA,23.0,31.0,,,,True,True,False,True,football|NFL|2001-09-09|TEN|MIA
nflverse,football,NFL,2001-09-10,DEN,NYG,31.0,20.0,,,,True,True,False,True,football|NFL|2001-09-10|DEN|NYG
nflverse,football,NFL,2001-09-23,ATL,CAR,24.0,16.0,,,,True,True,False,True,football|NFL|2001-09-23|ATL|CAR
nflverse,football,NFL,2001-09-23,CHI,MIN,17.0,10.0,,,,True,True,False,True,football|NFL|2001-09-23|CHI|MIN
nflverse,football,NFL,2001-09-23,CIN,BAL,21.0,10.0,,,,True,True,False,True,football|NFL|2001-09-23|CIN|BAL
nflverse,football,NFL,2001-09-23,CLE,DET,24.0,14.0,,,,True,True,False,True,football|NFL|2001-09-23|CLE|DET
nflverse,football,NFL,2001-09-23,DAL,SD,21.0,32.0,,,,True,True,False,True,football|NFL|2001-09-23|DAL|SD
nflverse,football,NFL,2001-09-23,IND,BUF,42.0,26.0,,,,True,True,False,True,football|NFL|2001-09-23|IND|BUF
nflverse,football,NFL,2001-09-23,JAX,TEN,13.0,6.0,,,,True,True,False,True,football|NFL|2001-09-23|JAX|TEN
nflverse,football,NFL,2001-09-23,KC,NYG,3.0,13.0,,,,True,True,False,True,football|NFL|2001-09-23|KC|NYG
nflverse,football,NFL,2001-09-23,MIA,OAK,18.0,15.0,,,,True,True,False,True,football|NFL|2001-09-23|MIA|OAK
nflverse,football,NFL,2001-09-23,NE,NYJ,3.0,10.0,,,,True,True,False,True,football|NFL|2001-09-23|NE|NYJ
nflverse,football,NFL,2001-09-23,SEA,PHI,3.0,27.0,,,,True,True,False,True,football|NFL|2001-09-23|SEA|PHI
nflverse,football,NFL,2001-09-23,SF,STL,26.0,30.0,,,,True,True,False,True,football|NFL|2001-09-23|SF|STL
nflverse,football,NFL,2001-09-23,ARI,DEN,17.0,38.0,,,,True,True,False,True,football|NFL|2001-09-23|ARI|DEN
nflverse,football,NFL,2001-09-24,GB,WAS,37.0,0.0,,,,True,True,False,True,football|NFL|2001-09-24|GB|WAS
nflverse,football,NFL,2001-09-30,BUF,PIT,3.0,20.0,,,,True,True,False,True,football|NFL|2001-09-30|BUF|PIT
nflverse,football,NFL,2001-09-30,CAR,GB,7.0,28.0,,,,True,True,False,True,football|NFL|2001-09-30|CAR|GB
nflverse,football,NFL,2001-09-30,MIN,TB,20.0,16.0,,,,True,True,False,True,football|NFL|2001-09-30|MIN|TB
nflverse,football,NFL,2001-09-30,NE,IND,44.0,13.0,,,,True,True,False,True,football|NFL|2001-09-30|NE|IND
nflverse,football,NFL,2001-09-30,NYG,NO,21.0,13.0,,,,True,True,False,True,football|NFL|2001-09-30|NYG|NO
nflverse,football,NFL,2001-09-30,STL,MIA,42.0,10.0,,,,True,True,False,True,football|NFL|2001-09-30|STL|MIA
nflverse,football,NFL,2001-09-30,WAS,KC,13.0,45.0,,,,True,True,False,True,football|NFL|2001-09-30|WAS|KC
nflverse,football,NFL,2001-09-30,ARI,ATL,14.0,34.0,,,,True,True,False,True,football|NFL|2001-09-30|ARI|ATL
nflverse,football,NFL,2001-09-30,DEN,BAL,13.0,20.0,,,,True,True,False,True,football|NFL|2001-09-30|DEN|BAL
nflverse,football,NFL,2001-09-30,JAX,CLE,14.0,23.0,,,,True,True,False,True,football|NFL|2001-09-30|JAX|CLE
nflverse,football,NFL,2001-09-30,OAK,SEA,38.0,14.0,,,,True,True,False,True,football|NFL|2001-09-30|OAK|SEA
nflverse,football,NFL,2001-09-30,SD,CIN,28.0,14.0,,,,True,True,False,True,football|NFL|2001-09-30|SD|CIN
nflverse,football,NFL,2001-09-30,PHI,DAL,40.0,18.0,,,,True,True,False,True,football|NFL|2001-09-30|PHI|DAL
nflverse,football,NFL,2001-10-01,NYJ,SF,17.0,19.0,,,,True,True,False,True,football|NFL|2001-10-01|NYJ|SF
nflverse,football,NFL,2001-10-07,ATL,CHI,3.0,31.0,,,,True,True,False,True,football|NFL|2001-10-07|ATL|CHI
nflverse,football,NFL,2001-10-07,BAL,TEN,26.0,7.0,,,,True,True,False,True,football|NFL|2001-10-07|BAL|TEN
nflverse,football,NFL,2001-10-07,CLE,SD,20.0,16.0,,,,True,True,False,True,football|NFL|2001-10-07|CLE|SD
nflverse,football,NFL,2001-10-07,MIA,NE,30.0,10.0,,,,True,True,False,True,football|NFL|2001-10-07|MIA|NE
nflverse,football,NFL,2001-10-07,NO,MIN,28.0,15.0,,,,True,True,False,True,football|NFL|2001-10-07|NO|MIN
nflverse,football,NFL,2001-10-07,NYG,WAS,23.0,9.0,,,,True,True,False,True,football|NFL|2001-10-07|NYG|WAS
nflverse,football,NFL,2001-10-07,PHI,ARI,20.0,21.0,,,,True,True,False,True,football|NFL|2001-10-07|PHI|ARI
nflverse,football,NFL,2001-10-07,PIT,CIN,16.0,7.0,,,,True,True,False,True,football|NFL|2001-10-07|PIT|CIN
nflverse,football,NFL,2001-10-07,BUF,NYJ,36.0,42.0,,,,True,True,False,True,football|NFL|2001-10-07|BUF|NYJ
nflverse,football,NFL,2001-10-07,DEN,KC,20.0,6.0,,,,True,True,False,True,football|NFL|2001-10-07|DEN|KC
nflverse,football,NFL,2001-10-07,SEA,JAX,24.0,15.0,,,,True,True,False,True,football|NFL|2001-10-07|SEA|JAX
nflverse,football,NFL,2001-10-07,OAK,DAL,28.0,21.0,,,,True,True,False,True,football|NFL|2001-10-07|OAK|DAL
nflverse,football,NFL,2001-10-07,TB,GB,14.0,10.0,,,,True,True,False,True,football|NFL|2001-10-07|TB|GB
nflverse,football,NFL,2001-10-07,SF,CAR,24.0,14.0,,,,True,True,False,True,football|NFL|2001-10-07|SF|CAR
nflverse,football,NFL,2001-10-08,DET,STL,0.0,35.0,,,,True,True,False,True,football|NFL|2001-10-08|DET|STL
nflverse,football,NFL,2001-10-14,ATL,SF,31.0,37.0,,,,True,True,False,True,football|NFL|2001-10-14|ATL|SF
nflverse,football,NFL,2001-10-14,CAR,NO,25.0,27.0,,,,True,True,False,True,football|NFL|2001-10-14|CAR|NO
nflverse,football,NFL,2001-10-14,CHI,ARI,20.0,13.0,,,,True,True,False,True,football|NFL|2001-10-14|CHI|ARI
nflverse,football,NFL,2001-10-14,CIN,CLE,24.0,14.0,,,,True,True,False,True,football|NFL|2001-10-14|CIN|CLE
nflverse,football,NFL,2001-10-14,GB,BAL,31.0,23.0,,,,True,True,False,True,football|NFL|2001-10-14|GB|BAL
nflverse,football,NFL,2001-10-14,KC,PIT,17.0,20.0,,,,True,True,False,True,football|NFL|2001-10-14|KC|PIT
nflverse,football,NFL,2001-10-14,MIN,DET,31.0,26.0,,,,True,True,False,True,football|NFL|2001-10-14|MIN|DET
nflverse,football,NFL,2001-10-14,NE,SD,29.0,26.0,,,,True,True,False,True,football|NFL|2001-10-14|NE|SD
nflverse,football,NFL,2001-10-14,STL,NYG,15.0,14.0,,,,True,True,False,True,football|NFL|2001-10-14|STL|NYG
nflverse,football,NFL,2001-10-14,TEN,TB,31.0,28.0,,,,True,True,False,True,football|NFL|2001-10-14|TEN|TB
nflverse,football,NFL,2001-10-14,NYJ,MIA,21.0,17.0,,,,True,True,False,True,football|NFL|2001-10-14|NYJ|MIA
nflverse,football,NFL,2001-10-14,SEA,DEN,34.0,21.0,,,,True,True,False,True,football|NFL|2001-10-14|SEA|DEN
nflverse,football,NFL,2001-10-14,IND,OAK,18.0,23.0,,,,True,True,False,True,football|NFL|2001-10-14|IND|OAK
nflverse,football,NFL,2001-10-15,DAL,WAS,9.0,7.0,,,,True,True,False,True,football|NFL|2001-10-15|DAL|WAS
nflverse,football,NFL,2001-10-18,JAX,BUF,10.0,13.0,,,,True,True,False,True,football|NFL|2001-10-18|JAX|BUF
nflverse,football,NFL,2001-10-21,CIN,CHI,0.0,24.0,,,,True,True,False,True,football|NFL|2001-10-21|CIN|CHI
nflverse,football,NFL,2001-10-21,CLE,BAL,24.0,14.0,,,,True,True,False,True,football|NFL|2001-10-21|CLE|BAL
nflverse,football,NFL,2001-10-21,DET,TEN,24.0,27.0,,,,True,True,False,True,football|NFL|2001-10-21|DET|TEN
nflverse,football,NFL,2001-10-21,IND,NE,17.0,38.0,,,,True,True,False,True,football|NFL|2001-10-21|IND|NE
nflverse,football,NFL,2001-10-21,NO,ATL,13.0,20.0,,,,True,True,False,True,football|NFL|2001-10-21|NO|ATL
nflverse,football,NFL,2001-10-21,NYJ,STL,14.0,34.0,,,,True,True,False,True,football|NFL|2001-10-21|NYJ|STL
nflverse,football,NFL,2001-10-21,TB,PIT,10.0,17.0,,,,True,True,False,True,football|NFL|2001-10-21|TB|PIT
nflverse,football,NFL,2001-10-21,WAS,CAR,17.0,14.0,,,,True,True,False,True,football|NFL|2001-10-21|WAS|CAR
nflverse,football,NFL,2001-10-21,ARI,KC,24.0,16.0,,,,True,True,False,True,football|NFL|2001-10-21|ARI|KC
nflverse,football,NFL,2001-10-21,SD,DEN,27.0,10.0,,,,True,True,False,True,football|NFL|2001-10-21|SD|DEN
nflverse,football,NFL,2001-10-21,MIN,GB,35.0,13.0,,,,True,True,False,True,football|NFL|2001-10-21|MIN|GB
nflverse,football,NFL,2001-10-22,NYG,PHI,9.0,10.0,,,,True,True,False,True,football|NFL|2001-10-22|NYG|PHI
nflverse,football,NFL,2001-10-25,KC,IND,28.0,35.0,,,,True,True,False,True,football|NFL|2001-10-25|KC|IND
nflverse,football,NFL,2001-10-28,BAL,JAX,18.0,17.0,,,,True,True,False,True,football|NFL|2001-10-28|BAL|JAX
nflverse,football,NFL,2001-10-28,CAR,NYJ,12.0,13.0,,,,True,True,False,True,football|NFL|2001-10-28|CAR|NYJ
nflverse,football,NFL,2001-10-28,CHI,SF,37.0,31.0,,,,True,True,False,True,football|NFL|2001-10-28|CHI|SF
nflverse,football,NFL,2001-10-28,DET,CIN,27.0,31.0,,,,True,True,False,True,football|NFL|2001-10-28|DET|CIN
nflverse,football,NFL,2001-10-28,STL,NO,31.0,34.0,,,,True,True,False,True,football|NFL|2001-10-28|STL|NO
nflverse,football,NFL,2001-10-28,TB,MIN,41.0,14.0,,,,True,True,False,True,football|NFL|2001-10-28|TB|MIN
nflverse,football,NFL,2001-10-28,DAL,ARI,17.0,3.0,,,,True,True,False,True,football|NFL|2001-10-28|DAL|ARI
nflverse,football,NFL,2001-10-28,WAS,NYG,35.0,21.0,,,,True,True,False,True,football|NFL|2001-10-28|WAS|NYG
nflverse,football,NFL,2001-10-28,DEN,NE,31.0,20.0,,,,True,True,False,True,football|NFL|2001-10-28|DEN|NE
nflverse,football,NFL,2001-10-28,PHI,OAK,10.0,20.0,,,,True,True,False,True,football|NFL|2001-10-28|PHI|OAK
nflverse,football,NFL,2001-10-28,SD,BUF,27.0,24.0,,,,True,True,False,True,football|NFL|2001-10-28|SD|BUF
nflverse,football,NFL,2001-10-28,SEA,MIA,20.0,24.0,,,,True,True,False,True,football|NFL|2001-10-28|SEA|MIA
nflverse,football,NFL,2001-10-29,PIT,TEN,34.0,7.0,,,,True,True,False,True,football|NFL|2001-10-29|PIT|TEN
nflverse,football,NFL,2001-11-04,ATL,NE,10.0,24.0,,,,True,True,False,True,football|NFL|2001-11-04|ATL|NE
nflverse,football,NFL,2001-11-04,BUF,IND,14.0,30.0,,,,True,True,False,True,football|NFL|2001-11-04|BUF|IND
nflverse,football,NFL,2001-11-04,GB,TB,21.0,20.0,,,,True,True,False,True,football|NFL|2001-11-04|GB|TB
nflverse,football,NFL,2001-11-04,MIA,CAR,23.0,6.0,,,,True,True,False,True,football|NFL|2001-11-04|MIA|CAR
nflverse,football,NFL,2001-11-04,NYG,DAL,27.0,24.0,,,,True,True,False,True,football|NFL|2001-11-04|NYG|DAL
nflverse,football,NFL,2001-11-04,PIT,BAL,10.0,13.0,,,,True,True,False,True,football|NFL|2001-11-04|PIT|BAL
nflverse,football,NFL,2001-11-04,TEN,JAX,28.0,24.0,,,,True,True,False,True,football|NFL|2001-11-04|TEN|JAX
nflverse,football,NFL,2001-11-04,ARI,PHI,7.0,21.0,,,,True,True,False,True,football|NFL|2001-11-04|ARI|PHI
nflverse,football,NFL,2001-11-04,SF,DET,21.0,13.0,,,,True,True,False,True,football|NFL|2001-11-04|SF|DET
nflverse,football,NFL,2001-11-04,CHI,CLE,27.0,21.0,,,,True,True,False,True,football|NFL|2001-11-04|CHI|CLE
nflverse,football,NFL,2001-11-04,SD,KC,20.0,25.0,,,,True,True,False,True,football|NFL|2001-11-04|SD|KC
nflverse,football,NFL,2001-11-04,WAS,SEA,27.0,14.0,,,,True,True,False,True,football|NFL|2001-11-04|WAS|SEA
nflverse,football,NFL,2001-11-04,NO,NYJ,9.0,16.0,,,,True,True,False,True,football|NFL|2001-11-04|NO|NYJ
nflverse,football,NFL,2001-11-05,OAK,DEN,38.0,28.0,,,,True,True,False,True,football|NFL|2001-11-05|OAK|DEN
nflverse,football,NFL,2001-11-11,ATL,DAL,20.0,13.0,,,,True,True,False,True,football|NFL|2001-11-11|ATL|DAL
nflverse,football,NFL,2001-11-11,CHI,GB,12.0,20.0,,,,True,True,False,True,football|NFL|2001-11-11|CHI|GB
nflverse,football,NFL,2001-11-11,CLE,PIT,12.0,15.0,,,,True,True,False,True,football|NFL|2001-11-11|CLE|PIT
nflverse,football,NFL,2001-11-11,DET,TB,17.0,20.0,,,,True,True,False,True,football|NFL|2001-11-11|DET|TB
nflverse,football,NFL,2001-11-11,IND,MIA,24.0,27.0,,,,True,True,False,True,football|NFL|2001-11-11|IND|MIA
nflverse,football,NFL,2001-11-11,JAX,CIN,30.0,13.0,,,,True,True,False,True,football|NFL|2001-11-11|JAX|CIN
nflverse,football,NFL,2001-11-11,NE,BUF,21.0,11.0,,,,True,True,False,True,football|NFL|2001-11-11|NE|BUF
nflverse,football,NFL,2001-11-11,NYJ,KC,27.0,7.0,,,,True,True,False,True,football|NFL|2001-11-11|NYJ|KC
nflverse,football,NFL,2001-11-11,STL,CAR,48.0,14.0,,,,True,True,False,True,football|NFL|2001-11-11|STL|CAR
nflverse,football,NFL,2001-11-11,DEN,SD,26.0,16.0,,,,True,True,False,True,football|NFL|2001-11-11|DEN|SD
nflverse,football,NFL,2001-11-11,ARI,NYG,10.0,17.0,,,,True,True,False,True,football|NFL|2001-11-11|ARI|NYG
nflverse,football,NFL,2001-11-11,PHI,MIN,48.0,17.0,,,,True,True,False,True,football|NFL|2001-11-11|PHI|MIN
nflverse,football,NFL,2001-11-11,SF,NO,28.0,27.0,,,,True,True,False,True,football|NFL|2001-11-11|SF|NO
nflverse,football,NFL,2001-11-11,SEA,OAK,34.0,27.0,,,,True,True,False,True,football|NFL|2001-11-11|SEA|OAK
nflverse,football,NFL,2001-11-12,TEN,BAL,10.0,16.0,,,,True,True,False,True,football|NFL|2001-11-12|TEN|BAL
nflverse,football,NFL,2001-11-18,BAL,CLE,17.0,27.0,,,,True,True,False,True,football|NFL|2001-11-18|BAL|CLE
nflverse,football,NFL,2001-11-18,BUF,SEA,20.0,23.0,,,,True,True,False,True,football|NFL|2001-11-18|BUF|SEA
nflverse,football,NFL,2001-11-18,CAR,SF,22.0,25.0,,,,True,True,False,True,football|NFL|2001-11-18|CAR|SF
nflverse,football,NFL,2001-11-18,CIN,TEN,7.0,20.0,,,,True,True,False,True,football|NFL|2001-11-18|CIN|TEN
nflverse,football,NFL,2001-11-18,DAL,PHI,3.0,36.0,,,,True,True,False,True,football|NFL|2001-11-18|DAL|PHI
nflverse,football,NFL,2001-11-18,GB,ATL,20.0,23.0,,,,True,True,False,True,football|NFL|2001-11-18|GB|ATL
nflverse,football,NFL,2001-11-18,MIA,NYJ,0.0,24.0,,,,True,True,False,True,football|NFL|2001-11-18|MIA|NYJ
nflverse,football,NFL,2001-11-18,NO,IND,34.0,20.0,,,,True,True,False,True,football|NFL|2001-11-18|NO|IND
nflverse,football,NFL,2001-11-18,OAK,SD,34.0,24.0,,,,True,True,False,True,football|NFL|2001-11-18|OAK|SD
nflverse,football,NFL,2001-11-18,PIT,JAX,20.0,7.0,,,,True,True,False,True,football|NFL|2001-11-18|PIT|JAX
nflverse,football,NFL,2001-11-18,ARI,DET,45.0,38.0,,,,True,True,False,True,football|NFL|2001-11-18|ARI|DET
nflverse,football,NFL,2001-11-18,DEN,WAS,10.0,17.0,,,,True,True,False,True,football|NFL|2001-11-18|DEN|WAS
nflverse,football,NFL,2001-11-18,TB,CHI,24.0,27.0,,,,True,True,False,True,football|NFL|2001-11-18|TB|CHI
nflverse,football,NFL,2001-11-18,NE,STL,17.0,24.0,,,,True,True,False,True,football|NFL|2001-11-18|NE|STL
nflverse,football,NFL,2001-11-19,MIN,NYG,28.0,16.0,,,,True,True,False,True,football|NFL|2001-11-19|MIN|NYG
nflverse,football,NFL,2001-11-22,DET,GB,27.0,29.0,,,,True,True,False,True,football|NFL|2001-11-22|DET|GB
nflverse,football,NFL,2001-11-22,DAL,DEN,24.0,26.0,,,,True,True,False,True,football|NFL|2001-11-22|DAL|DEN
nflverse,football,NFL,2001-11-25,BUF,MIA,27.0,34.0,,,,True,True,False,True,football|NFL|2001-11-25|BUF|MIA
nflverse,football,NFL,2001-11-25,CAR,ATL,7.0,10.0,,,,True,True,False,True,football|NFL|2001-11-25|CAR|ATL
nflverse,football,NFL,2001-11-25,CLE,CIN,18.0,0.0,,,,True,True,False,True,football|NFL|2001-11-25|CLE|CIN
nflverse,football,NFL,2001-11-25,IND,SF,21.0,40.0,,,,True,True,False,True,football|NFL|2001-11-25|IND|SF
nflverse,football,NFL,2001-11-25,JAX,BAL,21.0,24.0,,,,True,True,False,True,football|NFL|2001-11-25|JAX|BAL
nflverse,football,NFL,2001-11-25,KC,SEA,19.0,7.0,,,,True,True,False,True,football|NFL|2001-11-25|KC|SEA
nflverse,football,NFL,2001-11-25,PHI,WAS,3.0,13.0,,,,True,True,False,True,football|NFL|2001-11-25|PHI|WAS
nflverse,football,NFL,2001-11-25,TEN,PIT,24.0,34.0,,,,True,True,False,True,football|NFL|2001-11-25|TEN|PIT
nflverse,football,NFL,2001-11-25,NE,NO,34.0,17.0,,,,True,True,False,True,football|NFL|2001-11-25|NE|NO
nflverse,football,NFL,2001-11-25,SD,ARI,17.0,20.0,,,,True,True,False,True,football|NFL|2001-11-25|SD|ARI
nflverse,football,NFL,2001-11-25,NYG,OAK,10.0,28.0,,,,True,True,False,True,football|NFL|2001-11-25|NYG|OAK
nflverse,football,NFL,2001-11-25,MIN,CHI,6.0,13.0,,,,True,True,False,True,football|NFL|2001-11-25|MIN|CHI
nflverse,football,NFL,2001-11-26,STL,TB,17.0,24.0,,,,True,True,False,True,football|NFL|2001-11-26|STL|TB
nflverse,football,NFL,2001-11-29,KC,PHI,10.0,23.0,,,,True,True,False,True,football|NFL|2001-11-29|KC|PHI
nflverse,football,NFL,2001-12-02,BAL,IND,39.0,27.0,,,,True,True,False,True,football|NFL|2001-12-02|BAL|IND
nflverse,football,NFL,2001-12-02,CHI,DET,13.0,10.0,,,,True,True,False,True,football|NFL|2001-12-02|CHI|DET
nflverse,football,NFL,2001-12-02,CIN,TB,13.0,16.0,,,,True,True,False,True,football|NFL|2001-12-02|CIN|TB
nflverse,football,NFL,2001-12-02,CLE,TEN,15.0,31.0,,,,True,True,False,True,football|NFL|2001-12-02|CLE|TEN
nflverse,football,NFL,2001-12-02,MIA,DEN,21.0,10.0,,,,True,True,False,True,football|NFL|2001-12-02|MIA|DEN
nflverse,football,NFL,2001-12-02,NO,CAR,27.0,23.0,,,,True,True,False,True,football|NFL|2001-12-02|NO|CAR
nflverse,football,NFL,2001-12-02,NYJ,NE,16.0,17.0,,,,True,True,False,True,football|NFL|2001-12-02|NYJ|NE
nflverse,football,NFL,2001-12-02,PIT,MIN,21.0,16.0,,,,True,True,False,True,football|NFL|2001-12-02|PIT|MIN
nflverse,football,NFL,2001-12-02,SEA,SD,13.0,10.0,,,,True,True,False,True,football|NFL|2001-12-02|SEA|SD
nflverse,football,NFL,2001-12-02,ATL,STL,6.0,35.0,,,,True,True,False,True,football|NFL|2001-12-02|ATL|STL
nflverse,football,NFL,2001-12-02,OAK,ARI,31.0,34.0,,,,True,True,False,True,football|NFL|2001-12-02|OAK|ARI
nflverse,football,NFL,2001-12-02,WAS,DAL,14.0,20.0,,,,True,True,False,True,football|NFL|2001-12-02|WAS|DAL
nflverse,football,NFL,2001-12-02,SF,BUF,35.0,0.0,,,,True,True,False,True,football|NFL|2001-12-02|SF|BUF
nflverse,football,NFL,2001-12-03,JAX,GB,21.0,28.0,,,,True,True,False,True,football|NFL|2001-12-03|JAX|GB
nflverse,football,NFL,2001-12-09,ATL,NO,10.0,28.0,,,,True,True,False,True,football|NFL|2001-12-09|ATL|NO
nflverse,football,NFL,2001-12-09,BUF,CAR,25.0,24.0,,,,True,True,False,True,football|NFL|2001-12-09|BUF|CAR
nflverse,football,NFL,2001-12-09,CIN,JAX,10.0,14.0,,,,True,True,False,True,football|NFL|2001-12-09|CIN|JAX
nflverse,football,NFL,2001-12-09,DAL,NYG,20.0,13.0,,,,True,True,False,True,football|NFL|2001-12-09|DAL|NYG
nflverse,football,NFL,2001-12-09,GB,CHI,17.0,7.0,,,,True,True,False,True,football|NFL|2001-12-09|GB|CHI
nflverse,football,NFL,2001-12-09,MIN,TEN,42.0,24.0,,,,True,True,False,True,football|NFL|2001-12-09|MIN|TEN
nflverse,football,NFL,2001-12-09,NE,CLE,27.0,16.0,,,,True,True,False,True,football|NFL|2001-12-09|NE|CLE
nflverse,football,NFL,2001-12-09,PHI,SD,24.0,14.0,,,,True,True,False,True,football|NFL|2001-12-09|PHI|SD
nflverse,football,NFL,2001-12-09,STL,SF,27.0,14.0,,,,True,True,False,True,football|NFL|2001-12-09|STL|SF
nflverse,football,NFL,2001-12-09,TB,DET,15.0,12.0,,,,True,True,False,True,football|NFL|2001-12-09|TB|DET
nflverse,football,NFL,2001-12-09,ARI,WAS,10.0,20.0,,,,True,True,False,True,football|NFL|2001-12-09|ARI|WAS
nflverse,football,NFL,2001-12-09,OAK,KC,28.0,26.0,,,,True,True,False,True,football|NFL|2001-12-09|OAK|KC
nflverse,football,NFL,2001-12-09,PIT,NYJ,18.0,7.0,,,,True,True,False,True,football|NFL|2001-12-09|PIT|NYJ
nflverse,football,NFL,2001-12-09,DEN,SEA,20.0,7.0,,,,True,True,False,True,football|NFL|2001-12-09|DEN|SEA
nflverse,football,NFL,2001-12-10,MIA,IND,41.0,6.0,,,,True,True,False,True,football|NFL|2001-12-10|MIA|IND
nflverse,football,NFL,2001-12-15,NYG,ARI,17.0,13.0,,,,True,True,False,True,football|NFL|2001-12-15|NYG|ARI
nflverse,football,NFL,2001-12-15,SD,OAK,6.0,13.0,,,,True,True,False,True,football|NFL|2001-12-15|SD|OAK
nflverse,football,NFL,2001-12-16,BUF,NE,9.0,12.0,,,,True,True,False,True,football|NFL|2001-12-16|BUF|NE
nflverse,football,NFL,2001-12-16,CHI,TB,27.0,3.0,,,,True,True,False,True,football|NFL|2001-12-16|CHI|TB
nflverse,football,NFL,2001-12-16,CLE,JAX,10.0,15.0,,,,True,True,False,True,football|NFL|2001-12-16|CLE|JAX
nflverse,football,NFL,2001-12-16,DET,MIN,27.0,24.0,,,,True,True,False,True,football|NFL|2001-12-16|DET|MIN
nflverse,football,NFL,2001-12-16,IND,ATL,41.0,27.0,,,,True,True,False,True,football|NFL|2001-12-16|IND|ATL
nflverse,football,NFL,2001-12-16,KC,DEN,26.0,23.0,,,,True,True,False,True,football|NFL|2001-12-16|KC|DEN
nflverse,football,NFL,2001-12-16,NYJ,CIN,15.0,14.0,,,,True,True,False,True,football|NFL|2001-12-16|NYJ|CIN
nflverse,football,NFL,2001-12-16,WAS,PHI,6.0,20.0,,,,True,True,False,True,football|NFL|2001-12-16|WAS|PHI
nflverse,football,NFL,2001-12-16,SF,MIA,21.0,0.0,,,,True,True,False,True,football|NFL|2001-12-16|SF|MIA
nflverse,football,NFL,2001-12-16,SEA,DAL,29.0,3.0,,,,True,True,False,True,football|NFL|2001-12-16|SEA|DAL
nflverse,football,NFL,2001-12-16,TEN,GB,26.0,20.0,,,,True,True,False,True,football|NFL|2001-12-16|TEN|GB
nflverse,football,NFL,2001-12-16,BAL,PIT,21.0,26.0,,,,True,True,False,True,football|NFL|2001-12-16|BAL|PIT
nflverse,football,NFL,2001-12-17,NO,STL,21.0,34.0,,,,True,True,False,True,football|NFL|2001-12-17|NO|STL
nflverse,football,NFL,2001-12-22,OAK,TEN,10.0,13.0,,,,True,True,False,True,football|NFL|2001-12-22|OAK|TEN
nflverse,football,NFL,2001-12-22,NE,MIA,20.0,13.0,,,,True,True,False,True,football|NFL|2001-12-22|NE|MIA
nflverse,football,NFL,2001-12-22,SF,PHI,13.0,3.0,,,,True,True,False,True,football|NFL|2001-12-22|SF|PHI
nflverse,football,NFL,2001-12-23,ATL,BUF,33.0,30.0,,,,True,True,False,True,football|NFL|2001-12-23|ATL|BUF
nflverse,football,NFL,2001-12-23,BAL,CIN,16.0,0.0,,,,True,True,False,True,football|NFL|2001-12-23|BAL|CIN
nflverse,football,NFL,2001-12-23,CAR,STL,32.0,38.0,,,,True,True,False,True,football|NFL|2001-12-23|CAR|STL
nflverse,football,NFL,2001-12-23,KC,SD,20.0,17.0,,,,True,True,False,True,football|NFL|2001-12-23|KC|SD
nflverse,football,NFL,2001-12-23,MIN,JAX,3.0,33.0,,,,True,True,False,True,football|NFL|2001-12-23|MIN|JAX
nflverse,football,NFL,2001-12-23,NYG,SEA,27.0,24.0,,,,True,True,False,True,football|NFL|2001-12-23|NYG|SEA
nflverse,football,NFL,2001-12-23,PIT,DET,47.0,14.0,,,,True,True,False,True,football|NFL|2001-12-23|PIT|DET
nflverse,football,NFL,2001-12-23,TB,NO,48.0,21.0,,,,True,True,False,True,football|NFL|2001-12-23|TB|NO
nflverse,football,NFL,2001-12-23,WAS,CHI,15.0,20.0,,,,True,True,False,True,football|NFL|2001-12-23|WAS|CHI
nflverse,football,NFL,2001-12-23,ARI,DAL,17.0,10.0,,,,True,True,False,True,football|NFL|2001-12-23|ARI|DAL
nflverse,football,NFL,2001-12-23,GB,CLE,30.0,7.0,,,,True,True,False,True,football|NFL|2001-12-23|GB|CLE
nflverse,football,NFL,2001-12-23,IND,NYJ,28.0,29.0,,,,True,True,False,True,football|NFL|2001-12-23|IND|NYJ
nflverse,football,NFL,2001-12-29,TB,BAL,22.0,10.0,,,,True,True,False,True,football|NFL|2001-12-29|TB|BAL
nflverse,football,NFL,2001-12-30,CAR,ARI,7.0,30.0,,,,True,True,False,True,football|NFL|2001-12-30|CAR|ARI
nflverse,football,NFL,2001-12-30,CIN,PIT,26.0,23.0,,,,True,True,False,True,football|NFL|2001-12-30|CIN|PIT
nflverse,football,NFL,2001-12-30,DAL,SF,27.0,21.0,,,,True,True,False,True,football|NFL|2001-12-30|DAL|SF
nflverse,football,NFL,2001-12-30,DET,CHI,0.0,24.0,,,,True,True,False,True,football|NFL|2001-12-30|DET|CHI
nflverse,football,NFL,2001-12-30,GB,MIN,24.0,13.0,,,,True,True,False,True,football|NFL|2001-12-30|GB|MIN
nflverse,football,NFL,2001-12-30,JAX,KC,26.0,30.0,,,,True,True,False,True,football|NFL|2001-12-30|JAX|KC
nflverse,football,NFL,2001-12-30,MIA,ATL,21.0,14.0,,,,True,True,False,True,football|NFL|2001-12-30|MIA|ATL
nflverse,football,NFL,2001-12-30,NYJ,BUF,9.0,14.0,,,,True,True,False,True,football|NFL|2001-12-30|NYJ|BUF
nflverse,football,NFL,2001-12-30,STL,IND,42.0,17.0,,,,True,True,False,True,football|NFL|2001-12-30|STL|IND
nflverse,football,NFL,2001-12-30,TEN,CLE,38.0,41.0,,,,True,True,False,True,football|NFL|2001-12-30|TEN|CLE
nflverse,football,NFL,2001-12-30,PHI,NYG,24.0,21.0,,,,True,True,False,True,football|NFL|2001-12-30|PHI|NYG
nflverse,football,NFL,2001-12-30,DEN,OAK,23.0,17.0,,,,True,True,False,True,football|NFL|2001-12-30|DEN|OAK
nflverse,football,NFL,2001-12-30,SD,SEA,22.0,25.0,,,,True,True,False,True,football|NFL|2001-12-30|SD|SEA
nflverse,football,NFL,2001-12-30,NO,WAS,10.0,40.0,,,,True,True,False,True,football|NFL|2001-12-30|NO|WAS
nflverse,football,NFL,2002-01-06,IND,DEN,29.0,10.0,,,,True,True,False,True,football|NFL|2002-01-06|IND|DEN
nflverse,football,NFL,2002-01-06,CAR,NE,6.0,38.0,,,,True,True,False,True,football|NFL|2002-01-06|CAR|NE
nflverse,football,NFL,2002-01-06,CHI,JAX,33.0,13.0,,,,True,True,False,True,football|NFL|2002-01-06|CHI|JAX
nflverse,football,NFL,2002-01-06,DET,DAL,15.0,10.0,,,,True,True,False,True,football|NFL|2002-01-06|DET|DAL
nflverse,football,NFL,2002-01-06,NO,SF,0.0,38.0,,,,True,True,False,True,football|NFL|2002-01-06|NO|SF
nflverse,football,NFL,2002-01-06,NYG,GB,25.0,34.0,,,,True,True,False,True,football|NFL|2002-01-06|NYG|GB
nflverse,football,NFL,2002-01-06,PIT,CLE,28.0,7.0,,,,True,True,False,True,football|NFL|2002-01-06|PIT|CLE
nflverse,football,NFL,2002-01-06,TEN,CIN,21.0,23.0,,,,True,True,False,True,football|NFL|2002-01-06|TEN|CIN
nflverse,football,NFL,2002-01-06,WAS,ARI,20.0,17.0,,,,True,True,False,True,football|NFL|2002-01-06|WAS|ARI
nflverse,football,NFL,2002-01-06,STL,ATL,31.0,13.0,,,,True,True,False,True,football|NFL|2002-01-06|STL|ATL
nflverse,football,NFL,2002-01-06,MIA,BUF,34.0,7.0,,,,True,True,False,True,football|NFL|2002-01-06|MIA|BUF
nflverse,football,NFL,2002-01-06,OAK,NYJ,22.0,24.0,,,,True,True,False,True,football|NFL|2002-01-06|OAK|NYJ
nflverse,football,NFL,2002-01-06,SEA,KC,21.0,18.0,,,,True,True,False,True,football|NFL|2002-01-06|SEA|KC
nflverse,football,NFL,2002-01-06,TB,PHI,13.0,17.0,,,,True,True,False,True,football|NFL|2002-01-06|TB|PHI
nflverse,football,NFL,2002-01-07,BAL,MIN,19.0,3.0,,,,True,True,False,True,football|NFL|2002-01-07|BAL|MIN
nflverse,football,NFL,2002-01-12,PHI,TB,31.0,9.0,,,,True,True,False,True,football|NFL|2002-01-12|PHI|TB
nflverse,football,NFL,2002-01-12,OAK,NYJ,38.0,24.0,,,,True,True,False,True,football|NFL|2002-01-12|OAK|NYJ
nflverse,football,NFL,2002-01-13,GB,SF,25.0,15.0,,,,True,True,False,True,football|NFL|2002-01-13|GB|SF
nflverse,football,NFL,2002-01-13,MIA,BAL,3.0,20.0,,,,True,True,False,True,football|NFL|2002-01-13|MIA|BAL
nflverse,football,NFL,2002-01-19,CHI,PHI,19.0,33.0,,,,True,True,False,True,football|NFL|2002-01-19|CHI|PHI
nflverse,football,NFL,2002-01-19,NE,OAK,16.0,13.0,,,,True,True,False,True,football|NFL|2002-01-19|NE|OAK
nflverse,football,NFL,2002-01-20,PIT,BAL,27.0,10.0,,,,True,True,False,True,football|NFL|2002-01-20|PIT|BAL
nflverse,football,NFL,2002-01-20,STL,GB,45.0,17.0,,,,True,True,False,True,football|NFL|2002-01-20|STL|GB
nflverse,football,NFL,2002-01-27,PIT,NE,17.0,24.0,,,,True,True,False,True,football|NFL|2002-01-27|PIT|NE
nflverse,football,NFL,2002-01-27,STL,PHI,29.0,24.0,,,,True,True,False,True,football|NFL|2002-01-27|STL|PHI
nflverse,football,NFL,2002-02-03,NE,STL,20.0,17.0,,,,True,True,False,True,football|NFL|2002-02-03|NE|STL
nflverse,football,NFL,2002-09-05,NYG,SF,13.0,16.0,,,,True,True,False,True,football|NFL|2002-09-05|NYG|SF
nflverse,football,NFL,2002-09-08,BUF,NYJ,31.0,37.0,,,,True,True,False,True,football|NFL|2002-09-08|BUF|NYJ
nflverse,football,NFL,2002-09-08,CAR,BAL,10.0,7.0,,,,True,True,False,True,football|NFL|2002-09-08|CAR|BAL
nflverse,football,NFL,2002-09-08,CHI,MIN,27.0,23.0,,,,True,True,False,True,football|NFL|2002-09-08|CHI|MIN
nflverse,football,NFL,2002-09-08,CIN,SD,6.0,34.0,,,,True,True,False,True,football|NFL|2002-09-08|CIN|SD
nflverse,football,NFL,2002-09-08,CLE,KC,39.0,40.0,,,,True,True,False,True,football|NFL|2002-09-08|CLE|KC
nflverse,football,NFL,2002-09-08,GB,ATL,37.0,34.0,,,,True,True,False,True,football|NFL|2002-09-08|GB|ATL
nflverse,football,NFL,2002-09-08,JAX,IND,25.0,28.0,,,,True,True,False,True,football|NFL|2002-09-08|JAX|IND
nflverse,football,NFL,2002-09-08,MIA,DET,49.0,21.0,,,,True,True,False,True,football|NFL|2002-09-08|MIA|DET
nflverse,football,NFL,2002-09-08,TEN,PHI,27.0,24.0,,,,True,True,False,True,football|NFL|2002-09-08|TEN|PHI
nflverse,football,NFL,2002-09-08,WAS,ARI,31.0,23.0,,,,True,True,False,True,football|NFL|2002-09-08|WAS|ARI
nflverse,football,NFL,2002-09-08,DEN,STL,23.0,16.0,,,,True,True,False,True,football|NFL|2002-09-08|DEN|STL
nflverse,football,NFL,2002-09-08,OAK,SEA,31.0,17.0,,,,True,True,False,True,football|NFL|2002-09-08|OAK|SEA
nflverse,football,NFL,2002-09-08,TB,NO,20.0,26.0,,,,True,True,False,True,football|NFL|2002-09-08|TB|NO
nflverse,football,NFL,2002-09-08,HOU,DAL,19.0,10.0,,,,True,True,False,True,football|NFL|2002-09-08|HOU|DAL
nflverse,football,NFL,2002-09-09,NE,PIT,30.0,14.0,,,,True,True,False,True,football|NFL|2002-09-09|NE|PIT
nflverse,football,NFL,2002-09-15,ATL,CHI,13.0,14.0,,,,True,True,False,True,football|NFL|2002-09-15|ATL|CHI
nflverse,football,NFL,2002-09-15,BAL,TB,0.0,25.0,,,,True,True,False,True,football|NFL|2002-09-15|BAL|TB
nflverse,football,NFL,2002-09-15,CAR,DET,31.0,7.0,,,,True,True,False,True,football|NFL|2002-09-15|CAR|DET
nflverse,football,NFL,2002-09-15,CLE,CIN,20.0,7.0,,,,True,True,False,True,football|NFL|2002-09-15|CLE|CIN
nflverse,football,NFL,2002-09-15,DAL,TEN,21.0,13.0,,,,True,True,False,True,football|NFL|2002-09-15|DAL|TEN
nflverse,football,NFL,2002-09-15,IND,MIA,13.0,21.0,,,,True,True,False,True,football|NFL|2002-09-15|IND|MIA
nflverse,football,NFL,2002-09-15,KC,JAX,16.0,23.0,,,,True,True,False,True,football|NFL|2002-09-15|KC|JAX
nflverse,football,NFL,2002-09-15,NO,GB,35.0,20.0,,,,True,True,False,True,football|NFL|2002-09-15|NO|GB
nflverse,football,NFL,2002-09-15,NYJ,NE,7.0,44.0,,,,True,True,False,True,football|NFL|2002-09-15|NYJ|NE
nflverse,football,NFL,2002-09-15,SEA,ARI,13.0,24.0,,,,True,True,False,True,football|NFL|2002-09-15|SEA|ARI
nflverse,football,NFL,2002-09-15,STL,NYG,21.0,26.0,,,,True,True,False,True,football|NFL|2002-09-15|STL|NYG
nflverse,football,NFL,2002-09-15,MIN,BUF,39.0,45.0,,,,True,True,False,True,football|NFL|2002-09-15|MIN|BUF
nflverse,football,NFL,2002-09-15,SD,HOU,24.0,3.0,,,,True,True,False,True,football|NFL|2002-09-15|SD|HOU
nflverse,football,NFL,2002-09-15,SF,DEN,14.0,24.0,,,,True,True,False,True,football|NFL|2002-09-15|SF|DEN
nflverse,football,NFL,2002-09-15,PIT,OAK,17.0,30.0,,,,True,True,False,True,football|NFL|2002-09-15|PIT|OAK
nflverse,football,NFL,2002-09-16,WAS,PHI,7.0,37.0,,,,True,True,False,True,football|NFL|2002-09-16|WAS|PHI
nflverse,football,NFL,2002-09-22,CHI,NO,23.0,29.0,,,,True,True,False,True,football|NFL|2002-09-22|CHI|NO
nflverse,football,NFL,2002-09-22,HOU,IND,3.0,23.0,,,,True,True,False,True,football|NFL|2002-09-22|HOU|IND
nflverse,football,NFL,2002-09-22,MIA,NYJ,30.0,3.0,,,,True,True,False,True,football|NFL|2002-09-22|MIA|NYJ
nflverse,football,NFL,2002-09-22,MIN,CAR,14.0,21.0,,,,True,True,False,True,football|NFL|2002-09-22|MIN|CAR
nflverse,football,NFL,2002-09-22,NE,KC,41.0,38.0,,,,True,True,False,True,football|NFL|2002-09-22|NE|KC
nflverse,football,NFL,2002-09-22,PHI,DAL,44.0,13.0,,,,True,True,False,True,football|NFL|2002-09-22|PHI|DAL
nflverse,football,NFL,2002-09-22,TEN,CLE,28.0,31.0,,,,True,True,False,True,football|NFL|2002-09-22|TEN|CLE
nflverse,football,NFL,2002-09-22,ARI,SD,15.0,23.0,,,,True,True,False,True,football|NFL|2002-09-22|ARI|SD
nflverse,football,NFL,2002-09-22,DEN,BUF,28.0,23.0,,,,True,True,False,True,football|NFL|2002-09-22|DEN|BUF
nflverse,football,NFL,2002-09-22,DET,GB,31.0,37.0,,,,True,True,False,True,football|NFL|2002-09-22|DET|GB
nflverse,football,NFL,2002-09-22,NYG,SEA,9.0,6.0,,,,True,True,False,True,football|NFL|2002-09-22|NYG|SEA
nflverse,football,NFL,2002-09-22,SF,WAS,20.0,10.0,,,,True,True,False,True,football|NFL|2002-09-22|SF|WAS
nflverse,football,NFL,2002-09-22,ATL,CIN,30.0,3.0,,,,True,True,False,True,football|NFL|2002-09-22|ATL|CIN
nflverse,football,NFL,2002-09-23,TB,STL,26.0,14.0,,,,True,True,False,True,football|NFL|2002-09-23|TB|STL
nflverse,football,NFL,2002-09-29,BUF,CHI,33.0,27.0,,,,True,True,False,True,football|NFL|2002-09-29|BUF|CHI
nflverse,football,NFL,2002-09-29,DET,NO,26.0,21.0,,,,True,True,False,True,football|NFL|2002-09-29|DET|NO
nflverse,football,NFL,2002-09-29,GB,CAR,17.0,14.0,,,,True,True,False,True,football|NFL|2002-09-29|GB|CAR
nflverse,football,NFL,2002-09-29,JAX,NYJ,28.0,3.0,,,,True,True,False,True,football|NFL|2002-09-29|JAX|NYJ
nflverse,football,NFL,2002-09-29,KC,MIA,48.0,30.0,,,,True,True,False,True,football|NFL|2002-09-29|KC|MIA
nflverse,football,NFL,2002-09-29,PHI,HOU,35.0,17.0,,,,True,True,False,True,football|NFL|2002-09-29|PHI|HOU
nflverse,football,NFL,2002-09-29,PIT,CLE,16.0,13.0,,,,True,True,False,True,football|NFL|2002-09-29|PIT|CLE
nflverse,football,NFL,2002-09-29,STL,DAL,10.0,13.0,,,,True,True,False,True,football|NFL|2002-09-29|STL|DAL
nflverse,football,NFL,2002-09-29,ARI,NYG,21.0,7.0,,,,True,True,False,True,football|NFL|2002-09-29|ARI|NYG
nflverse,football,NFL,2002-09-29,CIN,TB,7.0,35.0,,,,True,True,False,True,football|NFL|2002-09-29|CIN|TB
nflverse,football,NFL,2002-09-29,OAK,TEN,52.0,25.0,,,,True,True,False,True,football|NFL|2002-09-29|OAK|TEN
nflverse,football,NFL,2002-09-29,SD,NE,21.0,14.0,,,,True,True,False,True,football|NFL|2002-09-29|SD|NE
nflverse,football,NFL,2002-09-29,SEA,MIN,48.0,23.0,,,,True,True,False,True,football|NFL|2002-09-29|SEA|MIN
nflverse,football,NFL,2002-09-30,BAL,DEN,34.0,23.0,,,,True,True,False,True,football|NFL|2002-09-30|BAL|DEN
nflverse,football,NFL,2002-10-06,ATL,TB,6.0,20.0,,,,True,True,False,True,football|NFL|2002-10-06|ATL|TB
nflverse,football,NFL,2002-10-06,BUF,OAK,31.0,49.0,,,,True,True,False,True,football|NFL|2002-10-06|BUF|OAK
nflverse,football,NFL,2002-10-06,CAR,ARI,13.0,16.0,,,,True,True,False,True,football|NFL|2002-10-06|CAR|ARI
nflverse,football,NFL,2002-10-06,DAL,NYG,17.0,21.0,,,,True,True,False,True,football|NFL|2002-10-06|DAL|NYG
nflverse,football,NFL,2002-10-06,IND,CIN,28.0,21.0,,,,True,True,False,True,football|NFL|2002-10-06|IND|CIN
nflverse,football,NFL,2002-10-06,MIA,NE,26.0,13.0,,,,True,True,False,True,football|NFL|2002-10-06|MIA|NE
nflverse,football,NFL,2002-10-06,NO,PIT,32.0,29.0,,,,True,True,False,True,football|NFL|2002-10-06|NO|PIT
nflverse,football,NFL,2002-10-06,TEN,WAS,14.0,31.0,,,,True,True,False,True,football|NFL|2002-10-06|TEN|WAS
nflverse,football,NFL,2002-10-06,DEN,SD,26.0,9.0,,,,True,True,False,True,football|NFL|2002-10-06|DEN|SD
nflverse,football,NFL,2002-10-06,NYJ,KC,25.0,29.0,,,,True,True,False,True,football|NFL|2002-10-06|NYJ|KC
nflverse,football,NFL,2002-10-06,JAX,PHI,28.0,25.0,,,,True,True,False,True,football|NFL|2002-10-06|JAX|PHI
nflverse,football,NFL,2002-10-06,SF,STL,37.0,13.0,,,,True,True,False,True,football|NFL|2002-10-06|SF|STL
nflverse,football,NFL,2002-10-06,CLE,BAL,21.0,26.0,,,,True,True,False,True,football|NFL|2002-10-06|CLE|BAL
nflverse,football,NFL,2002-10-07,CHI,GB,21.0,34.0,,,,True,True,False,True,football|NFL|2002-10-07|CHI|GB
nflverse,football,NFL,2002-10-13,CIN,PIT,7.0,34.0,,,,True,True,False,True,football|NFL|2002-10-13|CIN|PIT
nflverse,football,NFL,2002-10-13,DAL,CAR,14.0,13.0,,,,True,True,False,True,football|NFL|2002-10-13|DAL|CAR
nflverse,football,NFL,2002-10-13,HOU,BUF,24.0,31.0,,,,True,True,False,True,football|NFL|2002-10-13|HOU|BUF
nflverse,football,NFL,2002-10-13,IND,BAL,22.0,20.0,,,,True,True,False,True,football|NFL|2002-10-13|IND|BAL
nflverse,football,NFL,2002-10-13,MIN,DET,31.0,24.0,,,,True,True,False,True,football|NFL|2002-10-13|MIN|DET
nflverse,football,NFL,2002-10-13,NE,GB,10.0,28.0,,,,True,True,False,True,football|NFL|2002-10-13|NE|GB
nflverse,football,NFL,2002-10-13,NYG,ATL,10.0,17.0,,,,True,True,False,True,football|NFL|2002-10-13|NYG|ATL
nflverse,football,NFL,2002-10-13,TB,CLE,17.0,3.0,,,,True,True,False,True,football|NFL|2002-10-13|TB|CLE
nflverse,football,NFL,2002-10-13,WAS,NO,27.0,43.0,,,,True,True,False,True,football|NFL|2002-10-13|WAS|NO
nflverse,football,NFL,2002-10-13,SD,KC,35.0,34.0,,,,True,True,False,True,football|NFL|2002-10-13|SD|KC
nflverse,football,NFL,2002-10-13,STL,OAK,28.0,13.0,,,,True,True,False,True,football|NFL|2002-10-13|STL|OAK
nflverse,football,NFL,2002-10-13,TEN,JAX,23.0,14.0,,,,True,True,False,True,football|NFL|2002-10-13|TEN|JAX
nflverse,football,NFL,2002-10-13,DEN,MIA,22.0,24.0,,,,True,True,False,True,football|NFL|2002-10-13|DEN|MIA
nflverse,football,NFL,2002-10-14,SEA,SF,21.0,28.0,,,,True,True,False,True,football|NFL|2002-10-14|SEA|SF
nflverse,football,NFL,2002-10-20,ATL,CAR,30.0,0.0,,,,True,True,False,True,football|NFL|2002-10-20|ATL|CAR
nflverse,football,NFL,2002-10-20,BAL,JAX,17.0,10.0,,,,True,True,False,True,football|NFL|2002-10-20|BAL|JAX
nflverse,football,NFL,2002-10-20,DET,CHI,23.0,20.0,,,,True,True,False,True,football|NFL|2002-10-20|DET|CHI
nflverse,football,NFL,2002-10-20,KC,DEN,34.0,37.0,,,,True,True,False,True,football|NFL|2002-10-20|KC|DEN
nflverse,football,NFL,2002-10-20,MIA,BUF,10.0,23.0,,,,True,True,False,True,football|NFL|2002-10-20|MIA|BUF
nflverse,football,NFL,2002-10-20,NO,SF,35.0,27.0,,,,True,True,False,True,football|NFL|2002-10-20|NO|SF
nflverse,football,NFL,2002-10-20,NYJ,MIN,20.0,7.0,,,,True,True,False,True,football|NFL|2002-10-20|NYJ|MIN
nflverse,football,NFL,2002-10-20,STL,SEA,37.0,20.0,,,,True,True,False,True,football|NFL|2002-10-20|STL|SEA
nflverse,football,NFL,2002-10-20,CLE,HOU,34.0,17.0,,,,True,True,False,True,football|NFL|2002-10-20|CLE|HOU
nflverse,football,NFL,2002-10-20,OAK,SD,21.0,27.0,,,,True,True,False,True,football|NFL|2002-10-20|OAK|SD
nflverse,football,NFL,2002-10-20,ARI,DAL,9.0,6.0,,,,True,True,False,True,football|NFL|2002-10-20|ARI|DAL
nflverse,football,NFL,2002-10-20,GB,WAS,30.0,9.0,,,,True,True,False,True,football|NFL|2002-10-20|GB|WAS
nflverse,football,NFL,2002-10-20,PHI,TB,20.0,10.0,,,,True,True,False,True,football|NFL|2002-10-20|PHI|TB
nflverse,football,NFL,2002-10-21,PIT,IND,28.0,10.0,,,,True,True,False,True,football|NFL|2002-10-21|PIT|IND
nflverse,football,NFL,2002-10-27,BAL,PIT,18.0,31.0,,,,True,True,False,True,football|NFL|2002-10-27|BAL|PIT
nflverse,football,NFL,2002-10-27,BUF,DET,24.0,17.0,,,,True,True,False,True,football|NFL|2002-10-27|BUF|DET
nflverse,football,NFL,2002-10-27,CAR,TB,9.0,12.0,,,,True,True,False,True,football|NFL|2002-10-27|CAR|TB
nflverse,football,NFL,2002-10-27,CIN,TEN,24.0,30.0,,,,True,True,False,True,football|NFL|2002-10-27|CIN|TEN
nflverse,football,NFL,2002-10-27,DAL,SEA,14.0,17.0,,,,True,True,False,True,football|NFL|2002-10-27|DAL|SEA
nflverse,football,NFL,2002-10-27,KC,OAK,20.0,10.0,,,,True,True,False,True,football|NFL|2002-10-27|KC|OAK
nflverse,football,NFL,2002-10-27,MIN,CHI,25.0,7.0,,,,True,True,False,True,football|NFL|2002-10-27|MIN|CHI
nflverse,football,NFL,2002-10-27,NO,ATL,35.0,37.0,,,,True,True,False,True,football|NFL|2002-10-27|NO|ATL
nflverse,football,NFL,2002-10-27,NYJ,CLE,21.0,24.0,,,,True,True,False,True,football|NFL|2002-10-27|NYJ|CLE
nflverse,football,NFL,2002-10-27,SF,ARI,38.0,28.0,,,,True,True,False,True,football|NFL|2002-10-27|SF|ARI
nflverse,football,NFL,2002-10-27,JAX,HOU,19.0,21.0,,,,True,True,False,True,football|NFL|2002-10-27|JAX|HOU
nflverse,football,NFL,2002-10-27,NE,DEN,16.0,24.0,,,,True,True,False,True,football|NFL|2002-10-27|NE|DEN
nflverse,football,NFL,2002-10-27,WAS,IND,26.0,21.0,,,,True,True,False,True,football|NFL|2002-10-27|WAS|IND
nflverse,football,NFL,2002-10-28,PHI,NYG,17.0,3.0,,,,True,True,False,True,football|NFL|2002-10-28|PHI|NYG
nflverse,football,NFL,2002-11-03,ATL,BAL,20.0,17.0,,,,True,True,False,True,football|NFL|2002-11-03|ATL|BAL
nflverse,football,NFL,2002-11-03,BUF,NE,7.0,38.0,,,,True,True,False,True,football|NFL|2002-11-03|BUF|NE
nflverse,football,NFL,2002-11-03,CHI,PHI,13.0,19.0,,,,True,True,False,True,football|NFL|2002-11-03|CHI|PHI
nflverse,football,NFL,2002-11-03,CLE,PIT,20.0,23.0,,,,True,True,False,True,football|NFL|2002-11-03|CLE|PIT
nflverse,football,NFL,2002-11-03,DET,DAL,9.0,7.0,,,,True,True,False,True,football|NFL|2002-11-03|DET|DAL
nflverse,football,NFL,2002-11-03,HOU,CIN,3.0,38.0,,,,True,True,False,True,football|NFL|2002-11-03|HOU|CIN
nflverse,football,NFL,2002-11-03,IND,TEN,15.0,23.0,,,,True,True,False,True,football|NFL|2002-11-03|IND|TEN
nflverse,football,NFL,2002-11-03,TB,MIN,38.0,24.0,,,,True,True,False,True,football|NFL|2002-11-03|TB|MIN
nflverse,football,NFL,2002-11-03,SD,NYJ,13.0,44.0,,,,True,True,False,True,football|NFL|2002-11-03|SD|NYJ
nflverse,football,NFL,2002-11-03,ARI,STL,14.0,27.0,,,,True,True,False,True,football|NFL|2002-11-03|ARI|STL
nflverse,football,NFL,2002-11-03,OAK,SF,20.0,23.0,,,,True,True,False,True,football|NFL|2002-11-03|OAK|SF
nflverse,football,NFL,2002-11-03,SEA,WAS,3.0,14.0,,,,True,True,False,True,football|NFL|2002-11-03|SEA|WAS
nflverse,football,NFL,2002-11-03,NYG,JAX,24.0,17.0,,,,True,True,False,True,football|NFL|2002-11-03|NYG|JAX
nflverse,football,NFL,2002-11-04,GB,MIA,24.0,10.0,,,,True,True,False,True,football|NFL|2002-11-04|GB|MIA
nflverse,football,NFL,2002-11-10,BAL,CIN,38.0,27.0,,,,True,True,False,True,football|NFL|2002-11-10|BAL|CIN
nflverse,football,NFL,2002-11-10,CAR,NO,24.0,34.0,,,,True,True,False,True,football|NFL|2002-11-10|CAR|NO
nflverse,football,NFL,2002-11-10,GB,DET,40.0,14.0,,,,True,True,False,True,football|NFL|2002-11-10|GB|DET
nflverse,football,NFL,2002-11-10,MIN,NYG,20.0,27.0,,,,True,True,False,True,football|NFL|2002-11-10|MIN|NYG
nflverse,football,NFL,2002-11-10,PHI,IND,13.0,35.0,,,,True,True,False,True,football|NFL|2002-11-10|PHI|IND
nflverse,football,NFL,2002-11-10,PIT,ATL,34.0,34.0,,,,True,True,False,True,football|NFL|2002-11-10|PIT|ATL
nflverse,football,NFL,2002-11-10,STL,SD,28.0,24.0,,,,True,True,False,True,football|NFL|2002-11-10|STL|SD
nflverse,football,NFL,2002-11-10,TEN,HOU,17.0,10.0,,,,True,True,False,True,football|NFL|2002-11-10|TEN|HOU
nflverse,football,NFL,2002-11-10,ARI,SEA,6.0,27.0,,,,True,True,False,True,football|NFL|2002-11-10|ARI|SEA
nflverse,football,NFL,2002-11-10,JAX,WAS,26.0,7.0,,,,True,True,False,True,football|NFL|2002-11-10|JAX|WAS
nflverse,football,NFL,2002-11-10,CHI,NE,30.0,33.0,,,,True,True,False,True,football|NFL|2002-11-10|CHI|NE
nflverse,football,NFL,2002-11-10,SF,KC,17.0,13.0,,,,True,True,False,True,football|NFL|2002-11-10|SF|KC
nflverse,football,NFL,2002-11-10,NYJ,MIA,13.0,10.0,,,,True,True,False,True,football|NFL|2002-11-10|NYJ|MIA
nflverse,football,NFL,2002-11-11,DEN,OAK,10.0,34.0,,,,True,True,False,True,football|NFL|2002-11-11|DEN|OAK
nflverse,football,NFL,2002-11-17,ATL,NO,24.0,17.0,,,,True,True,False,True,football|NFL|2002-11-17|ATL|NO
nflverse,football,NFL,2002-11-17,CIN,CLE,20.0,27.0,,,,True,True,False,True,football|NFL|2002-11-17|CIN|CLE
nflverse,football,NFL,2002-11-17,HOU,JAX,21.0,24.0,,,,True,True,False,True,football|NFL|2002-11-17|HOU|JAX
nflverse,football,NFL,2002-11-17,IND,DAL,20.0,3.0,,,,True,True,False,True,football|NFL|2002-11-17|IND|DAL
nflverse,football,NFL,2002-11-17,KC,BUF,17.0,16.0,,,,True,True,False,True,football|NFL|2002-11-17|KC|BUF
nflverse,football,NFL,2002-11-17,MIN,GB,31.0,21.0,,,,True,True,False,True,football|NFL|2002-11-17|MIN|GB
nflverse,football,NFL,2002-11-17,NYG,WAS,19.0,17.0,,,,True,True,False,True,football|NFL|2002-11-17|NYG|WAS
nflverse,football,NFL,2002-11-17,PHI,ARI,38.0,14.0,,,,True,True,False,True,football|NFL|2002-11-17|PHI|ARI
nflverse,football,NFL,2002-11-17,TEN,PIT,31.0,23.0,,,,True,True,False,True,football|NFL|2002-11-17|TEN|PIT
nflverse,football,NFL,2002-11-17,SD,SF,20.0,17.0,,,,True,True,False,True,football|NFL|2002-11-17|SD|SF
nflverse,football,NFL,2002-11-17,TB,CAR,23.0,10.0,,,,True,True,False,True,football|NFL|2002-11-17|TB|CAR
nflverse,football,NFL,2002-11-17,DET,NYJ,14.0,31.0,,,,True,True,False,True,football|NFL|2002-11-17|DET|NYJ
nflverse,football,NFL,2002-11-17,MIA,BAL,26.0,7.0,,,,True,True,False,True,football|NFL|2002-11-17|MIA|BAL
nflverse,football,NFL,2002-11-17,SEA,DEN,9.0,31.0,,,,True,True,False,True,football|NFL|2002-11-17|SEA|DEN
nflverse,football,NFL,2002-11-17,OAK,NE,27.0,20.0,,,,True,True,False,True,football|NFL|2002-11-17|OAK|NE
nflverse,football,NFL,2002-11-18,STL,CHI,21.0,16.0,,,,True,True,False,True,football|NFL|2002-11-18|STL|CHI
nflverse,football,NFL,2002-11-24,BAL,TEN,13.0,12.0,,,,True,True,False,True,football|NFL|2002-11-24|BAL|TEN
nflverse,football,NFL,2002-11-24,CAR,ATL,0.0,41.0,,,,True,True,False,True,football|NFL|2002-11-24|CAR|ATL
nflverse,football,NFL,2002-11-24,CHI,DET,20.0,17.0,,,,True,True,False,True,football|NFL|2002-11-24|CHI|DET
nflverse,football,NFL,2002-11-24,DAL,JAX,21.0,19.0,,,,True,True,False,True,football|NFL|2002-11-24|DAL|JAX
nflverse,football,NFL,2002-11-24,MIA,SD,30.0,3.0,,,,True,True,False,True,football|NFL|2002-11-24|MIA|SD
nflverse,football,NFL,2002-11-24,NE,MIN,24.0,17.0,,,,True,True,False,True,football|NFL|2002-11-24|NE|MIN
nflverse,football,NFL,2002-11-24,NO,CLE,15.0,24.0,,,,True,True,False,True,football|NFL|2002-11-24|NO|CLE
nflverse,football,NFL,2002-11-24,NYJ,BUF,31.0,13.0,,,,True,True,False,True,football|NFL|2002-11-24|NYJ|BUF
nflverse,football,NFL,2002-11-24,PIT,CIN,29.0,21.0,,,,True,True,False,True,football|NFL|2002-11-24|PIT|CIN
nflverse,football,NFL,2002-11-24,WAS,STL,20.0,17.0,,,,True,True,False,True,football|NFL|2002-11-24|WAS|STL
nflverse,football,NFL,2002-11-24,ARI,OAK,20.0,41.0,,,,True,True,False,True,football|NFL|2002-11-24|ARI|OAK
nflverse,football,NFL,2002-11-24,SEA,KC,39.0,32.0,,,,True,True,False,True,football|NFL|2002-11-24|SEA|KC
nflverse,football,NFL,2002-11-24,HOU,NYG,16.0,14.0,,,,True,True,False,True,football|NFL|2002-11-24|HOU|NYG
nflverse,football,NFL,2002-11-24,TB,GB,21.0,7.0,,,,True,True,False,True,football|NFL|2002-11-24|TB|GB
nflverse,football,NFL,2002-11-24,DEN,IND,20.0,23.0,,,,True,True,False,True,football|NFL|2002-11-24|DEN|IND
nflverse,football,NFL,2002-11-25,SF,PHI,17.0,38.0,,,,True,True,False,True,football|NFL|2002-11-25|SF|PHI
nflverse,football,NFL,2002-11-28,DET,NE,12.0,20.0,,,,True,True,False,True,football|NFL|2002-11-28|DET|NE
nflverse,football,NFL,2002-11-28,DAL,WAS,27.0,20.0,,,,True,True,False,True,football|NFL|2002-11-28|DAL|WAS
nflverse,football,NFL,2002-12-01,BUF,MIA,38.0,21.0,,,,True,True,False,True,football|NFL|2002-12-01|BUF|MIA
nflverse,football,NFL,2002-12-01,CIN,BAL,23.0,27.0,,,,True,True,False,True,football|NFL|2002-12-01|CIN|BAL
nflverse,football,NFL,2002-12-01,CLE,CAR,6.0,13.0,,,,True,True,False,True,football|NFL|2002-12-01|CLE|CAR
nflverse,football,NFL,2002-12-01,GB,CHI,30.0,20.0,,,,True,True,False,True,football|NFL|2002-12-01|GB|CHI
nflverse,football,NFL,2002-12-01,JAX,PIT,23.0,25.0,,,,True,True,False,True,football|NFL|2002-12-01|JAX|PIT
nflverse,football,NFL,2002-12-01,KC,ARI,49.0,0.0,,,,True,True,False,True,football|NFL|2002-12-01|KC|ARI
nflverse,football,NFL,2002-12-01,MIN,ATL,24.0,30.0,,,,True,True,False,True,football|NFL|2002-12-01|MIN|ATL
nflverse,football,NFL,2002-12-01,NYG,TEN,29.0,32.0,,,,True,True,False,True,football|NFL|2002-12-01|NYG|TEN
nflverse,football,NFL,2002-12-01,IND,HOU,19.0,3.0,,,,True,True,False,True,football|NFL|2002-12-01|IND|HOU
nflverse,football,NFL,2002-12-01,SD,DEN,30.0,27.0,,,,True,True,False,True,football|NFL|2002-12-01|SD|DEN
nflverse,football,NFL,2002-12-01,PHI,STL,10.0,3.0,,,,True,True,False,True,football|NFL|2002-12-01|PHI|STL
nflverse,football,NFL,2002-12-01,SF,SEA,31.0,24.0,,,,True,True,False,True,football|NFL|2002-12-01|SF|SEA
nflverse,football,NFL,2002-12-01,NO,TB,23.0,20.0,,,,True,True,False,True,football|NFL|2002-12-01|NO|TB
nflverse,football,NFL,2002-12-02,OAK,NYJ,26.0,20.0,,,,True,True,False,True,football|NFL|2002-12-02|OAK|NYJ
nflverse,football,NFL,2002-12-08,CAR,CIN,52.0,31.0,,,,True,True,False,True,football|NFL|2002-12-08|CAR|CIN
nflverse,football,NFL,2002-12-08,DAL,SF,27.0,31.0,,,,True,True,False,True,football|NFL|2002-12-08|DAL|SF
nflverse,football,NFL,2002-12-08,JAX,CLE,20.0,21.0,,,,True,True,False,True,football|NFL|2002-12-08|JAX|CLE
nflverse,football,NFL,2002-12-08,KC,STL,49.0,10.0,,,,True,True,False,True,football|NFL|2002-12-08|KC|STL
nflverse,football,NFL,2002-12-08,NE,BUF,27.0,17.0,,,,True,True,False,True,football|NFL|2002-12-08|NE|BUF
nflverse,football,NFL,2002-12-08,PIT,HOU,6.0,24.0,,,,True,True,False,True,football|NFL|2002-12-08|PIT|HOU
nflverse,football,NFL,2002-12-08,TB,ATL,34.0,10.0,,,,True,True,False,True,football|NFL|2002-12-08|TB|ATL
nflverse,football,NFL,2002-12-08,TEN,IND,27.0,17.0,,,,True,True,False,True,football|NFL|2002-12-08|TEN|IND
nflverse,football,NFL,2002-12-08,WAS,NYG,21.0,27.0,,,,True,True,False,True,football|NFL|2002-12-08|WAS|NYG
nflverse,football,NFL,2002-12-08,ARI,DET,23.0,20.0,,,,True,True,False,True,football|NFL|2002-12-08|ARI|DET
nflverse,football,NFL,2002-12-08,BAL,NO,25.0,37.0,,,,True,True,False,True,football|NFL|2002-12-08|BAL|NO
nflverse,football,NFL,2002-12-08,SEA,PHI,20.0,27.0,,,,True,True,False,True,football|NFL|2002-12-08|SEA|PHI
nflverse,football,NFL,2002-12-08,NYJ,DEN,19.0,13.0,,,,True,True,False,True,football|NFL|2002-12-08|NYJ|DEN
nflverse,football,NFL,2002-12-08,SD,OAK,7.0,27.0,,,,True,True,False,True,football|NFL|2002-12-08|SD|OAK
nflverse,football,NFL,2002-12-08,GB,MIN,26.0,22.0,,,,True,True,False,True,football|NFL|2002-12-08|GB|MIN
nflverse,football,NFL,2002-12-09,MIA,CHI,27.0,9.0,,,,True,True,False,True,football|NFL|2002-12-09|MIA|CHI
nflverse,football,NFL,2002-12-15,ATL,SEA,24.0,30.0,,,,True,True,False,True,football|NFL|2002-12-15|ATL|SEA
nflverse,football,NFL,2002-12-15,BUF,SD,20.0,13.0,,,,True,True,False,True,football|NFL|2002-12-15|BUF|SD
nflverse,football,NFL,2002-12-15,CHI,NYJ,20.0,13.0,,,,True,True,False,True,football|NFL|2002-12-15|CHI|NYJ
nflverse,football,NFL,2002-12-15,CIN,JAX,15.0,29.0,,,,True,True,False,True,football|NFL|2002-12-15|CIN|JAX
nflverse,football,NFL,2002-12-15,CLE,IND,23.0,28.0,,,,True,True,False,True,football|NFL|2002-12-15|CLE|IND
nflverse,football,NFL,2002-12-15,DET,TB,20.0,23.0,,,,True,True,False,True,football|NFL|2002-12-15|DET|TB
nflverse,football,NFL,2002-12-15,HOU,BAL,19.0,23.0,,,,True,True,False,True,football|NFL|2002-12-15|HOU|BAL
nflverse,football,NFL,2002-12-15,MIA,OAK,23.0,17.0,,,,True,True,False,True,football|NFL|2002-12-15|MIA|OAK
nflverse,football,NFL,2002-12-15,NO,MIN,31.0,32.0,,,,True,True,False,True,football|NFL|2002-12-15|NO|MIN
nflverse,football,NFL,2002-12-15,PHI,WAS,34.0,21.0,,,,True,True,False,True,football|NFL|2002-12-15|PHI|WAS
nflverse,football,NFL,2002-12-15,PIT,CAR,30.0,14.0,,,,True,True,False,True,football|NFL|2002-12-15|PIT|CAR
nflverse,football,NFL,2002-12-15,DEN,KC,31.0,24.0,,,,True,True,False,True,football|NFL|2002-12-15|DEN|KC
nflverse,football,NFL,2002-12-15,NYG,DAL,37.0,7.0,,,,True,True,False,True,football|NFL|2002-12-15|NYG|DAL
nflverse,football,NFL,2002-12-15,SF,GB,14.0,20.0,,,,True,True,False,True,football|NFL|2002-12-15|SF|GB
nflverse,football,NFL,2002-12-15,STL,ARI,30.0,28.0,,,,True,True,False,True,football|NFL|2002-12-15|STL|ARI
nflverse,football,NFL,2002-12-16,TEN,NE,24.0,7.0,,,,True,True,False,True,football|NFL|2002-12-16|TEN|NE
nflverse,football,NFL,2002-12-21,MIN,MIA,20.0,17.0,,,,True,True,False,True,football|NFL|2002-12-21|MIN|MIA
nflverse,football,NFL,2002-12-21,ARI,SF,14.0,17.0,,,,True,True,False,True,football|NFL|2002-12-21|ARI|SF
nflverse,football,NFL,2002-12-21,DAL,PHI,3.0,27.0,,,,True,True,False,True,football|NFL|2002-12-21|DAL|PHI
nflverse,football,NFL,2002-12-22,ATL,DET,36.0,15.0,,,,True,True,False,True,football|NFL|2002-12-22|ATL|DET
nflverse,football,NFL,2002-12-22,CAR,CHI,24.0,14.0,,,,True,True,False,True,football|NFL|2002-12-22|CAR|CHI
nflverse,football,NFL,2002-12-22,CIN,NO,20.0,13.0,,,,True,True,False,True,football|NFL|2002-12-22|CIN|NO
nflverse,football,NFL,2002-12-22,GB,BUF,10.0,0.0,,,,True,True,False,True,football|NFL|2002-12-22|GB|BUF
nflverse,football,NFL,2002-12-22,IND,NYG,27.0,44.0,,,,True,True,False,True,football|NFL|2002-12-22|IND|NYG
nflverse,football,NFL,2002-12-22,JAX,TEN,10.0,28.0,,,,True,True,False,True,football|NFL|2002-12-22|JAX|TEN
nflverse,football,NFL,2002-12-22,KC,SD,24.0,22.0,,,,True,True,False,True,football|NFL|2002-12-22|KC|SD
nflverse,football,NFL,2002-12-22,WAS,HOU,26.0,10.0,,,,True,True,False,True,football|NFL|2002-12-22|WAS|HOU
nflverse,football,NFL,2002-12-22,SEA,STL,30.0,10.0,,,,True,True,False,True,football|NFL|2002-12-22|SEA|STL
nflverse,football,NFL,2002-12-22,BAL,CLE,13.0,14.0,,,,True,True,False,True,football|NFL|2002-12-22|BAL|CLE
nflverse,football,NFL,2002-12-22,OAK,DEN,28.0,16.0,,,,True,True,False,True,football|NFL|2002-12-22|OAK|DEN
nflverse,football,NFL,2002-12-22,NE,NYJ,17.0,30.0,,,,True,True,False,True,football|NFL|2002-12-22|NE|NYJ
nflverse,football,NFL,2002-12-23,TB,PIT,7.0,17.0,,,,True,True,False,True,football|NFL|2002-12-23|TB|PIT
nflverse,football,NFL,2002-12-28,NYG,PHI,10.0,7.0,,,,True,True,False,True,football|NFL|2002-12-28|NYG|PHI
nflverse,football,NFL,2002-12-28,OAK,KC,24.0,0.0,,,,True,True,False,True,football|NFL|2002-12-28|OAK|KC
nflverse,football,NFL,2002-12-29,BUF,CIN,27.0,9.0,,,,True,True,False,True,football|NFL|2002-12-29|BUF|CIN
nflverse,football,NFL,2002-12-29,CLE,ATL,24.0,16.0,,,,True,True,False,True,football|NFL|2002-12-29|CLE|ATL
nflverse,football,NFL,2002-12-29,DET,MIN,36.0,38.0,,,,True,True,False,True,football|NFL|2002-12-29|DET|MIN
nflverse,football,NFL,2002-12-29,HOU,TEN,3.0,13.0,,,,True,True,False,True,football|NFL|2002-12-29|HOU|TEN
nflverse,football,NFL,2002-12-29,NE,MIA,27.0,24.0,,,,True,True,False,True,football|NFL|2002-12-29|NE|MIA
nflverse,football,NFL,2002-12-29,NO,CAR,6.0,10.0,,,,True,True,False,True,football|NFL|2002-12-29|NO|CAR
nflverse,football,NFL,2002-12-29,PIT,BAL,34.0,31.0,,,,True,True,False,True,football|NFL|2002-12-29|PIT|BAL
nflverse,football,NFL,2002-12-29,WAS,DAL,20.0,14.0,,,,True,True,False,True,football|NFL|2002-12-29|WAS|DAL
nflverse,football,NFL,2002-12-29,IND,JAX,20.0,13.0,,,,True,True,False,True,football|NFL|2002-12-29|IND|JAX
nflverse,football,NFL,2002-12-29,DEN,ARI,37.0,7.0,,,,True,True,False,True,football|NFL|2002-12-29|DEN|ARI
nflverse,football,NFL,2002-12-29,NYJ,GB,42.0,17.0,,,,True,True,False,True,football|NFL|2002-12-29|NYJ|GB
nflverse,football,NFL,2002-12-29,SD,SEA,28.0,31.0,,,,True,True,False,True,football|NFL|2002-12-29|SD|SEA
nflverse,football,NFL,2002-12-29,CHI,TB,0.0,15.0,,,,True,True,False,True,football|NFL|2002-12-29|CHI|TB
nflverse,football,NFL,2002-12-30,STL,SF,31.0,20.0,,,,True,True,False,True,football|NFL|2002-12-30|STL|SF
nflverse,football,NFL,2003-01-04,NYJ,IND,41.0,0.0,,,,True,True,False,True,football|NFL|2003-01-04|NYJ|IND
nflverse,football,NFL,2003-01-04,GB,ATL,7.0,27.0,,,,True,True,False,True,football|NFL|2003-01-04|GB|ATL
nflverse,football,NFL,2003-01-05,PIT,CLE,36.0,33.0,,,,True,True,False,True,football|NFL|2003-01-05|PIT|CLE
nflverse,football,NFL,2003-01-05,SF,NYG,39.0,38.0,,,,True,True,False,True,football|NFL|2003-01-05|SF|NYG
nflverse,football,NFL,2003-01-11,TEN,PIT,34.0,31.0,,,,True,True,False,True,football|NFL|2003-01-11|TEN|PIT
nflverse,football,NFL,2003-01-11,PHI,ATL,20.0,6.0,,,,True,True,False,True,football|NFL|2003-01-11|PHI|ATL
nflverse,football,NFL,2003-01-12,TB,SF,31.0,6.0,,,,True,True,False,True,football|NFL|2003-01-12|TB|SF
nflverse,football,NFL,2003-01-12,OAK,NYJ,30.0,10.0,,,,True,True,False,True,football|NFL|2003-01-12|OAK|NYJ
nflverse,football,NFL,2003-01-19,PHI,TB,10.0,27.0,,,,True,True,False,True,football|NFL|2003-01-19|PHI|TB
nflverse,football,NFL,2003-01-19,OAK,TEN,41.0,24.0,,,,True,True,False,True,football|NFL|2003-01-19|OAK|TEN
nflverse,football,NFL,2003-01-26,TB,OAK,48.0,21.0,,,,True,True,False,True,football|NFL|2003-01-26|TB|OAK
nflverse,football,NFL,2003-09-04,WAS,NYJ,16.0,13.0,,,,True,True,False,True,football|NFL|2003-09-04|WAS|NYJ
nflverse,football,NFL,2003-09-07,BUF,NE,31.0,0.0,,,,True,True,False,True,football|NFL|2003-09-07|BUF|NE
nflverse,football,NFL,2003-09-07,CAR,JAX,24.0,23.0,,,,True,True,False,True,football|NFL|2003-09-07|CAR|JAX
nflverse,football,NFL,2003-09-07,CIN,DEN,10.0,30.0,,,,True,True,False,True,football|NFL|2003-09-07|CIN|DEN
nflverse,football,NFL,2003-09-07,CLE,IND,6.0,9.0,,,,True,True,False,True,football|NFL|2003-09-07|CLE|IND
nflverse,football,NFL,2003-09-07,DET,ARI,42.0,24.0,,,,True,True,False,True,football|NFL|2003-09-07|DET|ARI
nflverse,football,NFL,2003-09-07,GB,MIN,25.0,30.0,,,,True,True,False,True,football|NFL|2003-09-07|GB|MIN
nflverse,football,NFL,2003-09-07,KC,SD,27.0,14.0,,,,True,True,False,True,football|NFL|2003-09-07|KC|SD
nflverse,football,NFL,2003-09-07,MIA,HOU,20.0,21.0,,,,True,True,False,True,football|NFL|2003-09-07|MIA|HOU
nflverse,football,NFL,2003-09-07,NYG,STL,23.0,13.0,,,,True,True,False,True,football|NFL|2003-09-07|NYG|STL
nflverse,football,NFL,2003-09-07,PIT,BAL,34.0,15.0,,,,True,True,False,True,football|NFL|2003-09-07|PIT|BAL
nflverse,football,NFL,2003-09-07,DAL,ATL,13.0,27.0,,,,True,True,False,True,football|NFL|2003-09-07|DAL|ATL
nflverse,football,NFL,2003-09-07,SEA,NO,27.0,10.0,,,,True,True,False,True,football|NFL|2003-09-07|SEA|NO
nflverse,football,NFL,2003-09-07,SF,CHI,49.0,7.0,,,,True,True,False,True,football|NFL|2003-09-07|SF|CHI
nflverse,football,NFL,2003-09-07,TEN,OAK,25.0,20.0,,,,True,True,False,True,football|NFL|2003-09-07|TEN|OAK
nflverse,football,NFL,2003-09-08,PHI,TB,0.0,17.0,,,,True,True,False,True,football|NFL|2003-09-08|PHI|TB
nflverse,football,NFL,2003-09-14,ATL,WAS,31.0,33.0,,,,True,True,False,True,football|NFL|2003-09-14|ATL|WAS
nflverse,football,NFL,2003-09-14,BAL,CLE,33.0,13.0,,,,True,True,False,True,football|NFL|2003-09-14|BAL|CLE
nflverse,football,NFL,2003-09-14,GB,DET,31.0,6.0,,,,True,True,False,True,football|NFL|2003-09-14|GB|DET
nflverse,football,NFL,2003-09-14,IND,TEN,33.0,7.0,,,,True,True,False,True,football|NFL|2003-09-14|IND|TEN
nflverse,football,NFL,2003-09-14,JAX,BUF,17.0,38.0,,,,True,True,False,True,football|NFL|2003-09-14|JAX|BUF
nflverse,football,NFL,2003-09-14,KC,PIT,41.0,20.0,,,,True,True,False,True,football|NFL|2003-09-14|KC|PIT
nflverse,football,NFL,2003-09-14,NO,HOU,31.0,10.0,,,,True,True,False,True,football|NFL|2003-09-14|NO|HOU
nflverse,football,NFL,2003-09-14,NYJ,MIA,10.0,21.0,,,,True,True,False,True,football|NFL|2003-09-14|NYJ|MIA
nflverse,football,NFL,2003-09-14,STL,SF,27.0,24.0,,,,True,True,False,True,football|NFL|2003-09-14|STL|SF
nflverse,football,NFL,2003-09-14,ARI,SEA,0.0,38.0,,,,True,True,False,True,football|NFL|2003-09-14|ARI|SEA
nflverse,football,NFL,2003-09-14,TB,CAR,9.0,12.0,,,,True,True,False,True,football|NFL|2003-09-14|TB|CAR
nflverse,football,NFL,2003-09-14,OAK,CIN,23.0,20.0,,,,True,True,False,True,football|NFL|2003-09-14|OAK|CIN
nflverse,football,NFL,2003-09-14,PHI,NE,10.0,31.0,,,,True,True,False,True,football|NFL|2003-09-14|PHI|NE
nflverse,football,NFL,2003-09-14,SD,DEN,13.0,37.0,,,,True,True,False,True,football|NFL|2003-09-14|SD|DEN
nflverse,football,NFL,2003-09-14,MIN,CHI,24.0,13.0,,,,True,True,False,True,football|NFL|2003-09-14|MIN|CHI
nflverse,football,NFL,2003-09-15,NYG,DAL,32.0,35.0,,,,True,True,False,True,football|NFL|2003-09-15|NYG|DAL
nflverse,football,NFL,2003-09-21,ATL,TB,10.0,31.0,,,,True,True,False,True,football|NFL|2003-09-21|ATL|TB
nflverse,football,NFL,2003-09-21,CIN,PIT,10.0,17.0,,,,True,True,False,True,football|NFL|2003-09-21|CIN|PIT
nflverse,football,NFL,2003-09-21,DET,MIN,13.0,23.0,,,,True,True,False,True,football|NFL|2003-09-21|DET|MIN
nflverse,football,NFL,2003-09-21,HOU,KC,14.0,42.0,,,,True,True,False,True,football|NFL|2003-09-21|HOU|KC
nflverse,football,NFL,2003-09-21,IND,JAX,23.0,13.0,,,,True,True,False,True,football|NFL|2003-09-21|IND|JAX
nflverse,football,NFL,2003-09-21,NE,NYJ,23.0,16.0,,,,True,True,False,True,football|NFL|2003-09-21|NE|NYJ
nflverse,football,NFL,2003-09-21,TEN,NO,27.0,12.0,,,,True,True,False,True,football|NFL|2003-09-21|TEN|NO
nflverse,football,NFL,2003-09-21,ARI,GB,20.0,13.0,,,,True,True,False,True,football|NFL|2003-09-21|ARI|GB
nflverse,football,NFL,2003-09-21,SEA,STL,24.0,23.0,,,,True,True,False,True,football|NFL|2003-09-21|SEA|STL
nflverse,football,NFL,2003-09-21,WAS,NYG,21.0,24.0,,,,True,True,False,True,football|NFL|2003-09-21|WAS|NYG
nflverse,football,NFL,2003-09-21,SD,BAL,10.0,24.0,,,,True,True,False,True,football|NFL|2003-09-21|SD|BAL
nflverse,football,NFL,2003-09-21,SF,CLE,12.0,13.0,,,,True,True,False,True,football|NFL|2003-09-21|SF|CLE
nflverse,football,NFL,2003-09-21,MIA,BUF,17.0,7.0,,,,True,True,False,True,football|NFL|2003-09-21|MIA|BUF
nflverse,football,NFL,2003-09-22,DEN,OAK,31.0,10.0,,,,True,True,False,True,football|NFL|2003-09-22|DEN|OAK
nflverse,football,NFL,2003-09-28,BUF,PHI,13.0,23.0,,,,True,True,False,True,football|NFL|2003-09-28|BUF|PHI
nflverse,football,NFL,2003-09-28,CLE,CIN,14.0,21.0,,,,True,True,False,True,football|NFL|2003-09-28|CLE|CIN
nflverse,football,NFL,2003-09-28,HOU,JAX,24.0,20.0,,,,True,True,False,True,football|NFL|2003-09-28|HOU|JAX
nflverse,football,NFL,2003-09-28,MIN,SF,35.0,7.0,,,,True,True,False,True,football|NFL|2003-09-28|MIN|SF
nflverse,football,NFL,2003-09-28,PIT,TEN,13.0,30.0,,,,True,True,False,True,football|NFL|2003-09-28|PIT|TEN
nflverse,football,NFL,2003-09-28,STL,ARI,37.0,13.0,,,,True,True,False,True,football|NFL|2003-09-28|STL|ARI
nflverse,football,NFL,2003-09-28,WAS,NE,20.0,17.0,,,,True,True,False,True,football|NFL|2003-09-28|WAS|NE
nflverse,football,NFL,2003-09-28,BAL,KC,10.0,17.0,,,,True,True,False,True,football|NFL|2003-09-28|BAL|KC
nflverse,football,NFL,2003-09-28,OAK,SD,34.0,31.0,,,,True,True,False,True,football|NFL|2003-09-28|OAK|SD
nflverse,football,NFL,2003-09-28,CAR,ATL,23.0,3.0,,,,True,True,False,True,football|NFL|2003-09-28|CAR|ATL
nflverse,football,NFL,2003-09-28,DEN,DET,20.0,16.0,,,,True,True,False,True,football|NFL|2003-09-28|DEN|DET
nflverse,football,NFL,2003-09-28,NYJ,DAL,6.0,17.0,,,,True,True,False,True,football|NFL|2003-09-28|NYJ|DAL
nflverse,football,NFL,2003-09-28,NO,IND,21.0,55.0,,,,True,True,False,True,football|NFL|2003-09-28|NO|IND
nflverse,football,NFL,2003-09-29,CHI,GB,23.0,38.0,,,,True,True,False,True,football|NFL|2003-09-29|CHI|GB
nflverse,football,NFL,2003-10-05,ATL,MIN,26.0,39.0,,,,True,True,False,True,football|NFL|2003-10-05|ATL|MIN
nflverse,football,NFL,2003-10-05,BUF,CIN,22.0,16.0,,,,True,True,False,True,football|NFL|2003-10-05|BUF|CIN
nflverse,football,NFL,2003-10-05,CAR,NO,19.0,13.0,,,,True,True,False,True,football|NFL|2003-10-05|CAR|NO
nflverse,football,NFL,2003-10-05,CHI,OAK,24.0,21.0,,,,True,True,False,True,football|NFL|2003-10-05|CHI|OAK
nflverse,football,NFL,2003-10-05,DAL,ARI,24.0,7.0,,,,True,True,False,True,football|NFL|2003-10-05|DAL|ARI
nflverse,football,NFL,2003-10-05,GB,SEA,35.0,13.0,,,,True,True,False,True,football|NFL|2003-10-05|GB|SEA
nflverse,football,NFL,2003-10-05,KC,DEN,24.0,23.0,,,,True,True,False,True,football|NFL|2003-10-05|KC|DEN
nflverse,football,NFL,2003-10-05,NE,TEN,38.0,30.0,,,,True,True,False,True,football|NFL|2003-10-05|NE|TEN
nflverse,football,NFL,2003-10-05,NYG,MIA,10.0,23.0,,,,True,True,False,True,football|NFL|2003-10-05|NYG|MIA
nflverse,football,NFL,2003-10-05,JAX,SD,27.0,21.0,,,,True,True,False,True,football|NFL|2003-10-05|JAX|SD
nflverse,football,NFL,2003-10-05,PHI,WAS,27.0,25.0,,,,True,True,False,True,football|NFL|2003-10-05|PHI|WAS
nflverse,football,NFL,2003-10-05,SF,DET,24.0,17.0,,,,True,True,False,True,football|NFL|2003-10-05|SF|DET
nflverse,football,NFL,2003-10-05,PIT,CLE,13.0,33.0,,,,True,True,False,True,football|NFL|2003-10-05|PIT|CLE
nflverse,football,NFL,2003-10-06,TB,IND,35.0,38.0,,,,True,True,False,True,football|NFL|2003-10-06|TB|IND
nflverse,football,NFL,2003-10-12,CLE,OAK,13.0,7.0,,,,True,True,False,True,football|NFL|2003-10-12|CLE|OAK
nflverse,football,NFL,2003-10-12,DAL,PHI,23.0,21.0,,,,True,True,False,True,football|NFL|2003-10-12|DAL|PHI
nflverse,football,NFL,2003-10-12,GB,KC,34.0,40.0,,,,True,True,False,True,football|NFL|2003-10-12|GB|KC
nflverse,football,NFL,2003-10-12,IND,CAR,20.0,23.0,,,,True,True,False,True,football|NFL|2003-10-12|IND|CAR
nflverse,football,NFL,2003-10-12,JAX,MIA,10.0,24.0,,,,True,True,False,True,football|NFL|2003-10-12|JAX|MIA
nflverse,football,NFL,2003-10-12,NE,NYG,17.0,6.0,,,,True,True,False,True,football|NFL|2003-10-12|NE|NYG
nflverse,football,NFL,2003-10-12,NO,CHI,20.0,13.0,,,,True,True,False,True,football|NFL|2003-10-12|NO|CHI
nflverse,football,NFL,2003-10-12,TEN,HOU,38.0,17.0,,,,True,True,False,True,football|NFL|2003-10-12|TEN|HOU
nflverse,football,NFL,2003-10-12,WAS,TB,13.0,35.0,,,,True,True,False,True,football|NFL|2003-10-12|WAS|TB
nflverse,football,NFL,2003-10-12,ARI,BAL,18.0,26.0,,,,True,True,False,True,football|NFL|2003-10-12|ARI|BAL
nflverse,football,NFL,2003-10-12,DEN,PIT,17.0,14.0,,,,True,True,False,True,football|NFL|2003-10-12|DEN|PIT
nflverse,football,NFL,2003-10-12,NYJ,BUF,30.0,3.0,,,,True,True,False,True,football|NFL|2003-10-12|NYJ|BUF
nflverse,football,NFL,2003-10-12,SEA,SF,20.0,19.0,,,,True,True,False,True,football|NFL|2003-10-12|SEA|SF
nflverse,football,NFL,2003-10-13,STL,ATL,36.0,0.0,,,,True,True,False,True,football|NFL|2003-10-13|STL|ATL
nflverse,football,NFL,2003-10-19,ATL,NO,17.0,45.0,,,,True,True,False,True,football|NFL|2003-10-19|ATL|NO
nflverse,football,NFL,2003-10-19,CAR,TEN,17.0,37.0,,,,True,True,False,True,football|NFL|2003-10-19|CAR|TEN
nflverse,football,NFL,2003-10-19,CIN,BAL,34.0,26.0,,,,True,True,False,True,football|NFL|2003-10-19|CIN|BAL
nflverse,football,NFL,2003-10-19,CLE,SD,20.0,26.0,,,,True,True,False,True,football|NFL|2003-10-19|CLE|SD
nflverse,football,NFL,2003-10-19,DET,DAL,7.0,38.0,,,,True,True,False,True,football|NFL|2003-10-19|DET|DAL
nflverse,football,NFL,2003-10-19,MIA,NE,13.0,19.0,,,,True,True,False,True,football|NFL|2003-10-19|MIA|NE
nflverse,football,NFL,2003-10-19,MIN,DEN,28.0,20.0,,,,True,True,False,True,football|NFL|2003-10-19|MIN|DEN
nflverse,football,NFL,2003-10-19,NYG,PHI,10.0,14.0,,,,True,True,False,True,football|NFL|2003-10-19|NYG|PHI
nflverse,football,NFL,2003-10-19,STL,GB,34.0,24.0,,,,True,True,False,True,football|NFL|2003-10-19|STL|GB
nflverse,football,NFL,2003-10-19,HOU,NYJ,14.0,19.0,,,,True,True,False,True,football|NFL|2003-10-19|HOU|NYJ
nflverse,football,NFL,2003-10-19,BUF,WAS,24.0,7.0,,,,True,True,False,True,football|NFL|2003-10-19|BUF|WAS
nflverse,football,NFL,2003-10-19,SEA,CHI,24.0,17.0,,,,True,True,False,True,football|NFL|2003-10-19|SEA|CHI
nflverse,football,NFL,2003-10-19,SF,TB,24.0,7.0,,,,True,True,False,True,football|NFL|2003-10-19|SF|TB
nflverse,football,NFL,2003-10-20,OAK,KC,10.0,17.0,,,,True,True,False,True,football|NFL|2003-10-20|OAK|KC
nflverse,football,NFL,2003-10-26,BAL,DEN,26.0,6.0,,,,True,True,False,True,football|NFL|2003-10-26|BAL|DEN
nflverse,football,NFL,2003-10-26,CHI,DET,24.0,16.0,,,,True,True,False,True,football|NFL|2003-10-26|CHI|DET
nflverse,football,NFL,2003-10-26,CIN,SEA,27.0,24.0,,,,True,True,False,True,football|NFL|2003-10-26|CIN|SEA
nflverse,football,NFL,2003-10-26,JAX,TEN,17.0,30.0,,,,True,True,False,True,football|NFL|2003-10-26|JAX|TEN
nflverse,football,NFL,2003-10-26,MIN,NYG,17.0,29.0,,,,True,True,False,True,football|NFL|2003-10-26|MIN|NYG
nflverse,football,NFL,2003-10-26,NE,CLE,9.0,3.0,,,,True,True,False,True,football|NFL|2003-10-26|NE|CLE
nflverse,football,NFL,2003-10-26,NO,CAR,20.0,23.0,,,,True,True,False,True,football|NFL|2003-10-26|NO|CAR
nflverse,football,NFL,2003-10-26,PIT,STL,21.0,33.0,,,,True,True,False,True,football|NFL|2003-10-26|PIT|STL
nflverse,football,NFL,2003-10-26,TB,DAL,16.0,0.0,,,,True,True,False,True,football|NFL|2003-10-26|TB|DAL
nflverse,football,NFL,2003-10-26,ARI,SF,16.0,13.0,,,,True,True,False,True,football|NFL|2003-10-26|ARI|SF
nflverse,football,NFL,2003-10-26,IND,HOU,30.0,21.0,,,,True,True,False,True,football|NFL|2003-10-26|IND|HOU
nflverse,football,NFL,2003-10-26,PHI,NYJ,24.0,17.0,,,,True,True,False,True,football|NFL|2003-10-26|PHI|NYJ
nflverse,football,NFL,2003-10-26,KC,BUF,38.0,5.0,,,,True,True,False,True,football|NFL|2003-10-26|KC|BUF
nflverse,football,NFL,2003-10-27,SD,MIA,10.0,26.0,,,,True,True,False,True,football|NFL|2003-10-27|SD|MIA
nflverse,football,NFL,2003-11-02,BAL,JAX,24.0,17.0,,,,True,True,False,True,football|NFL|2003-11-02|BAL|JAX
nflverse,football,NFL,2003-11-02,CHI,SD,20.0,7.0,,,,True,True,False,True,football|NFL|2003-11-02|CHI|SD
nflverse,football,NFL,2003-11-02,DET,OAK,23.0,13.0,,,,True,True,False,True,football|NFL|2003-11-02|DET|OAK
nflverse,football,NFL,2003-11-02,HOU,CAR,14.0,10.0,,,,True,True,False,True,football|NFL|2003-11-02|HOU|CAR
nflverse,football,NFL,2003-11-02,MIA,IND,17.0,23.0,,,,True,True,False,True,football|NFL|2003-11-02|MIA|IND
nflverse,football,NFL,2003-11-02,NYJ,NYG,28.0,31.0,,,,True,True,False,True,football|NFL|2003-11-02|NYJ|NYG
nflverse,football,NFL,2003-11-02,TB,NO,14.0,17.0,,,,True,True,False,True,football|NFL|2003-11-02|TB|NO
nflverse,football,NFL,2003-11-02,ARI,CIN,17.0,14.0,,,,True,True,False,True,football|NFL|2003-11-02|ARI|CIN
nflverse,football,NFL,2003-11-02,SEA,PIT,23.0,16.0,,,,True,True,False,True,football|NFL|2003-11-02|SEA|PIT
nflverse,football,NFL,2003-11-02,ATL,PHI,16.0,23.0,,,,True,True,False,True,football|NFL|2003-11-02|ATL|PHI
nflverse,football,NFL,2003-11-02,DAL,WAS,21.0,14.0,,,,True,True,False,True,football|NFL|2003-11-02|DAL|WAS
nflverse,football,NFL,2003-11-02,SF,STL,30.0,10.0,,,,True,True,False,True,football|NFL|2003-11-02|SF|STL
nflverse,football,NFL,2003-11-02,MIN,GB,27.0,30.0,,,,True,True,False,True,football|NFL|2003-11-02|MIN|GB
nflverse,football,NFL,2003-11-03,DEN,NE,26.0,30.0,,,,True,True,False,True,football|NFL|2003-11-03|DEN|NE
nflverse,football,NFL,2003-11-09,CAR,TB,27.0,24.0,,,,True,True,False,True,football|NFL|2003-11-09|CAR|TB
nflverse,football,NFL,2003-11-09,CIN,HOU,34.0,27.0,,,,True,True,False,True,football|NFL|2003-11-09|CIN|HOU
nflverse,football,NFL,2003-11-09,DET,CHI,12.0,10.0,,,,True,True,False,True,football|NFL|2003-11-09|DET|CHI
nflverse,football,NFL,2003-11-09,JAX,IND,28.0,23.0,,,,True,True,False,True,football|NFL|2003-11-09|JAX|IND
nflverse,football,NFL,2003-11-09,KC,CLE,41.0,20.0,,,,True,True,False,True,football|NFL|2003-11-09|KC|CLE
nflverse,football,NFL,2003-11-09,NYG,ATL,7.0,27.0,,,,True,True,False,True,football|NFL|2003-11-09|NYG|ATL
nflverse,football,NFL,2003-11-09,PIT,ARI,28.0,15.0,,,,True,True,False,True,football|NFL|2003-11-09|PIT|ARI
nflverse,football,NFL,2003-11-09,TEN,MIA,31.0,7.0,,,,True,True,False,True,football|NFL|2003-11-09|TEN|MIA
nflverse,football,NFL,2003-11-09,WAS,SEA,27.0,20.0,,,,True,True,False,True,football|NFL|2003-11-09|WAS|SEA
nflverse,football,NFL,2003-11-09,SD,MIN,42.0,28.0,,,,True,True,False,True,football|NFL|2003-11-09|SD|MIN
nflverse,football,NFL,2003-11-09,DAL,BUF,10.0,6.0,,,,True,True,False,True,football|NFL|2003-11-09|DAL|BUF
nflverse,football,NFL,2003-11-09,OAK,NYJ,24.0,27.0,,,,True,True,False,True,football|NFL|2003-11-09|OAK|NYJ
nflverse,football,NFL,2003-11-09,STL,BAL,33.0,22.0,,,,True,True,False,True,football|NFL|2003-11-09|STL|BAL
nflverse,football,NFL,2003-11-10,GB,PHI,14.0,17.0,,,,True,True,False,True,football|NFL|2003-11-10|GB|PHI
nflverse,football,NFL,2003-11-16,BUF,HOU,10.0,12.0,,,,True,True,False,True,football|NFL|2003-11-16|BUF|HOU
nflverse,football,NFL,2003-11-16,CAR,WAS,20.0,17.0,,,,True,True,False,True,football|NFL|2003-11-16|CAR|WAS
nflverse,football,NFL,2003-11-16,CHI,STL,21.0,23.0,,,,True,True,False,True,football|NFL|2003-11-16|CHI|STL
nflverse,football,NFL,2003-11-16,CIN,KC,24.0,19.0,,,,True,True,False,True,football|NFL|2003-11-16|CIN|KC
nflverse,football,NFL,2003-11-16,CLE,ARI,44.0,6.0,,,,True,True,False,True,football|NFL|2003-11-16|CLE|ARI
nflverse,football,NFL,2003-11-16,MIA,BAL,9.0,6.0,,,,True,True,False,True,football|NFL|2003-11-16|MIA|BAL
nflverse,football,NFL,2003-11-16,NO,ATL,23.0,20.0,,,,True,True,False,True,football|NFL|2003-11-16|NO|ATL
nflverse,football,NFL,2003-11-16,PHI,NYG,28.0,10.0,,,,True,True,False,True,football|NFL|2003-11-16|PHI|NYG
nflverse,football,NFL,2003-11-16,TEN,JAX,10.0,3.0,,,,True,True,False,True,football|NFL|2003-11-16|TEN|JAX
nflverse,football,NFL,2003-11-16,DEN,SD,37.0,8.0,,,,True,True,False,True,football|NFL|2003-11-16|DEN|SD
nflverse,football,NFL,2003-11-16,IND,NYJ,38.0,31.0,,,,True,True,False,True,football|NFL|2003-11-16|IND|NYJ
nflverse,football,NFL,2003-11-16,OAK,MIN,28.0,18.0,,,,True,True,False,True,football|NFL|2003-11-16|OAK|MIN
nflverse,football,NFL,2003-11-16,SEA,DET,35.0,14.0,,,,True,True,False,True,football|NFL|2003-11-16|SEA|DET
nflverse,football,NFL,2003-11-16,TB,GB,13.0,20.0,,,,True,True,False,True,football|NFL|2003-11-16|TB|GB
nflverse,football,NFL,2003-11-16,NE,DAL,12.0,0.0,,,,True,True,False,True,football|NFL|2003-11-16|NE|DAL
nflverse,football,NFL,2003-11-17,SF,PIT,30.0,14.0,,,,True,True,False,True,football|NFL|2003-11-17|SF|PIT
nflverse,football,NFL,2003-11-23,BAL,SEA,44.0,41.0,,,,True,True,False,True,football|NFL|2003-11-23|BAL|SEA
nflverse,football,NFL,2003-11-23,BUF,IND,14.0,17.0,,,,True,True,False,True,football|NFL|2003-11-23|BUF|IND
nflverse,football,NFL,2003-11-23,CLE,PIT,6.0,13.0,,,,True,True,False,True,football|NFL|2003-11-23|CLE|PIT
nflverse,football,NFL,2003-11-23,DAL,CAR,24.0,20.0,,,,True,True,False,True,football|NFL|2003-11-23|DAL|CAR
nflverse,football,NFL,2003-11-23,GB,SF,20.0,10.0,,,,True,True,False,True,football|NFL|2003-11-23|GB|SF
nflverse,football,NFL,2003-11-23,HOU,NE,20.0,23.0,,,,True,True,False,True,football|NFL|2003-11-23|HOU|NE
nflverse,football,NFL,2003-11-23,MIN,DET,24.0,14.0,,,,True,True,False,True,football|NFL|2003-11-23|MIN|DET
nflverse,football,NFL,2003-11-23,NYJ,JAX,13.0,10.0,,,,True,True,False,True,football|NFL|2003-11-23|NYJ|JAX
nflverse,football,NFL,2003-11-23,PHI,NO,33.0,20.0,,,,True,True,False,True,football|NFL|2003-11-23|PHI|NO
nflverse,football,NFL,2003-11-23,ARI,STL,27.0,30.0,,,,True,True,False,True,football|NFL|2003-11-23|ARI|STL
nflverse,football,NFL,2003-11-23,DEN,CHI,10.0,19.0,,,,True,True,False,True,football|NFL|2003-11-23|DEN|CHI
nflverse,football,NFL,2003-11-23,ATL,TEN,31.0,38.0,,,,True,True,False,True,football|NFL|2003-11-23|ATL|TEN
nflverse,football,NFL,2003-11-23,KC,OAK,27.0,24.0,,,,True,True,False,True,football|NFL|2003-11-23|KC|OAK
nflverse,football,NFL,2003-11-23,SD,CIN,27.0,34.0,,,,True,True,False,True,football|NFL|2003-11-23|SD|CIN
nflverse,football,NFL,2003-11-23,MIA,WAS,24.0,23.0,,,,True,True,False,True,football|NFL|2003-11-23|MIA|WAS
nflverse,football,NFL,2003-11-24,TB,NYG,19.0,13.0,,,,True,True,False,True,football|NFL|2003-11-24|TB|NYG
nflverse,football,NFL,2003-11-27,DET,GB,22.0,14.0,,,,True,True,False,True,football|NFL|2003-11-27|DET|GB
nflverse,football,NFL,2003-11-27,DAL,MIA,21.0,40.0,,,,True,True,False,True,football|NFL|2003-11-27|DAL|MIA
nflverse,football,NFL,2003-11-30,BAL,SF,44.0,6.0,,,,True,True,False,True,football|NFL|2003-11-30|BAL|SF
nflverse,football,NFL,2003-11-30,CAR,PHI,16.0,25.0,,,,True,True,False,True,football|NFL|2003-11-30|CAR|PHI
nflverse,football,NFL,2003-11-30,CHI,ARI,28.0,3.0,,,,True,True,False,True,football|NFL|2003-11-30|CHI|ARI
nflverse,football,NFL,2003-11-30,HOU,ATL,17.0,13.0,,,,True,True,False,True,football|NFL|2003-11-30|HOU|ATL
nflverse,football,NFL,2003-11-30,IND,NE,34.0,38.0,,,,True,True,False,True,football|NFL|2003-11-30|IND|NE
nflverse,football,NFL,2003-11-30,NYG,BUF,7.0,24.0,,,,True,True,False,True,football|NFL|2003-11-30|NYG|BUF
nflverse,football,NFL,2003-11-30,PIT,CIN,20.0,24.0,,,,True,True,False,True,football|NFL|2003-11-30|PIT|CIN
nflverse,football,NFL,2003-11-30,STL,MIN,48.0,17.0,,,,True,True,False,True,football|NFL|2003-11-30|STL|MIN
nflverse,football,NFL,2003-11-30,WAS,NO,20.0,24.0,,,,True,True,False,True,football|NFL|2003-11-30|WAS|NO
nflverse,football,NFL,2003-11-30,OAK,DEN,8.0,22.0,,,,True,True,False,True,football|NFL|2003-11-30|OAK|DEN
nflverse,football,NFL,2003-11-30,SD,KC,24.0,28.0,,,,True,True,False,True,football|NFL|2003-11-30|SD|KC
nflverse,football,NFL,2003-11-30,SEA,CLE,34.0,7.0,,,,True,True,False,True,football|NFL|2003-11-30|SEA|CLE
nflverse,football,NFL,2003-11-30,JAX,TB,17.0,10.0,,,,True,True,False,True,football|NFL|2003-11-30|JAX|TB
nflverse,football,NFL,2003-12-01,NYJ,TEN,24.0,17.0,,,,True,True,False,True,football|NFL|2003-12-01|NYJ|TEN
nflverse,football,NFL,2003-12-07,BAL,CIN,31.0,13.0,,,,True,True,False,True,football|NFL|2003-12-07|BAL|CIN
nflverse,football,NFL,2003-12-07,DET,SD,7.0,14.0,,,,True,True,False,True,football|NFL|2003-12-07|DET|SD
nflverse,football,NFL,2003-12-07,GB,CHI,34.0,21.0,,,,True,True,False,True,football|NFL|2003-12-07|GB|CHI
nflverse,football,NFL,2003-12-07,JAX,HOU,27.0,0.0,,,,True,True,False,True,football|NFL|2003-12-07|JAX|HOU
nflverse,football,NFL,2003-12-07,MIN,SEA,34.0,7.0,,,,True,True,False,True,football|NFL|2003-12-07|MIN|SEA
nflverse,football,NFL,2003-12-07,NO,TB,7.0,14.0,,,,True,True,False,True,football|NFL|2003-12-07|NO|TB
nflverse,football,NFL,2003-12-07,NYG,WAS,7.0,20.0,,,,True,True,False,True,football|NFL|2003-12-07|NYG|WAS
nflverse,football,NFL,2003-12-07,PHI,DAL,36.0,10.0,,,,True,True,False,True,football|NFL|2003-12-07|PHI|DAL
nflverse,football,NFL,2003-12-07,PIT,OAK,27.0,7.0,,,,True,True,False,True,football|NFL|2003-12-07|PIT|OAK
nflverse,football,NFL,2003-12-07,TEN,IND,27.0,29.0,,,,True,True,False,True,football|NFL|2003-12-07|TEN|IND
nflverse,football,NFL,2003-12-07,SF,ARI,50.0,14.0,,,,True,True,False,True,football|NFL|2003-12-07|SF|ARI
nflverse,football,NFL,2003-12-07,BUF,NYJ,17.0,6.0,,,,True,True,False,True,football|NFL|2003-12-07|BUF|NYJ
nflverse,football,NFL,2003-12-07,DEN,KC,45.0,27.0,,,,True,True,False,True,football|NFL|2003-12-07|DEN|KC
nflverse,football,NFL,2003-12-07,NE,MIA,12.0,0.0,,,,True,True,False,True,football|NFL|2003-12-07|NE|MIA
nflverse,football,NFL,2003-12-07,ATL,CAR,20.0,14.0,,,,True,True,False,True,football|NFL|2003-12-07|ATL|CAR
nflverse,football,NFL,2003-12-08,CLE,STL,20.0,26.0,,,,True,True,False,True,football|NFL|2003-12-08|CLE|STL
nflverse,football,NFL,2003-12-14,CHI,MIN,13.0,10.0,,,,True,True,False,True,football|NFL|2003-12-14|CHI|MIN
nflverse,football,NFL,2003-12-14,CIN,SF,41.0,38.0,,,,True,True,False,True,football|NFL|2003-12-14|CIN|SF
nflverse,football,NFL,2003-12-14,IND,ATL,38.0,7.0,,,,True,True,False,True,football|NFL|2003-12-14|IND|ATL
nflverse,football,NFL,2003-12-14,KC,DET,45.0,17.0,,,,True,True,False,True,football|NFL|2003-12-14|KC|DET
nflverse,football,NFL,2003-12-14,NE,JAX,27.0,13.0,,,,True,True,False,True,football|NFL|2003-12-14|NE|JAX
nflverse,football,NFL,2003-12-14,NYJ,PIT,6.0,0.0,,,,True,True,False,True,football|NFL|2003-12-14|NYJ|PIT
nflverse,football,NFL,2003-12-14,STL,SEA,27.0,22.0,,,,True,True,False,True,football|NFL|2003-12-14|STL|SEA
nflverse,football,NFL,2003-12-14,TB,HOU,16.0,3.0,,,,True,True,False,True,football|NFL|2003-12-14|TB|HOU
nflverse,football,NFL,2003-12-14,TEN,BUF,28.0,26.0,,,,True,True,False,True,football|NFL|2003-12-14|TEN|BUF
nflverse,football,NFL,2003-12-14,DEN,CLE,23.0,20.0,,,,True,True,False,True,football|NFL|2003-12-14|DEN|CLE
nflverse,football,NFL,2003-12-14,OAK,BAL,20.0,12.0,,,,True,True,False,True,football|NFL|2003-12-14|OAK|BAL
nflverse,football,NFL,2003-12-14,ARI,CAR,17.0,20.0,,,,True,True,False,True,football|NFL|2003-12-14|ARI|CAR
nflverse,football,NFL,2003-12-14,SD,GB,21.0,38.0,,,,True,True,False,True,football|NFL|2003-12-14|SD|GB
nflverse,football,NFL,2003-12-14,WAS,DAL,0.0,27.0,,,,True,True,False,True,football|NFL|2003-12-14|WAS|DAL
nflverse,football,NFL,2003-12-14,NO,NYG,45.0,7.0,,,,True,True,False,True,football|NFL|2003-12-14|NO|NYG
nflverse,football,NFL,2003-12-15,MIA,PHI,27.0,34.0,,,,True,True,False,True,football|NFL|2003-12-15|MIA|PHI
nflverse,football,NFL,2003-12-20,TB,ATL,28.0,30.0,,,,True,True,False,True,football|NFL|2003-12-20|TB|ATL
nflverse,football,NFL,2003-12-20,MIN,KC,45.0,20.0,,,,True,True,False,True,football|NFL|2003-12-20|MIN|KC
nflverse,football,NFL,2003-12-20,NYJ,NE,16.0,21.0,,,,True,True,False,True,football|NFL|2003-12-20|NYJ|NE
nflverse,football,NFL,2003-12-21,BUF,MIA,3.0,20.0,,,,True,True,False,True,football|NFL|2003-12-21|BUF|MIA
nflverse,football,NFL,2003-12-21,CAR,DET,20.0,14.0,,,,True,True,False,True,football|NFL|2003-12-21|CAR|DET
nflverse,football,NFL,2003-12-21,CHI,WAS,27.0,24.0,,,,True,True,False,True,football|NFL|2003-12-21|CHI|WAS
nflverse,football,NFL,2003-12-21,CLE,BAL,0.0,35.0,,,,True,True,False,True,football|NFL|2003-12-21|CLE|BAL
nflverse,football,NFL,2003-12-21,DAL,NYG,19.0,3.0,,,,True,True,False,True,football|NFL|2003-12-21|DAL|NYG
nflverse,football,NFL,2003-12-21,HOU,TEN,24.0,27.0,,,,True,True,False,True,football|NFL|2003-12-21|HOU|TEN
nflverse,football,NFL,2003-12-21,JAX,NO,20.0,19.0,,,,True,True,False,True,football|NFL|2003-12-21|JAX|NO
nflverse,football,NFL,2003-12-21,STL,CIN,27.0,10.0,,,,True,True,False,True,football|NFL|2003-12-21|STL|CIN
nflverse,football,NFL,2003-12-21,PIT,SD,40.0,24.0,,,,True,True,False,True,football|NFL|2003-12-21|PIT|SD
nflverse,football,NFL,2003-12-21,PHI,SF,28.0,31.0,,,,True,True,False,True,football|NFL|2003-12-21|PHI|SF
nflverse,football,NFL,2003-12-21,SEA,ARI,28.0,10.0,,,,True,True,False,True,football|NFL|2003-12-21|SEA|ARI
nflverse,football,NFL,2003-12-21,IND,DEN,17.0,31.0,,,,True,True,False,True,football|NFL|2003-12-21|IND|DEN
nflverse,football,NFL,2003-12-22,OAK,GB,7.0,41.0,,,,True,True,False,True,football|NFL|2003-12-22|OAK|GB
nflverse,football,NFL,2003-12-27,NE,BUF,31.0,0.0,,,,True,True,False,True,football|NFL|2003-12-27|NE|BUF
nflverse,football,NFL,2003-12-27,SF,SEA,17.0,24.0,,,,True,True,False,True,football|NFL|2003-12-27|SF|SEA
nflverse,football,NFL,2003-12-27,WAS,PHI,7.0,31.0,,,,True,True,False,True,football|NFL|2003-12-27|WAS|PHI
nflverse,football,NFL,2003-12-28,ATL,JAX,21.0,14.0,,,,True,True,False,True,football|NFL|2003-12-28|ATL|JAX
nflverse,football,NFL,2003-12-28,CIN,CLE,14.0,22.0,,,,True,True,False,True,football|NFL|2003-12-28|CIN|CLE
nflverse,football,NFL,2003-12-28,DET,STL,30.0,20.0,,,,True,True,False,True,football|NFL|2003-12-28|DET|STL
nflverse,football,NFL,2003-12-28,HOU,IND,17.0,20.0,,,,True,True,False,True,football|NFL|2003-12-28|HOU|IND
nflverse,football,NFL,2003-12-28,KC,CHI,31.0,3.0,,,,True,True,False,True,football|NFL|2003-12-28|KC|CHI
nflverse,football,NFL,2003-12-28,MIA,NYJ,23.0,21.0,,,,True,True,False,True,football|NFL|2003-12-28|MIA|NYJ
nflverse,football,NFL,2003-12-28,NO,DAL,13.0,7.0,,,,True,True,False,True,football|NFL|2003-12-28|NO|DAL
nflverse,football,NFL,2003-12-28,TEN,TB,33.0,13.0,,,,True,True,False,True,football|NFL|2003-12-28|TEN|TB
nflverse,football,NFL,2003-12-28,ARI,MIN,18.0,17.0,,,,True,True,False,True,football|NFL|2003-12-28|ARI|MIN
nflverse,football,NFL,2003-12-28,NYG,CAR,24.0,37.0,,,,True,True,False,True,football|NFL|2003-12-28|NYG|CAR
nflverse,football,NFL,2003-12-28,GB,DEN,31.0,3.0,,,,True,True,False,True,football|NFL|2003-12-28|GB|DEN
nflverse,football,NFL,2003-12-28,SD,OAK,21.0,14.0,,,,True,True,False,True,football|NFL|2003-12-28|SD|OAK
nflverse,football,NFL,2003-12-28,BAL,PIT,13.0,10.0,,,,True,True,False,True,football|NFL|2003-12-28|BAL|PIT
nflverse,football,NFL,2004-01-03,BAL,TEN,17.0,20.0,,,,True,True,False,True,football|NFL|2004-01-03|BAL|TEN
nflverse,football,NFL,2004-01-03,CAR,DAL,29.0,10.0,,,,True,True,False,True,football|NFL|2004-01-03|CAR|DAL
nflverse,football,NFL,2004-01-04,GB,SEA,33.0,27.0,,,,True,True,False,True,football|NFL|2004-01-04|GB|SEA
nflverse,football,NFL,2004-01-04,IND,DEN,41.0,10.0,,,,True,True,False,True,football|NFL|2004-01-04|IND|DEN
nflverse,football,NFL,2004-01-10,STL,CAR,23.0,29.0,,,,True,True,False,True,football|NFL|2004-01-10|STL|CAR
nflverse,football,NFL,2004-01-10,NE,TEN,17.0,14.0,,,,True,True,False,True,football|NFL|2004-01-10|NE|TEN
nflverse,football,NFL,2004-01-11,KC,IND,31.0,38.0,,,,True,True,False,True,football|NFL|2004-01-11|KC|IND
nflverse,football,NFL,2004-01-11,PHI,GB,20.0,17.0,,,,True,True,False,True,football|NFL|2004-01-11|PHI|GB
nflverse,football,NFL,2004-01-18,NE,IND,24.0,14.0,,,,True,True,False,True,football|NFL|2004-01-18|NE|IND
nflverse,football,NFL,2004-01-18,PHI,CAR,3.0,14.0,,,,True,True,False,True,football|NFL|2004-01-18|PHI|CAR
nflverse,football,NFL,2004-02-01,NE,CAR,32.0,29.0,,,,True,True,False,True,football|NFL|2004-02-01|NE|CAR
nflverse,football,NFL,2004-09-09,NE,IND,27.0,24.0,,,,True,True,False,True,football|NFL|2004-09-09|NE|IND
nflverse,football,NFL,2004-09-11,MIA,TEN,7.0,17.0,,,,True,True,False,True,football|NFL|2004-09-11|MIA|TEN
nflverse,football,NFL,2004-09-12,BUF,JAX,10.0,13.0,,,,True,True,False,True,football|NFL|2004-09-12|BUF|JAX
nflverse,football,NFL,2004-09-12,CHI,DET,16.0,20.0,,,,True,True,False,True,football|NFL|2004-09-12|CHI|DET
nflverse,football,NFL,2004-09-12,CLE,BAL,20.0,3.0,,,,True,True,False,True,football|NFL|2004-09-12|CLE|BAL
nflverse,football,NFL,2004-09-12,HOU,SD,20.0,27.0,,,,True,True,False,True,football|NFL|2004-09-12|HOU|SD
nflverse,football,NFL,2004-09-12,NO,SEA,7.0,21.0,,,,True,True,False,True,football|NFL|2004-09-12|NO|SEA
nflverse,football,NFL,2004-09-12,NYJ,CIN,31.0,24.0,,,,True,True,False,True,football|NFL|2004-09-12|NYJ|CIN
nflverse,football,NFL,2004-09-12,PIT,OAK,24.0,21.0,,,,True,True,False,True,football|NFL|2004-09-12|PIT|OAK
nflverse,football,NFL,2004-09-12,STL,ARI,17.0,10.0,,,,True,True,False,True,football|NFL|2004-09-12|STL|ARI
nflverse,football,NFL,2004-09-12,WAS,TB,16.0,10.0,,,,True,True,False,True,football|NFL|2004-09-12|WAS|TB
nflverse,football,NFL,2004-09-12,MIN,DAL,35.0,17.0,,,,True,True,False,True,football|NFL|2004-09-12|MIN|DAL
nflverse,football,NFL,2004-09-12,PHI,NYG,31.0,17.0,,,,True,True,False,True,football|NFL|2004-09-12|PHI|NYG
nflverse,football,NFL,2004-09-12,SF,ATL,19.0,21.0,,,,True,True,False,True,football|NFL|2004-09-12|SF|ATL
nflverse,football,NFL,2004-09-12,DEN,KC,34.0,24.0,,,,True,True,False,True,football|NFL|2004-09-12|DEN|KC
nflverse,football,NFL,2004-09-13,CAR,GB,14.0,24.0,,,,True,True,False,True,football|NFL|2004-09-13|CAR|GB
nflverse,football,NFL,2004-09-19,ATL,STL,34.0,17.0,,,,True,True,False,True,football|NFL|2004-09-19|ATL|STL
nflverse,football,NFL,2004-09-19,BAL,PIT,30.0,13.0,,,,True,True,False,True,football|NFL|2004-09-19|BAL|PIT
nflverse,football,NFL,2004-09-19,DET,HOU,28.0,16.0,,,,True,True,False,True,football|NFL|2004-09-19|DET|HOU
nflverse,football,NFL,2004-09-19,GB,CHI,10.0,21.0,,,,True,True,False,True,football|NFL|2004-09-19|GB|CHI
nflverse,football,NFL,2004-09-19,JAX,DEN,7.0,6.0,,,,True,True,False,True,football|NFL|2004-09-19|JAX|DEN
nflverse,football,NFL,2004-09-19,KC,CAR,17.0,28.0,,,,True,True,False,True,football|NFL|2004-09-19|KC|CAR
nflverse,football,NFL,2004-09-19,NO,SF,30.0,27.0,,,,True,True,False,True,football|NFL|2004-09-19|NO|SF
nflverse,football,NFL,2004-09-19,NYG,WAS,20.0,14.0,,,,True,True,False,True,football|NFL|2004-09-19|NYG|WAS
nflverse,football,NFL,2004-09-19,TEN,IND,17.0,31.0,,,,True,True,False,True,football|NFL|2004-09-19|TEN|IND
nflverse,football,NFL,2004-09-19,TB,SEA,6.0,10.0,,,,True,True,False,True,football|NFL|2004-09-19|TB|SEA
nflverse,football,NFL,2004-09-19,ARI,NE,12.0,23.0,,,,True,True,False,True,football|NFL|2004-09-19|ARI|NE
nflverse,football,NFL,2004-09-19,DAL,CLE,19.0,12.0,,,,True,True,False,True,football|NFL|2004-09-19|DAL|CLE
nflverse,football,NFL,2004-09-19,OAK,BUF,13.0,10.0,,,,True,True,False,True,football|NFL|2004-09-19|OAK|BUF
nflverse,football,NFL,2004-09-19,SD,NYJ,28.0,34.0,,,,True,True,False,True,football|NFL|2004-09-19|SD|NYJ
nflverse,football,NFL,2004-09-19,CIN,MIA,16.0,13.0,,,,True,True,False,True,football|NFL|2004-09-19|CIN|MIA
nflverse,football,NFL,2004-09-20,PHI,MIN,27.0,16.0,,,,True,True,False,True,football|NFL|2004-09-20|PHI|MIN
nflverse,football,NFL,2004-09-26,ATL,ARI,6.0,3.0,,,,True,True,False,True,football|NFL|2004-09-26|ATL|ARI
nflverse,football,NFL,2004-09-26,CIN,BAL,9.0,23.0,,,,True,True,False,True,football|NFL|2004-09-26|CIN|BAL
nflverse,football,NFL,2004-09-26,DET,PHI,13.0,30.0,,,,True,True,False,True,football|NFL|2004-09-26|DET|PHI
nflverse,football,NFL,2004-09-26,KC,HOU,21.0,24.0,,,,True,True,False,True,football|NFL|2004-09-26|KC|HOU
nflverse,football,NFL,2004-09-26,MIN,CHI,27.0,22.0,,,,True,True,False,True,football|NFL|2004-09-26|MIN|CHI
nflverse,football,NFL,2004-09-26,NYG,CLE,27.0,10.0,,,,True,True,False,True,football|NFL|2004-09-26|NYG|CLE
nflverse,football,NFL,2004-09-26,STL,NO,25.0,28.0,,,,True,True,False,True,football|NFL|2004-09-26|STL|NO
nflverse,football,NFL,2004-09-26,TEN,JAX,12.0,15.0,,,,True,True,False,True,football|NFL|2004-09-26|TEN|JAX
nflverse,football,NFL,2004-09-26,DEN,SD,23.0,13.0,,,,True,True,False,True,football|NFL|2004-09-26|DEN|SD
nflverse,football,NFL,2004-09-26,IND,GB,45.0,31.0,,,,True,True,False,True,football|NFL|2004-09-26|IND|GB
nflverse,football,NFL,2004-09-26,SEA,SF,34.0,0.0,,,,True,True,False,True,football|NFL|2004-09-26|SEA|SF
nflverse,football,NFL,2004-09-26,MIA,PIT,3.0,13.0,,,,True,True,False,True,football|NFL|2004-09-26|MIA|PIT
nflverse,football,NFL,2004-09-26,OAK,TB,30.0,20.0,,,,True,True,False,True,football|NFL|2004-09-26|OAK|TB
nflverse,football,NFL,2004-09-27,WAS,DAL,18.0,21.0,,,,True,True,False,True,football|NFL|2004-09-27|WAS|DAL
nflverse,football,NFL,2004-10-03,BUF,NE,17.0,31.0,,,,True,True,False,True,football|NFL|2004-10-03|BUF|NE
nflverse,football,NFL,2004-10-03,CHI,PHI,9.0,19.0,,,,True,True,False,True,football|NFL|2004-10-03|CHI|PHI
nflverse,football,NFL,2004-10-03,CLE,WAS,17.0,13.0,,,,True,True,False,True,football|NFL|2004-10-03|CLE|WAS
nflverse,football,NFL,2004-10-03,GB,NYG,7.0,14.0,,,,True,True,False,True,football|NFL|2004-10-03|GB|NYG
nflverse,football,NFL,2004-10-03,HOU,OAK,30.0,17.0,,,,True,True,False,True,football|NFL|2004-10-03|HOU|OAK
nflverse,football,NFL,2004-10-03,JAX,IND,17.0,24.0,,,,True,True,False,True,football|NFL|2004-10-03|JAX|IND
nflverse,football,NFL,2004-10-03,PIT,CIN,28.0,17.0,,,,True,True,False,True,football|NFL|2004-10-03|PIT|CIN
nflverse,football,NFL,2004-10-03,ARI,NO,34.0,10.0,,,,True,True,False,True,football|NFL|2004-10-03|ARI|NO
nflverse,football,NFL,2004-10-03,CAR,ATL,10.0,27.0,,,,True,True,False,True,football|NFL|2004-10-03|CAR|ATL
nflverse,football,NFL,2004-10-03,MIA,NYJ,9.0,17.0,,,,True,True,False,True,football|NFL|2004-10-03|MIA|NYJ
nflverse,football,NFL,2004-10-03,SD,TEN,38.0,17.0,,,,True,True,False,True,football|NFL|2004-10-03|SD|TEN
nflverse,football,NFL,2004-10-03,TB,DEN,13.0,16.0,,,,True,True,False,True,football|NFL|2004-10-03|TB|DEN
nflverse,football,NFL,2004-10-03,SF,STL,14.0,24.0,,,,True,True,False,True,football|NFL|2004-10-03|SF|STL
nflverse,football,NFL,2004-10-04,BAL,KC,24.0,27.0,,,,True,True,False,True,football|NFL|2004-10-04|BAL|KC
nflverse,football,NFL,2004-10-10,ATL,DET,10.0,17.0,,,,True,True,False,True,football|NFL|2004-10-10|ATL|DET
nflverse,football,NFL,2004-10-10,DAL,NYG,10.0,26.0,,,,True,True,False,True,football|NFL|2004-10-10|DAL|NYG
nflverse,football,NFL,2004-10-10,HOU,MIN,28.0,34.0,,,,True,True,False,True,football|NFL|2004-10-10|HOU|MIN
nflverse,football,NFL,2004-10-10,IND,OAK,35.0,14.0,,,,True,True,False,True,football|NFL|2004-10-10|IND|OAK
nflverse,football,NFL,2004-10-10,NE,MIA,24.0,10.0,,,,True,True,False,True,football|NFL|2004-10-10|NE|MIA
nflverse,football,NFL,2004-10-10,NO,TB,17.0,20.0,,,,True,True,False,True,football|NFL|2004-10-10|NO|TB
nflverse,football,NFL,2004-10-10,PIT,CLE,34.0,23.0,,,,True,True,False,True,football|NFL|2004-10-10|PIT|CLE
nflverse,football,NFL,2004-10-10,NYJ,BUF,16.0,14.0,,,,True,True,False,True,football|NFL|2004-10-10|NYJ|BUF
nflverse,football,NFL,2004-10-10,SD,JAX,34.0,21.0,,,,True,True,False,True,football|NFL|2004-10-10|SD|JAX
nflverse,football,NFL,2004-10-10,DEN,CAR,20.0,17.0,,,,True,True,False,True,football|NFL|2004-10-10|DEN|CAR
nflverse,football,NFL,2004-10-10,SEA,STL,27.0,33.0,,,,True,True,False,True,football|NFL|2004-10-10|SEA|STL
nflverse,football,NFL,2004-10-10,SF,ARI,31.0,28.0,,,,True,True,False,True,football|NFL|2004-10-10|SF|ARI
nflverse,football,NFL,2004-10-10,WAS,BAL,10.0,17.0,,,,True,True,False,True,football|NFL|2004-10-10|WAS|BAL
nflverse,football,NFL,2004-10-11,GB,TEN,27.0,48.0,,,,True,True,False,True,football|NFL|2004-10-11|GB|TEN
nflverse,football,NFL,2004-10-17,ATL,SD,21.0,20.0,,,,True,True,False,True,football|NFL|2004-10-17|ATL|SD
nflverse,football,NFL,2004-10-17,BUF,MIA,20.0,13.0,,,,True,True,False,True,football|NFL|2004-10-17|BUF|MIA
nflverse,football,NFL,2004-10-17,CHI,WAS,10.0,13.0,,,,True,True,False,True,football|NFL|2004-10-17|CHI|WAS
nflverse,football,NFL,2004-10-17,CLE,CIN,34.0,17.0,,,,True,True,False,True,football|NFL|2004-10-17|CLE|CIN
nflverse,football,NFL,2004-10-17,DET,GB,10.0,38.0,,,,True,True,False,True,football|NFL|2004-10-17|DET|GB
nflverse,football,NFL,2004-10-17,JAX,KC,22.0,16.0,,,,True,True,False,True,football|NFL|2004-10-17|JAX|KC
nflverse,football,NFL,2004-10-17,NE,SEA,30.0,20.0,,,,True,True,False,True,football|NFL|2004-10-17|NE|SEA
nflverse,football,NFL,2004-10-17,NYJ,SF,22.0,14.0,,,,True,True,False,True,football|NFL|2004-10-17|NYJ|SF
nflverse,football,NFL,2004-10-17,PHI,CAR,30.0,8.0,,,,True,True,False,True,football|NFL|2004-10-17|PHI|CAR
nflverse,football,NFL,2004-10-17,TEN,HOU,10.0,20.0,,,,True,True,False,True,football|NFL|2004-10-17|TEN|HOU
nflverse,football,NFL,2004-10-17,DAL,PIT,20.0,24.0,,,,True,True,False,True,football|NFL|2004-10-17|DAL|PIT
nflverse,football,NFL,2004-10-17,OAK,DEN,3.0,31.0,,,,True,True,False,True,football|NFL|2004-10-17|OAK|DEN
nflverse,football,NFL,2004-10-17,NO,MIN,31.0,38.0,,,,True,True,False,True,football|NFL|2004-10-17|NO|MIN
nflverse,football,NFL,2004-10-18,STL,TB,28.0,21.0,,,,True,True,False,True,football|NFL|2004-10-18|STL|TB
nflverse,football,NFL,2004-10-24,BAL,BUF,20.0,6.0,,,,True,True,False,True,football|NFL|2004-10-24|BAL|BUF
nflverse,football,NFL,2004-10-24,CAR,SD,6.0,17.0,,,,True,True,False,True,football|NFL|2004-10-24|CAR|SD
nflverse,football,NFL,2004-10-24,CLE,PHI,31.0,34.0,,,,True,True,False,True,football|NFL|2004-10-24|CLE|PHI
nflverse,football,NFL,2004-10-24,IND,JAX,24.0,27.0,,,,True,True,False,True,football|NFL|2004-10-24|IND|JAX
nflverse,football,NFL,2004-10-24,KC,ATL,56.0,10.0,,,,True,True,False,True,football|NFL|2004-10-24|KC|ATL
nflverse,football,NFL,2004-10-24,MIA,STL,31.0,14.0,,,,True,True,False,True,football|NFL|2004-10-24|MIA|STL
nflverse,football,NFL,2004-10-24,MIN,TEN,20.0,3.0,,,,True,True,False,True,football|NFL|2004-10-24|MIN|TEN
nflverse,football,NFL,2004-10-24,NYG,DET,13.0,28.0,,,,True,True,False,True,football|NFL|2004-10-24|NYG|DET
nflverse,football,NFL,2004-10-24,TB,CHI,19.0,7.0,,,,True,True,False,True,football|NFL|2004-10-24|TB|CHI
nflverse,football,NFL,2004-10-24,NE,NYJ,13.0,7.0,,,,True,True,False,True,football|NFL|2004-10-24|NE|NYJ
nflverse,football,NFL,2004-10-24,ARI,SEA,25.0,17.0,,,,True,True,False,True,football|NFL|2004-10-24|ARI|SEA
nflverse,football,NFL,2004-10-24,GB,DAL,41.0,20.0,,,,True,True,False,True,football|NFL|2004-10-24|GB|DAL
nflverse,football,NFL,2004-10-24,OAK,NO,26.0,31.0,,,,True,True,False,True,football|NFL|2004-10-24|OAK|NO
nflverse,football,NFL,2004-10-25,CIN,DEN,23.0,10.0,,,,True,True,False,True,football|NFL|2004-10-25|CIN|DEN
nflverse,football,NFL,2004-10-31,BUF,ARI,38.0,14.0,,,,True,True,False,True,football|NFL|2004-10-31|BUF|ARI
nflverse,football,NFL,2004-10-31,DAL,DET,31.0,21.0,,,,True,True,False,True,football|NFL|2004-10-31|DAL|DET
nflverse,football,NFL,2004-10-31,HOU,JAX,20.0,6.0,,,,True,True,False,True,football|NFL|2004-10-31|HOU|JAX
nflverse,football,NFL,2004-10-31,KC,IND,45.0,35.0,,,,True,True,False,True,football|NFL|2004-10-31|KC|IND
nflverse,football,NFL,2004-10-31,MIN,NYG,13.0,34.0,,,,True,True,False,True,football|NFL|2004-10-31|MIN|NYG
nflverse,football,NFL,2004-10-31,PHI,BAL,15.0,10.0,,,,True,True,False,True,football|NFL|2004-10-31|PHI|BAL
nflverse,football,NFL,2004-10-31,TEN,CIN,27.0,20.0,,,,True,True,False,True,football|NFL|2004-10-31|TEN|CIN
nflverse,football,NFL,2004-10-31,WAS,GB,14.0,28.0,,,,True,True,False,True,football|NFL|2004-10-31|WAS|GB
nflverse,football,NFL,2004-10-31,DEN,ATL,28.0,41.0,,,,True,True,False,True,football|NFL|2004-10-31|DEN|ATL
nflverse,football,NFL,2004-10-31,SEA,CAR,23.0,17.0,,,,True,True,False,True,football|NFL|2004-10-31|SEA|CAR
nflverse,football,NFL,2004-10-31,PIT,NE,34.0,20.0,,,,True,True,False,True,football|NFL|2004-10-31|PIT|NE
nflverse,football,NFL,2004-10-31,SD,OAK,42.0,14.0,,,,True,True,False,True,football|NFL|2004-10-31|SD|OAK
nflverse,football,NFL,2004-10-31,CHI,SF,23.0,13.0,,,,True,True,False,True,football|NFL|2004-10-31|CHI|SF
nflverse,football,NFL,2004-11-01,NYJ,MIA,41.0,14.0,,,,True,True,False,True,football|NFL|2004-11-01|NYJ|MIA
nflverse,football,NFL,2004-11-07,BUF,NYJ,22.0,17.0,,,,True,True,False,True,football|NFL|2004-11-07|BUF|NYJ
nflverse,football,NFL,2004-11-07,CAR,OAK,24.0,27.0,,,,True,True,False,True,football|NFL|2004-11-07|CAR|OAK
nflverse,football,NFL,2004-11-07,CIN,DAL,26.0,3.0,,,,True,True,False,True,football|NFL|2004-11-07|CIN|DAL
nflverse,football,NFL,2004-11-07,DET,WAS,10.0,17.0,,,,True,True,False,True,football|NFL|2004-11-07|DET|WAS
nflverse,football,NFL,2004-11-07,MIA,ARI,23.0,24.0,,,,True,True,False,True,football|NFL|2004-11-07|MIA|ARI
nflverse,football,NFL,2004-11-07,PIT,PHI,27.0,3.0,,,,True,True,False,True,football|NFL|2004-11-07|PIT|PHI
nflverse,football,NFL,2004-11-07,TB,KC,34.0,31.0,,,,True,True,False,True,football|NFL|2004-11-07|TB|KC
nflverse,football,NFL,2004-11-07,NYG,CHI,21.0,28.0,,,,True,True,False,True,football|NFL|2004-11-07|NYG|CHI
nflverse,football,NFL,2004-11-07,SD,NO,43.0,17.0,,,,True,True,False,True,football|NFL|2004-11-07|SD|NO
nflverse,football,NFL,2004-11-07,SF,SEA,27.0,42.0,,,,True,True,False,True,football|NFL|2004-11-07|SF|SEA
nflverse,football,NFL,2004-11-07,DEN,HOU,31.0,13.0,,,,True,True,False,True,football|NFL|2004-11-07|DEN|HOU
nflverse,football,NFL,2004-11-07,STL,NE,22.0,40.0,,,,True,True,False,True,football|NFL|2004-11-07|STL|NE
nflverse,football,NFL,2004-11-07,BAL,CLE,27.0,13.0,,,,True,True,False,True,football|NFL|2004-11-07|BAL|CLE
nflverse,football,NFL,2004-11-08,IND,MIN,31.0,28.0,,,,True,True,False,True,football|NFL|2004-11-08|IND|MIN
nflverse,football,NFL,2004-11-14,ATL,TB,24.0,14.0,,,,True,True,False,True,football|NFL|2004-11-14|ATL|TB
nflverse,football,NFL,2004-11-14,CLE,PIT,10.0,24.0,,,,True,True,False,True,football|NFL|2004-11-14|CLE|PIT
nflverse,football,NFL,2004-11-14,IND,HOU,49.0,14.0,,,,True,True,False,True,football|NFL|2004-11-14|IND|HOU
nflverse,football,NFL,2004-11-14,JAX,DET,23.0,17.0,,,,True,True,False,True,football|NFL|2004-11-14|JAX|DET
nflverse,football,NFL,2004-11-14,NO,KC,27.0,20.0,,,,True,True,False,True,football|NFL|2004-11-14|NO|KC
nflverse,football,NFL,2004-11-14,NYJ,BAL,17.0,20.0,,,,True,True,False,True,football|NFL|2004-11-14|NYJ|BAL
nflverse,football,NFL,2004-11-14,STL,SEA,23.0,12.0,,,,True,True,False,True,football|NFL|2004-11-14|STL|SEA
nflverse,football,NFL,2004-11-14,TEN,CHI,17.0,19.0,,,,True,True,False,True,football|NFL|2004-11-14|TEN|CHI
nflverse,football,NFL,2004-11-14,WAS,CIN,10.0,17.0,,,,True,True,False,True,football|NFL|2004-11-14|WAS|CIN
nflverse,football,NFL,2004-11-14,ARI,NYG,17.0,14.0,,,,True,True,False,True,football|NFL|2004-11-14|ARI|NYG
nflverse,football,NFL,2004-11-14,GB,MIN,34.0,31.0,,,,True,True,False,True,football|NFL|2004-11-14|GB|MIN
nflverse,football,NFL,2004-11-14,SF,CAR,27.0,37.0,,,,True,True,False,True,football|NFL|2004-11-14|SF|CAR
nflverse,football,NFL,2004-11-14,NE,BUF,29.0,6.0,,,,True,True,False,True,football|NFL|2004-11-14|NE|BUF
nflverse,football,NFL,2004-11-15,DAL,PHI,21.0,49.0,,,,True,True,False,True,football|NFL|2004-11-15|DAL|PHI
nflverse,football,NFL,2004-11-21,BAL,DAL,30.0,10.0,,,,True,True,False,True,football|NFL|2004-11-21|BAL|DAL
nflverse,football,NFL,2004-11-21,BUF,STL,37.0,17.0,,,,True,True,False,True,football|NFL|2004-11-21|BUF|STL
nflverse,football,NFL,2004-11-21,CAR,ARI,35.0,10.0,,,,True,True,False,True,football|NFL|2004-11-21|CAR|ARI
nflverse,football,NFL,2004-11-21,CHI,IND,10.0,41.0,,,,True,True,False,True,football|NFL|2004-11-21|CHI|IND
nflverse,football,NFL,2004-11-21,CIN,PIT,14.0,19.0,,,,True,True,False,True,football|NFL|2004-11-21|CIN|PIT
nflverse,football,NFL,2004-11-21,CLE,NYJ,7.0,10.0,,,,True,True,False,True,football|NFL|2004-11-21|CLE|NYJ
nflverse,football,NFL,2004-11-21,JAX,TEN,15.0,18.0,,,,True,True,False,True,football|NFL|2004-11-21|JAX|TEN
nflverse,football,NFL,2004-11-21,MIN,DET,22.0,19.0,,,,True,True,False,True,football|NFL|2004-11-21|MIN|DET
nflverse,football,NFL,2004-11-21,NO,DEN,13.0,34.0,,,,True,True,False,True,football|NFL|2004-11-21|NO|DEN
nflverse,football,NFL,2004-11-21,TB,SF,35.0,3.0,,,,True,True,False,True,football|NFL|2004-11-21|TB|SF
nflverse,football,NFL,2004-11-21,OAK,SD,17.0,23.0,,,,True,True,False,True,football|NFL|2004-11-21|OAK|SD
nflverse,football,NFL,2004-11-21,SEA,MIA,24.0,17.0,,,,True,True,False,True,football|NFL|2004-11-21|SEA|MIA
nflverse,football,NFL,2004-11-21,NYG,ATL,10.0,14.0,,,,True,True,False,True,football|NFL|2004-11-21|NYG|ATL
nflverse,football,NFL,2004-11-21,PHI,WAS,28.0,6.0,,,,True,True,False,True,football|NFL|2004-11-21|PHI|WAS
nflverse,football,NFL,2004-11-21,HOU,GB,13.0,16.0,,,,True,True,False,True,football|NFL|2004-11-21|HOU|GB
nflverse,football,NFL,2004-11-22,KC,NE,19.0,27.0,,,,True,True,False,True,football|NFL|2004-11-22|KC|NE
nflverse,football,NFL,2004-11-25,DET,IND,9.0,41.0,,,,True,True,False,True,football|NFL|2004-11-25|DET|IND
nflverse,football,NFL,2004-11-25,DAL,CHI,21.0,7.0,,,,True,True,False,True,football|NFL|2004-11-25|DAL|CHI
nflverse,football,NFL,2004-11-28,CAR,TB,21.0,14.0,,,,True,True,False,True,football|NFL|2004-11-28|CAR|TB
nflverse,football,NFL,2004-11-28,CIN,CLE,58.0,48.0,,,,True,True,False,True,football|NFL|2004-11-28|CIN|CLE
nflverse,football,NFL,2004-11-28,HOU,TEN,31.0,21.0,,,,True,True,False,True,football|NFL|2004-11-28|HOU|TEN
nflverse,football,NFL,2004-11-28,KC,SD,31.0,34.0,,,,True,True,False,True,football|NFL|2004-11-28|KC|SD
nflverse,football,NFL,2004-11-28,MIN,JAX,27.0,16.0,,,,True,True,False,True,football|NFL|2004-11-28|MIN|JAX
nflverse,football,NFL,2004-11-28,NYG,PHI,6.0,27.0,,,,True,True,False,True,football|NFL|2004-11-28|NYG|PHI
nflverse,football,NFL,2004-11-28,PIT,WAS,16.0,7.0,,,,True,True,False,True,football|NFL|2004-11-28|PIT|WAS
nflverse,football,NFL,2004-11-28,ATL,NO,24.0,21.0,,,,True,True,False,True,football|NFL|2004-11-28|ATL|NO
nflverse,football,NFL,2004-11-28,ARI,NYJ,3.0,13.0,,,,True,True,False,True,football|NFL|2004-11-28|ARI|NYJ
nflverse,football,NFL,2004-11-28,NE,BAL,24.0,3.0,,,,True,True,False,True,football|NFL|2004-11-28|NE|BAL
nflverse,football,NFL,2004-11-28,SEA,BUF,9.0,38.0,,,,True,True,False,True,football|NFL|2004-11-28|SEA|BUF
nflverse,football,NFL,2004-11-28,SF,MIA,17.0,24.0,,,,True,True,False,True,football|NFL|2004-11-28|SF|MIA
nflverse,football,NFL,2004-11-28,DEN,OAK,24.0,25.0,,,,True,True,False,True,football|NFL|2004-11-28|DEN|OAK
nflverse,football,NFL,2004-11-29,GB,STL,45.0,17.0,,,,True,True,False,True,football|NFL|2004-11-29|GB|STL
nflverse,football,NFL,2004-12-05,BAL,CIN,26.0,27.0,,,,True,True,False,True,football|NFL|2004-12-05|BAL|CIN
nflverse,football,NFL,2004-12-05,CHI,MIN,24.0,14.0,,,,True,True,False,True,football|NFL|2004-12-05|CHI|MIN
nflverse,football,NFL,2004-12-05,CLE,NE,15.0,42.0,,,,True,True,False,True,football|NFL|2004-12-05|CLE|NE
nflverse,football,NFL,2004-12-05,DET,ARI,26.0,12.0,,,,True,True,False,True,football|NFL|2004-12-05|DET|ARI
nflverse,football,NFL,2004-12-05,IND,TEN,51.0,24.0,,,,True,True,False,True,football|NFL|2004-12-05|IND|TEN
nflverse,football,NFL,2004-12-05,MIA,BUF,32.0,42.0,,,,True,True,False,True,football|NFL|2004-12-05|MIA|BUF
nflverse,football,NFL,2004-12-05,NO,CAR,21.0,32.0,,,,True,True,False,True,football|NFL|2004-12-05|NO|CAR
nflverse,football,NFL,2004-12-05,NYJ,HOU,29.0,7.0,,,,True,True,False,True,football|NFL|2004-12-05|NYJ|HOU
nflverse,football,NFL,2004-12-05,STL,SF,16.0,6.0,,,,True,True,False,True,football|NFL|2004-12-05|STL|SF
nflverse,football,NFL,2004-12-05,TB,ATL,27.0,0.0,,,,True,True,False,True,football|NFL|2004-12-05|TB|ATL
nflverse,football,NFL,2004-12-05,OAK,KC,27.0,34.0,,,,True,True,False,True,football|NFL|2004-12-05|OAK|KC
nflverse,football,NFL,2004-12-05,SD,DEN,20.0,17.0,,,,True,True,False,True,football|NFL|2004-12-05|SD|DEN
nflverse,football,NFL,2004-12-05,PHI,GB,47.0,17.0,,,,True,True,False,True,football|NFL|2004-12-05|PHI|GB
nflverse,football,NFL,2004-12-05,WAS,NYG,31.0,7.0,,,,True,True,False,True,football|NFL|2004-12-05|WAS|NYG
nflverse,football,NFL,2004-12-05,JAX,PIT,16.0,17.0,,,,True,True,False,True,football|NFL|2004-12-05|JAX|PIT
nflverse,football,NFL,2004-12-06,SEA,DAL,39.0,43.0,,,,True,True,False,True,football|NFL|2004-12-06|SEA|DAL
nflverse,football,NFL,2004-12-12,ATL,OAK,35.0,10.0,,,,True,True,False,True,football|NFL|2004-12-12|ATL|OAK
nflverse,football,NFL,2004-12-12,BAL,NYG,37.0,14.0,,,,True,True,False,True,football|NFL|2004-12-12|BAL|NYG
nflverse,football,NFL,2004-12-12,BUF,CLE,37.0,7.0,,,,True,True,False,True,football|NFL|2004-12-12|BUF|CLE
nflverse,football,NFL,2004-12-12,DAL,NO,13.0,27.0,,,,True,True,False,True,football|NFL|2004-12-12|DAL|NO
nflverse,football,NFL,2004-12-12,HOU,IND,14.0,23.0,,,,True,True,False,True,football|NFL|2004-12-12|HOU|IND
nflverse,football,NFL,2004-12-12,JAX,CHI,22.0,3.0,,,,True,True,False,True,football|NFL|2004-12-12|JAX|CHI
nflverse,football,NFL,2004-12-12,MIN,SEA,23.0,27.0,,,,True,True,False,True,football|NFL|2004-12-12|MIN|SEA
nflverse,football,NFL,2004-12-12,NE,CIN,35.0,28.0,,,,True,True,False,True,football|NFL|2004-12-12|NE|CIN
nflverse,football,NFL,2004-12-12,DEN,MIA,20.0,17.0,,,,True,True,False,True,football|NFL|2004-12-12|DEN|MIA
nflverse,football,NFL,2004-12-12,PIT,NYJ,17.0,6.0,,,,True,True,False,True,football|NFL|2004-12-12|PIT|NYJ
nflverse,football,NFL,2004-12-12,ARI,SF,28.0,31.0,,,,True,True,False,True,football|NFL|2004-12-12|ARI|SF
nflverse,football,NFL,2004-12-12,CAR,STL,20.0,7.0,,,,True,True,False,True,football|NFL|2004-12-12|CAR|STL
nflverse,football,NFL,2004-12-12,GB,DET,16.0,13.0,,,,True,True,False,True,football|NFL|2004-12-12|GB|DET
nflverse,football,NFL,2004-12-12,SD,TB,31.0,24.0,,,,True,True,False,True,football|NFL|2004-12-12|SD|TB
nflverse,football,NFL,2004-12-12,WAS,PHI,14.0,17.0,,,,True,True,False,True,football|NFL|2004-12-12|WAS|PHI
nflverse,football,NFL,2004-12-13,TEN,KC,38.0,49.0,,,,True,True,False,True,football|NFL|2004-12-13|TEN|KC
nflverse,football,NFL,2004-12-18,NYG,PIT,30.0,33.0,,,,True,True,False,True,football|NFL|2004-12-18|NYG|PIT
nflverse,football,NFL,2004-12-18,SF,WAS,16.0,26.0,,,,True,True,False,True,football|NFL|2004-12-18|SF|WAS
nflverse,football,NFL,2004-12-18,ATL,CAR,34.0,31.0,,,,True,True,False,True,football|NFL|2004-12-18|ATL|CAR
nflverse,football,NFL,2004-12-19,CHI,HOU,5.0,24.0,,,,True,True,False,True,football|NFL|2004-12-19|CHI|HOU
nflverse,football,NFL,2004-12-19,CIN,BUF,17.0,33.0,,,,True,True,False,True,football|NFL|2004-12-19|CIN|BUF
nflverse,football,NFL,2004-12-19,CLE,SD,0.0,21.0,,,,True,True,False,True,football|NFL|2004-12-19|CLE|SD
nflverse,football,NFL,2004-12-19,DET,MIN,27.0,28.0,,,,True,True,False,True,football|NFL|2004-12-19|DET|MIN
nflverse,football,NFL,2004-12-19,KC,DEN,45.0,17.0,,,,True,True,False,True,football|NFL|2004-12-19|KC|DEN
nflverse,football,NFL,2004-12-19,NYJ,SEA,37.0,14.0,,,,True,True,False,True,football|NFL|2004-12-19|NYJ|SEA
nflverse,football,NFL,2004-12-19,PHI,DAL,12.0,7.0,,,,True,True,False,True,football|NFL|2004-12-19|PHI|DAL
nflverse,football,NFL,2004-12-19,ARI,STL,31.0,7.0,,,,True,True,False,True,football|NFL|2004-12-19|ARI|STL
nflverse,football,NFL,2004-12-19,TB,NO,17.0,21.0,,,,True,True,False,True,football|NFL|2004-12-19|TB|NO
nflverse,football,NFL,2004-12-19,GB,JAX,25.0,28.0,,,,True,True,False,True,football|NFL|2004-12-19|GB|JAX
nflverse,football,NFL,2004-12-19,OAK,TEN,40.0,35.0,,,,True,True,False,True,football|NFL|2004-12-19|OAK|TEN
nflverse,football,NFL,2004-12-19,IND,BAL,20.0,10.0,,,,True,True,False,True,football|NFL|2004-12-19|IND|BAL
nflverse,football,NFL,2004-12-20,MIA,NE,29.0,28.0,,,,True,True,False,True,football|NFL|2004-12-20|MIA|NE
nflverse,football,NFL,2004-12-24,MIN,GB,31.0,34.0,,,,True,True,False,True,football|NFL|2004-12-24|MIN|GB
nflverse,football,NFL,2004-12-25,KC,OAK,31.0,30.0,,,,True,True,False,True,football|NFL|2004-12-25|KC|OAK
nflverse,football,NFL,2004-12-25,TEN,DEN,16.0,37.0,,,,True,True,False,True,football|NFL|2004-12-25|TEN|DEN
nflverse,football,NFL,2004-12-26,CIN,NYG,23.0,22.0,,,,True,True,False,True,football|NFL|2004-12-26|CIN|NYG
nflverse,football,NFL,2004-12-26,DET,CHI,19.0,13.0,,,,True,True,False,True,football|NFL|2004-12-26|DET|CHI
nflverse,football,NFL,2004-12-26,IND,SD,34.0,31.0,,,,True,True,False,True,football|NFL|2004-12-26|IND|SD
nflverse,football,NFL,2004-12-26,JAX,HOU,0.0,21.0,,,,True,True,False,True,football|NFL|2004-12-26|JAX|HOU
nflverse,football,NFL,2004-12-26,NO,ATL,26.0,13.0,,,,True,True,False,True,football|NFL|2004-12-26|NO|ATL
nflverse,football,NFL,2004-12-26,PIT,BAL,20.0,7.0,,,,True,True,False,True,football|NFL|2004-12-26|PIT|BAL
nflverse,football,NFL,2004-12-26,NYJ,NE,7.0,23.0,,,,True,True,False,True,football|NFL|2004-12-26|NYJ|NE
nflverse,football,NFL,2004-12-26,SF,BUF,7.0,41.0,,,,True,True,False,True,football|NFL|2004-12-26|SF|BUF
nflverse,football,NFL,2004-12-26,DAL,WAS,13.0,10.0,,,,True,True,False,True,football|NFL|2004-12-26|DAL|WAS
nflverse,football,NFL,2004-12-26,SEA,ARI,24.0,21.0,,,,True,True,False,True,football|NFL|2004-12-26|SEA|ARI
nflverse,football,NFL,2004-12-26,TB,CAR,20.0,37.0,,,,True,True,False,True,football|NFL|2004-12-26|TB|CAR
nflverse,football,NFL,2004-12-26,MIA,CLE,10.0,7.0,,,,True,True,False,True,football|NFL|2004-12-26|MIA|CLE
nflverse,football,NFL,2004-12-27,STL,PHI,20.0,7.0,,,,True,True,False,True,football|NFL|2004-12-27|STL|PHI
nflverse,football,NFL,2005-01-02,BAL,MIA,30.0,23.0,,,,True,True,False,True,football|NFL|2005-01-02|BAL|MIA
nflverse,football,NFL,2005-01-02,BUF,PIT,24.0,29.0,,,,True,True,False,True,football|NFL|2005-01-02|BUF|PIT
nflverse,football,NFL,2005-01-02,CAR,NO,18.0,21.0,,,,True,True,False,True,football|NFL|2005-01-02|CAR|NO
nflverse,football,NFL,2005-01-02,CHI,GB,14.0,31.0,,,,True,True,False,True,football|NFL|2005-01-02|CHI|GB
nflverse,football,NFL,2005-01-02,HOU,CLE,14.0,22.0,,,,True,True,False,True,football|NFL|2005-01-02|HOU|CLE
nflverse,football,NFL,2005-01-02,NE,SF,21.0,7.0,,,,True,True,False,True,football|NFL|2005-01-02|NE|SF
nflverse,football,NFL,2005-01-02,PHI,CIN,10.0,38.0,,,,True,True,False,True,football|NFL|2005-01-02|PHI|CIN
nflverse,football,NFL,2005-01-02,STL,NYJ,32.0,29.0,,,,True,True,False,True,football|NFL|2005-01-02|STL|NYJ
nflverse,football,NFL,2005-01-02,TEN,DET,24.0,19.0,,,,True,True,False,True,football|NFL|2005-01-02|TEN|DET
nflverse,football,NFL,2005-01-02,WAS,MIN,21.0,18.0,,,,True,True,False,True,football|NFL|2005-01-02|WAS|MIN
nflverse,football,NFL,2005-01-02,ARI,TB,12.0,7.0,,,,True,True,False,True,football|NFL|2005-01-02|ARI|TB
nflverse,football,NFL,2005-01-02,SEA,ATL,28.0,26.0,,,,True,True,False,True,football|NFL|2005-01-02|SEA|ATL
nflverse,football,NFL,2005-01-02,DEN,IND,33.0,14.0,,,,True,True,False,True,football|NFL|2005-01-02|DEN|IND
nflverse,football,NFL,2005-01-02,OAK,JAX,6.0,13.0,,,,True,True,False,True,football|NFL|2005-01-02|OAK|JAX
nflverse,football,NFL,2005-01-02,SD,KC,24.0,17.0,,,,True,True,False,True,football|NFL|2005-01-02|SD|KC
nflverse,football,NFL,2005-01-02,NYG,DAL,28.0,24.0,,,,True,True,False,True,football|NFL|2005-01-02|NYG|DAL
nflverse,football,NFL,2005-01-08,SEA,STL,20.0,27.0,,,,True,True,False,True,football|NFL|2005-01-08|SEA|STL
nflverse,football,NFL,2005-01-08,SD,NYJ,17.0,20.0,,,,True,True,False,True,football|NFL|2005-01-08|SD|NYJ
nflverse,football,NFL,2005-01-09,IND,DEN,49.0,24.0,,,,True,True,False,True,football|NFL|2005-01-09|IND|DEN
nflverse,football,NFL,2005-01-09,GB,MIN,17.0,31.0,,,,True,True,False,True,football|NFL|2005-01-09|GB|MIN
nflverse,football,NFL,2005-01-15,PIT,NYJ,20.0,17.0,,,,True,True,False,True,football|NFL|2005-01-15|PIT|NYJ
nflverse,football,NFL,2005-01-15,ATL,STL,47.0,17.0,,,,True,True,False,True,football|NFL|2005-01-15|ATL|STL
nflverse,football,NFL,2005-01-16,PHI,MIN,27.0,14.0,,,,True,True,False,True,football|NFL|2005-01-16|PHI|MIN
nflverse,football,NFL,2005-01-16,NE,IND,20.0,3.0,,,,True,True,False,True,football|NFL|2005-01-16|NE|IND
nflverse,football,NFL,2005-01-23,PHI,ATL,27.0,10.0,,,,True,True,False,True,football|NFL|2005-01-23|PHI|ATL
nflverse,football,NFL,2005-01-23,PIT,NE,27.0,41.0,,,,True,True,False,True,football|NFL|2005-01-23|PIT|NE
nflverse,football,NFL,2005-02-06,PHI,NE,21.0,24.0,,,,True,True,False,True,football|NFL|2005-02-06|PHI|NE
nflverse,football,NFL,2005-09-08,NE,OAK,30.0,20.0,,,,True,True,False,True,football|NFL|2005-09-08|NE|OAK
nflverse,football,NFL,2005-09-11,BUF,HOU,22.0,7.0,,,,True,True,False,True,football|NFL|2005-09-11|BUF|HOU
nflverse,football,NFL,2005-09-11,CAR,NO,20.0,23.0,,,,True,True,False,True,football|NFL|2005-09-11|CAR|NO
nflverse,football,NFL,2005-09-11,CLE,CIN,13.0,27.0,,,,True,True,False,True,football|NFL|2005-09-11|CLE|CIN
nflverse,football,NFL,2005-09-11,JAX,SEA,26.0,14.0,,,,True,True,False,True,football|NFL|2005-09-11|JAX|SEA
nflverse,football,NFL,2005-09-11,KC,NYJ,27.0,7.0,,,,True,True,False,True,football|NFL|2005-09-11|KC|NYJ
nflverse,football,NFL,2005-09-11,MIA,DEN,34.0,10.0,,,,True,True,False,True,football|NFL|2005-09-11|MIA|DEN
nflverse,football,NFL,2005-09-11,MIN,TB,13.0,24.0,,,,True,True,False,True,football|NFL|2005-09-11|MIN|TB
nflverse,football,NFL,2005-09-11,PIT,TEN,34.0,7.0,,,,True,True,False,True,football|NFL|2005-09-11|PIT|TEN
nflverse,football,NFL,2005-09-11,WAS,CHI,9.0,7.0,,,,True,True,False,True,football|NFL|2005-09-11|WAS|CHI
nflverse,football,NFL,2005-09-11,DET,GB,17.0,3.0,,,,True,True,False,True,football|NFL|2005-09-11|DET|GB
nflverse,football,NFL,2005-09-11,NYG,ARI,42.0,19.0,,,,True,True,False,True,football|NFL|2005-09-11|NYG|ARI
nflverse,football,NFL,2005-09-11,SD,DAL,24.0,28.0,,,,True,True,False,True,football|NFL|2005-09-11|SD|DAL
nflverse,football,NFL,2005-09-11,SF,STL,28.0,25.0,,,,True,True,False,True,football|NFL|2005-09-11|SF|STL
nflverse,football,NFL,2005-09-11,BAL,IND,7.0,24.0,,,,True,True,False,True,football|NFL|2005-09-11|BAL|IND
nflverse,football,NFL,2005-09-12,ATL,PHI,14.0,10.0,,,,True,True,False,True,football|NFL|2005-09-12|ATL|PHI
nflverse,football,NFL,2005-09-18,CAR,NE,27.0,17.0,,,,True,True,False,True,football|NFL|2005-09-18|CAR|NE
nflverse,football,NFL,2005-09-18,CHI,DET,38.0,6.0,,,,True,True,False,True,football|NFL|2005-09-18|CHI|DET
nflverse,football,NFL,2005-09-18,CIN,MIN,37.0,8.0,,,,True,True,False,True,football|NFL|2005-09-18|CIN|MIN
nflverse,football,NFL,2005-09-18,HOU,PIT,7.0,27.0,,,,True,True,False,True,football|NFL|2005-09-18|HOU|PIT
nflverse,football,NFL,2005-09-18,IND,JAX,10.0,3.0,,,,True,True,False,True,football|NFL|2005-09-18|IND|JAX
nflverse,football,NFL,2005-09-18,PHI,SF,42.0,3.0,,,,True,True,False,True,football|NFL|2005-09-18|PHI|SF
nflverse,football,NFL,2005-09-18,TB,BUF,19.0,3.0,,,,True,True,False,True,football|NFL|2005-09-18|TB|BUF
nflverse,football,NFL,2005-09-18,TEN,BAL,25.0,10.0,,,,True,True,False,True,football|NFL|2005-09-18|TEN|BAL
nflverse,football,NFL,2005-09-18,ARI,STL,12.0,17.0,,,,True,True,False,True,football|NFL|2005-09-18|ARI|STL
nflverse,football,NFL,2005-09-18,SEA,ATL,21.0,18.0,,,,True,True,False,True,football|NFL|2005-09-18|SEA|ATL
nflverse,football,NFL,2005-09-18,DEN,SD,20.0,17.0,,,,True,True,False,True,football|NFL|2005-09-18|DEN|SD
nflverse,football,NFL,2005-09-18,GB,CLE,24.0,26.0,,,,True,True,False,True,football|NFL|2005-09-18|GB|CLE
nflverse,football,NFL,2005-09-18,NYJ,MIA,17.0,7.0,,,,True,True,False,True,football|NFL|2005-09-18|NYJ|MIA
nflverse,football,NFL,2005-09-18,OAK,KC,17.0,23.0,,,,True,True,False,True,football|NFL|2005-09-18|OAK|KC
nflverse,football,NFL,2005-09-19,DAL,WAS,13.0,14.0,,,,True,True,False,True,football|NFL|2005-09-19|DAL|WAS
nflverse,football,NFL,2005-09-19,NO,NYG,10.0,27.0,,,,True,True,False,True,football|NFL|2005-09-19|NO|NYG
nflverse,football,NFL,2005-09-25,BUF,ATL,16.0,24.0,,,,True,True,False,True,football|NFL|2005-09-25|BUF|ATL
nflverse,football,NFL,2005-09-25,CHI,CIN,7.0,24.0,,,,True,True,False,True,football|NFL|2005-09-25|CHI|CIN
nflverse,football,NFL,2005-09-25,GB,TB,16.0,17.0,,,,True,True,False,True,football|NFL|2005-09-25|GB|TB
nflverse,football,NFL,2005-09-25,IND,CLE,13.0,6.0,,,,True,True,False,True,football|NFL|2005-09-25|IND|CLE
nflverse,football,NFL,2005-09-25,MIA,CAR,27.0,24.0,,,,True,True,False,True,football|NFL|2005-09-25|MIA|CAR
nflverse,football,NFL,2005-09-25,MIN,NO,33.0,16.0,,,,True,True,False,True,football|NFL|2005-09-25|MIN|NO
nflverse,football,NFL,2005-09-25,NYJ,JAX,20.0,26.0,,,,True,True,False,True,football|NFL|2005-09-25|NYJ|JAX
nflverse,football,NFL,2005-09-25,PHI,OAK,23.0,20.0,,,,True,True,False,True,football|NFL|2005-09-25|PHI|OAK
nflverse,football,NFL,2005-09-25,STL,TEN,31.0,27.0,,,,True,True,False,True,football|NFL|2005-09-25|STL|TEN
nflverse,football,NFL,2005-09-25,SEA,ARI,37.0,12.0,,,,True,True,False,True,football|NFL|2005-09-25|SEA|ARI
nflverse,football,NFL,2005-09-25,SF,DAL,31.0,34.0,,,,True,True,False,True,football|NFL|2005-09-25|SF|DAL
nflverse,football,NFL,2005-09-25,PIT,NE,20.0,23.0,,,,True,True,False,True,football|NFL|2005-09-25|PIT|NE
nflverse,football,NFL,2005-09-25,SD,NYG,45.0,23.0,,,,True,True,False,True,football|NFL|2005-09-25|SD|NYG
nflverse,football,NFL,2005-09-26,DEN,KC,30.0,10.0,,,,True,True,False,True,football|NFL|2005-09-26|DEN|KC
nflverse,football,NFL,2005-10-02,CIN,HOU,16.0,10.0,,,,True,True,False,True,football|NFL|2005-10-02|CIN|HOU
nflverse,football,NFL,2005-10-02,JAX,DEN,7.0,20.0,,,,True,True,False,True,football|NFL|2005-10-02|JAX|DEN
nflverse,football,NFL,2005-10-02,NE,SD,17.0,41.0,,,,True,True,False,True,football|NFL|2005-10-02|NE|SD
nflverse,football,NFL,2005-10-02,NO,BUF,19.0,7.0,,,,True,True,False,True,football|NFL|2005-10-02|NO|BUF
nflverse,football,NFL,2005-10-02,NYG,STL,44.0,24.0,,,,True,True,False,True,football|NFL|2005-10-02|NYG|STL
nflverse,football,NFL,2005-10-02,TB,DET,17.0,13.0,,,,True,True,False,True,football|NFL|2005-10-02|TB|DET
nflverse,football,NFL,2005-10-02,TEN,IND,10.0,31.0,,,,True,True,False,True,football|NFL|2005-10-02|TEN|IND
nflverse,football,NFL,2005-10-02,WAS,SEA,20.0,17.0,,,,True,True,False,True,football|NFL|2005-10-02|WAS|SEA
nflverse,football,NFL,2005-10-02,BAL,NYJ,13.0,3.0,,,,True,True,False,True,football|NFL|2005-10-02|BAL|NYJ
nflverse,football,NFL,2005-10-02,ATL,MIN,30.0,10.0,,,,True,True,False,True,football|NFL|2005-10-02|ATL|MIN
nflverse,football,NFL,2005-10-02,KC,PHI,31.0,37.0,,,,True,True,False,True,football|NFL|2005-10-02|KC|PHI
nflverse,football,NFL,2005-10-02,OAK,DAL,19.0,13.0,,,,True,True,False,True,football|NFL|2005-10-02|OAK|DAL
nflverse,football,NFL,2005-10-02,ARI,SF,31.0,14.0,,,,True,True,False,True,football|NFL|2005-10-02|ARI|SF
nflverse,football,NFL,2005-10-03,CAR,GB,32.0,29.0,,,,True,True,False,True,football|NFL|2005-10-03|CAR|GB
nflverse,football,NFL,2005-10-09,ATL,NE,28.0,31.0,,,,True,True,False,True,football|NFL|2005-10-09|ATL|NE
nflverse,football,NFL,2005-10-09,BUF,MIA,20.0,14.0,,,,True,True,False,True,football|NFL|2005-10-09|BUF|MIA
nflverse,football,NFL,2005-10-09,CLE,CHI,20.0,10.0,,,,True,True,False,True,football|NFL|2005-10-09|CLE|CHI
nflverse,football,NFL,2005-10-09,DET,BAL,35.0,17.0,,,,True,True,False,True,football|NFL|2005-10-09|DET|BAL
nflverse,football,NFL,2005-10-09,GB,NO,52.0,3.0,,,,True,True,False,True,football|NFL|2005-10-09|GB|NO
nflverse,football,NFL,2005-10-09,HOU,TEN,20.0,34.0,,,,True,True,False,True,football|NFL|2005-10-09|HOU|TEN
nflverse,football,NFL,2005-10-09,NYJ,TB,14.0,12.0,,,,True,True,False,True,football|NFL|2005-10-09|NYJ|TB
nflverse,football,NFL,2005-10-09,STL,SEA,31.0,37.0,,,,True,True,False,True,football|NFL|2005-10-09|STL|SEA
nflverse,football,NFL,2005-10-09,SF,IND,3.0,28.0,,,,True,True,False,True,football|NFL|2005-10-09|SF|IND
nflverse,football,NFL,2005-10-09,ARI,CAR,20.0,24.0,,,,True,True,False,True,football|NFL|2005-10-09|ARI|CAR
nflverse,football,NFL,2005-10-09,DAL,PHI,33.0,10.0,,,,True,True,False,True,football|NFL|2005-10-09|DAL|PHI
nflverse,football,NFL,2005-10-09,DEN,WAS,21.0,19.0,,,,True,True,False,True,football|NFL|2005-10-09|DEN|WAS
nflverse,football,NFL,2005-10-09,JAX,CIN,23.0,20.0,,,,True,True,False,True,football|NFL|2005-10-09|JAX|CIN
nflverse,football,NFL,2005-10-10,SD,PIT,22.0,24.0,,,,True,True,False,True,football|NFL|2005-10-10|SD|PIT
nflverse,football,NFL,2005-10-16,BAL,CLE,16.0,3.0,,,,True,True,False,True,football|NFL|2005-10-16|BAL|CLE
nflverse,football,NFL,2005-10-16,CHI,MIN,28.0,3.0,,,,True,True,False,True,football|NFL|2005-10-16|CHI|MIN
nflverse,football,NFL,2005-10-16,DAL,NYG,16.0,13.0,,,,True,True,False,True,football|NFL|2005-10-16|DAL|NYG
nflverse,football,NFL,2005-10-16,DET,CAR,20.0,21.0,,,,True,True,False,True,football|NFL|2005-10-16|DET|CAR
nflverse,football,NFL,2005-10-16,KC,WAS,28.0,21.0,,,,True,True,False,True,football|NFL|2005-10-16|KC|WAS
nflverse,football,NFL,2005-10-16,NO,ATL,31.0,34.0,,,,True,True,False,True,football|NFL|2005-10-16|NO|ATL
nflverse,football,NFL,2005-10-16,PIT,JAX,17.0,23.0,,,,True,True,False,True,football|NFL|2005-10-16|PIT|JAX
nflverse,football,NFL,2005-10-16,TB,MIA,27.0,13.0,,,,True,True,False,True,football|NFL|2005-10-16|TB|MIA
nflverse,football,NFL,2005-10-16,TEN,CIN,23.0,31.0,,,,True,True,False,True,football|NFL|2005-10-16|TEN|CIN
nflverse,football,NFL,2005-10-16,BUF,NYJ,27.0,17.0,,,,True,True,False,True,football|NFL|2005-10-16|BUF|NYJ
nflverse,football,NFL,2005-10-16,DEN,NE,28.0,20.0,,,,True,True,False,True,football|NFL|2005-10-16|DEN|NE
nflverse,football,NFL,2005-10-16,OAK,SD,14.0,27.0,,,,True,True,False,True,football|NFL|2005-10-16|OAK|SD
nflverse,football,NFL,2005-10-16,SEA,HOU,42.0,10.0,,,,True,True,False,True,football|NFL|2005-10-16|SEA|HOU
nflverse,football,NFL,2005-10-17,IND,STL,45.0,28.0,,,,True,True,False,True,football|NFL|2005-10-17|IND|STL
nflverse,football,NFL,2005-10-21,MIA,KC,20.0,30.0,,,,True,True,False,True,football|NFL|2005-10-21|MIA|KC
nflverse,football,NFL,2005-10-23,CIN,PIT,13.0,27.0,,,,True,True,False,True,football|NFL|2005-10-23|CIN|PIT
nflverse,football,NFL,2005-10-23,CLE,DET,10.0,13.0,,,,True,True,False,True,football|NFL|2005-10-23|CLE|DET
nflverse,football,NFL,2005-10-23,HOU,IND,20.0,38.0,,,,True,True,False,True,football|NFL|2005-10-23|HOU|IND
nflverse,football,NFL,2005-10-23,MIN,GB,23.0,20.0,,,,True,True,False,True,football|NFL|2005-10-23|MIN|GB
nflverse,football,NFL,2005-10-23,PHI,SD,20.0,17.0,,,,True,True,False,True,football|NFL|2005-10-23|PHI|SD
nflverse,football,NFL,2005-10-23,STL,NO,28.0,17.0,,,,True,True,False,True,football|NFL|2005-10-23|STL|NO
nflverse,football,NFL,2005-10-23,WAS,SF,52.0,17.0,,,,True,True,False,True,football|NFL|2005-10-23|WAS|SF
nflverse,football,NFL,2005-10-23,SEA,DAL,13.0,10.0,,,,True,True,False,True,football|NFL|2005-10-23|SEA|DAL
nflverse,football,NFL,2005-10-23,ARI,TEN,20.0,10.0,,,,True,True,False,True,football|NFL|2005-10-23|ARI|TEN
nflverse,football,NFL,2005-10-23,CHI,BAL,10.0,6.0,,,,True,True,False,True,football|NFL|2005-10-23|CHI|BAL
nflverse,football,NFL,2005-10-23,NYG,DEN,24.0,23.0,,,,True,True,False,True,football|NFL|2005-10-23|NYG|DEN
nflverse,football,NFL,2005-10-23,OAK,BUF,38.0,17.0,,,,True,True,False,True,football|NFL|2005-10-23|OAK|BUF
nflverse,football,NFL,2005-10-24,ATL,NYJ,27.0,14.0,,,,True,True,False,True,football|NFL|2005-10-24|ATL|NYJ
nflverse,football,NFL,2005-10-30,CAR,MIN,38.0,13.0,,,,True,True,False,True,football|NFL|2005-10-30|CAR|MIN
nflverse,football,NFL,2005-10-30,CIN,GB,21.0,14.0,,,,True,True,False,True,football|NFL|2005-10-30|CIN|GB
nflverse,football,NFL,2005-10-30,DAL,ARI,34.0,13.0,,,,True,True,False,True,football|NFL|2005-10-30|DAL|ARI
nflverse,football,NFL,2005-10-30,DET,CHI,13.0,19.0,,,,True,True,False,True,football|NFL|2005-10-30|DET|CHI
nflverse,football,NFL,2005-10-30,HOU,CLE,19.0,16.0,,,,True,True,False,True,football|NFL|2005-10-30|HOU|CLE
nflverse,football,NFL,2005-10-30,NYG,WAS,36.0,0.0,,,,True,True,False,True,football|NFL|2005-10-30|NYG|WAS
nflverse,football,NFL,2005-10-30,STL,JAX,24.0,21.0,,,,True,True,False,True,football|NFL|2005-10-30|STL|JAX
nflverse,football,NFL,2005-10-30,TEN,OAK,25.0,34.0,,,,True,True,False,True,football|NFL|2005-10-30|TEN|OAK
nflverse,football,NFL,2005-10-30,NO,MIA,6.0,21.0,,,,True,True,False,True,football|NFL|2005-10-30|NO|MIA
nflverse,football,NFL,2005-10-30,SD,KC,28.0,20.0,,,,True,True,False,True,football|NFL|2005-10-30|SD|KC
nflverse,football,NFL,2005-10-30,DEN,PHI,49.0,21.0,,,,True,True,False,True,football|NFL|2005-10-30|DEN|PHI
nflverse,football,NFL,2005-10-30,SF,TB,15.0,10.0,,,,True,True,False,True,football|NFL|2005-10-30|SF|TB
nflverse,football,NFL,2005-10-30,NE,BUF,21.0,16.0,,,,True,True,False,True,football|NFL|2005-10-30|NE|BUF
nflverse,football,NFL,2005-10-31,PIT,BAL,20.0,19.0,,,,True,True,False,True,football|NFL|2005-10-31|PIT|BAL
nflverse,football,NFL,2005-11-06,BAL,CIN,9.0,21.0,,,,True,True,False,True,football|NFL|2005-11-06|BAL|CIN
nflverse,football,NFL,2005-11-06,CLE,TEN,20.0,14.0,,,,True,True,False,True,football|NFL|2005-11-06|CLE|TEN
nflverse,football,NFL,2005-11-06,JAX,HOU,21.0,14.0,,,,True,True,False,True,football|NFL|2005-11-06|JAX|HOU
nflverse,football,NFL,2005-11-06,KC,OAK,27.0,23.0,,,,True,True,False,True,football|NFL|2005-11-06|KC|OAK
nflverse,football,NFL,2005-11-06,MIA,ATL,10.0,17.0,,,,True,True,False,True,football|NFL|2005-11-06|MIA|ATL
nflverse,football,NFL,2005-11-06,MIN,DET,27.0,14.0,,,,True,True,False,True,football|NFL|2005-11-06|MIN|DET
nflverse,football,NFL,2005-11-06,NYJ,SD,26.0,31.0,,,,True,True,False,True,football|NFL|2005-11-06|NYJ|SD
nflverse,football,NFL,2005-11-06,TB,CAR,14.0,34.0,,,,True,True,False,True,football|NFL|2005-11-06|TB|CAR
nflverse,football,NFL,2005-11-06,ARI,SEA,19.0,33.0,,,,True,True,False,True,football|NFL|2005-11-06|ARI|SEA
nflverse,football,NFL,2005-11-06,NO,CHI,17.0,20.0,,,,True,True,False,True,football|NFL|2005-11-06|NO|CHI
nflverse,football,NFL,2005-11-06,SF,NYG,6.0,24.0,,,,True,True,False,True,football|NFL|2005-11-06|SF|NYG
nflverse,football,NFL,2005-11-06,GB,PIT,10.0,20.0,,,,True,True,False,True,football|NFL|2005-11-06|GB|PIT
nflverse,football,NFL,2005-11-06,WAS,PHI,17.0,10.0,,,,True,True,False,True,football|NFL|2005-11-06|WAS|PHI
nflverse,football,NFL,2005-11-07,NE,IND,21.0,40.0,,,,True,True,False,True,football|NFL|2005-11-07|NE|IND
nflverse,football,NFL,2005-11-13,BUF,KC,14.0,3.0,,,,True,True,False,True,football|NFL|2005-11-13|BUF|KC
nflverse,football,NFL,2005-11-13,CHI,SF,17.0,9.0,,,,True,True,False,True,football|NFL|2005-11-13|CHI|SF
nflverse,football,NFL,2005-11-13,DET,ARI,29.0,21.0,,,,True,True,False,True,football|NFL|2005-11-13|DET|ARI
nflverse,football,NFL,2005-11-13,IND,HOU,31.0,17.0,,,,True,True,False,True,football|NFL|2005-11-13|IND|HOU
nflverse,football,NFL,2005-11-13,JAX,BAL,30.0,3.0,,,,True,True,False,True,football|NFL|2005-11-13|JAX|BAL
nflverse,football,NFL,2005-11-13,MIA,NE,16.0,23.0,,,,True,True,False,True,football|NFL|2005-11-13|MIA|NE
nflverse,football,NFL,2005-11-13,NYG,MIN,21.0,24.0,,,,True,True,False,True,football|NFL|2005-11-13|NYG|MIN
nflverse,football,NFL,2005-11-13,CAR,NYJ,30.0,3.0,,,,True,True,False,True,football|NFL|2005-11-13|CAR|NYJ
nflverse,football,NFL,2005-11-13,OAK,DEN,17.0,31.0,,,,True,True,False,True,football|NFL|2005-11-13|OAK|DEN
nflverse,football,NFL,2005-11-13,ATL,GB,25.0,33.0,,,,True,True,False,True,football|NFL|2005-11-13|ATL|GB
nflverse,football,NFL,2005-11-13,SEA,STL,31.0,16.0,,,,True,True,False,True,football|NFL|2005-11-13|SEA|STL
nflverse,football,NFL,2005-11-13,TB,WAS,36.0,35.0,,,,True,True,False,True,football|NFL|2005-11-13|TB|WAS
nflverse,football,NFL,2005-11-13,PIT,CLE,34.0,21.0,,,,True,True,False,True,football|NFL|2005-11-13|PIT|CLE
nflverse,football,NFL,2005-11-14,PHI,DAL,20.0,21.0,,,,True,True,False,True,football|NFL|2005-11-14|PHI|DAL
nflverse,football,NFL,2005-11-20,ATL,TB,27.0,30.0,,,,True,True,False,True,football|NFL|2005-11-20|ATL|TB
nflverse,football,NFL,2005-11-20,BAL,PIT,16.0,13.0,,,,True,True,False,True,football|NFL|2005-11-20|BAL|PIT
nflverse,football,NFL,2005-11-20,CHI,CAR,13.0,3.0,,,,True,True,False,True,football|NFL|2005-11-20|CHI|CAR
nflverse,football,NFL,2005-11-20,CLE,MIA,22.0,0.0,,,,True,True,False,True,football|NFL|2005-11-20|CLE|MIA
nflverse,football,NFL,2005-11-20,DAL,DET,20.0,7.0,,,,True,True,False,True,football|NFL|2005-11-20|DAL|DET
nflverse,football,NFL,2005-11-20,NE,NO,24.0,17.0,,,,True,True,False,True,football|NFL|2005-11-20|NE|NO
nflverse,football,NFL,2005-11-20,NYG,PHI,27.0,17.0,,,,True,True,False,True,football|NFL|2005-11-20|NYG|PHI
nflverse,football,NFL,2005-11-20,STL,ARI,28.0,38.0,,,,True,True,False,True,football|NFL|2005-11-20|STL|ARI
nflverse,football,NFL,2005-11-20,TEN,JAX,28.0,31.0,,,,True,True,False,True,football|NFL|2005-11-20|TEN|JAX
nflverse,football,NFL,2005-11-20,WAS,OAK,13.0,16.0,,,,True,True,False,True,football|NFL|2005-11-20|WAS|OAK
nflverse,football,NFL,2005-11-20,SF,SEA,25.0,27.0,,,,True,True,False,True,football|NFL|2005-11-20|SF|SEA
nflverse,football,NFL,2005-11-20,CIN,IND,37.0,45.0,,,,True,True,False,True,football|NFL|2005-11-20|CIN|IND
nflverse,football,NFL,2005-11-20,DEN,NYJ,27.0,0.0,,,,True,True,False,True,football|NFL|2005-11-20|DEN|NYJ
nflverse,football,NFL,2005-11-20,SD,BUF,48.0,10.0,,,,True,True,False,True,football|NFL|2005-11-20|SD|BUF
nflverse,football,NFL,2005-11-20,HOU,KC,17.0,45.0,,,,True,True,False,True,football|NFL|2005-11-20|HOU|KC
nflverse,football,NFL,2005-11-21,GB,MIN,17.0,20.0,,,,True,True,False,True,football|NFL|2005-11-21|GB|MIN
nflverse,football,NFL,2005-11-24,DET,ATL,7.0,27.0,,,,True,True,False,True,football|NFL|2005-11-24|DET|ATL
nflverse,football,NFL,2005-11-24,DAL,DEN,21.0,24.0,,,,True,True,False,True,football|NFL|2005-11-24|DAL|DEN
nflverse,football,NFL,2005-11-27,BUF,CAR,9.0,13.0,,,,True,True,False,True,football|NFL|2005-11-27|BUF|CAR
nflverse,football,NFL,2005-11-27,CIN,BAL,42.0,29.0,,,,True,True,False,True,football|NFL|2005-11-27|CIN|BAL
nflverse,football,NFL,2005-11-27,HOU,STL,27.0,33.0,,,,True,True,False,True,football|NFL|2005-11-27|HOU|STL
nflverse,football,NFL,2005-11-27,KC,NE,26.0,16.0,,,,True,True,False,True,football|NFL|2005-11-27|KC|NE
nflverse,football,NFL,2005-11-27,MIN,CLE,24.0,12.0,,,,True,True,False,True,football|NFL|2005-11-27|MIN|CLE
nflverse,football,NFL,2005-11-27,TB,CHI,10.0,13.0,,,,True,True,False,True,football|NFL|2005-11-27|TB|CHI
nflverse,football,NFL,2005-11-27,TEN,SF,33.0,22.0,,,,True,True,False,True,football|NFL|2005-11-27|TEN|SF
nflverse,football,NFL,2005-11-27,WAS,SD,17.0,23.0,,,,True,True,False,True,football|NFL|2005-11-27|WAS|SD
nflverse,football,NFL,2005-11-27,ARI,JAX,17.0,24.0,,,,True,True,False,True,football|NFL|2005-11-27|ARI|JAX
nflverse,football,NFL,2005-11-27,OAK,MIA,21.0,33.0,,,,True,True,False,True,football|NFL|2005-11-27|OAK|MIA
nflverse,football,NFL,2005-11-27,PHI,GB,19.0,14.0,,,,True,True,False,True,football|NFL|2005-11-27|PHI|GB
nflverse,football,NFL,2005-11-27,SEA,NYG,24.0,21.0,,,,True,True,False,True,football|NFL|2005-11-27|SEA|NYG
nflverse,football,NFL,2005-11-27,NYJ,NO,19.0,21.0,,,,True,True,False,True,football|NFL|2005-11-27|NYJ|NO
nflverse,football,NFL,2005-11-28,IND,PIT,26.0,7.0,,,,True,True,False,True,football|NFL|2005-11-28|IND|PIT
nflverse,football,NFL,2005-12-04,BAL,HOU,16.0,15.0,,,,True,True,False,True,football|NFL|2005-12-04|BAL|HOU
nflverse,football,NFL,2005-12-04,CAR,ATL,24.0,6.0,,,,True,True,False,True,football|NFL|2005-12-04|CAR|ATL
nflverse,football,NFL,2005-12-04,CHI,GB,19.0,7.0,,,,True,True,False,True,football|NFL|2005-12-04|CHI|GB
nflverse,football,NFL,2005-12-04,CLE,JAX,14.0,20.0,,,,True,True,False,True,football|NFL|2005-12-04|CLE|JAX
nflverse,football,NFL,2005-12-04,DET,MIN,16.0,21.0,,,,True,True,False,True,football|NFL|2005-12-04|DET|MIN
nflverse,football,NFL,2005-12-04,IND,TEN,35.0,3.0,,,,True,True,False,True,football|NFL|2005-12-04|IND|TEN
nflverse,football,NFL,2005-12-04,MIA,BUF,24.0,23.0,,,,True,True,False,True,football|NFL|2005-12-04|MIA|BUF
nflverse,football,NFL,2005-12-04,NO,TB,3.0,10.0,,,,True,True,False,True,football|NFL|2005-12-04|NO|TB
nflverse,football,NFL,2005-12-04,NYG,DAL,17.0,10.0,,,,True,True,False,True,football|NFL|2005-12-04|NYG|DAL
nflverse,football,NFL,2005-12-04,PIT,CIN,31.0,38.0,,,,True,True,False,True,football|NFL|2005-12-04|PIT|CIN
nflverse,football,NFL,2005-12-04,SF,ARI,10.0,17.0,,,,True,True,False,True,football|NFL|2005-12-04|SF|ARI
nflverse,football,NFL,2005-12-04,STL,WAS,9.0,24.0,,,,True,True,False,True,football|NFL|2005-12-04|STL|WAS
nflverse,football,NFL,2005-12-04,KC,DEN,31.0,27.0,,,,True,True,False,True,football|NFL|2005-12-04|KC|DEN
nflverse,football,NFL,2005-12-04,NE,NYJ,16.0,3.0,,,,True,True,False,True,football|NFL|2005-12-04|NE|NYJ
nflverse,football,NFL,2005-12-04,SD,OAK,34.0,10.0,,,,True,True,False,True,football|NFL|2005-12-04|SD|OAK
nflverse,football,NFL,2005-12-05,PHI,SEA,0.0,42.0,,,,True,True,False,True,football|NFL|2005-12-05|PHI|SEA
nflverse,football,NFL,2005-12-11,BUF,NE,7.0,35.0,,,,True,True,False,True,football|NFL|2005-12-11|BUF|NE
nflverse,football,NFL,2005-12-11,CAR,TB,10.0,20.0,,,,True,True,False,True,football|NFL|2005-12-11|CAR|TB
nflverse,football,NFL,2005-12-11,CIN,CLE,23.0,20.0,,,,True,True,False,True,football|NFL|2005-12-11|CIN|CLE
nflverse,football,NFL,2005-12-11,JAX,IND,18.0,26.0,,,,True,True,False,True,football|NFL|2005-12-11|JAX|IND
nflverse,football,NFL,2005-12-11,MIN,STL,27.0,13.0,,,,True,True,False,True,football|NFL|2005-12-11|MIN|STL
nflverse,football,NFL,2005-12-11,NYJ,OAK,26.0,10.0,,,,True,True,False,True,football|NFL|2005-12-11|NYJ|OAK
nflverse,football,NFL,2005-12-11,PIT,CHI,21.0,9.0,,,,True,True,False,True,football|NFL|2005-12-11|PIT|CHI
nflverse,football,NFL,2005-12-11,TEN,HOU,13.0,10.0,,,,True,True,False,True,football|NFL|2005-12-11|TEN|HOU
nflverse,football,NFL,2005-12-11,ARI,WAS,13.0,17.0,,,,True,True,False,True,football|NFL|2005-12-11|ARI|WAS
nflverse,football,NFL,2005-12-11,PHI,NYG,23.0,26.0,,,,True,True,False,True,football|NFL|2005-12-11|PHI|NYG
nflverse,football,NFL,2005-12-11,SEA,SF,41.0,3.0,,,,True,True,False,True,football|NFL|2005-12-11|SEA|SF
nflverse,football,NFL,2005-12-11,DAL,KC,31.0,28.0,,,,True,True,False,True,football|NFL|2005-12-11|DAL|KC
nflverse,football,NFL,2005-12-11,DEN,BAL,12.0,10.0,,,,True,True,False,True,football|NFL|2005-12-11|DEN|BAL
nflverse,football,NFL,2005-12-11,SD,MIA,21.0,23.0,,,,True,True,False,True,football|NFL|2005-12-11|SD|MIA
nflverse,football,NFL,2005-12-11,GB,DET,16.0,13.0,,,,True,True,False,True,football|NFL|2005-12-11|GB|DET
nflverse,football,NFL,2005-12-12,ATL,NO,36.0,17.0,,,,True,True,False,True,football|NFL|2005-12-12|ATL|NO
nflverse,football,NFL,2005-12-17,NE,TB,28.0,0.0,,,,True,True,False,True,football|NFL|2005-12-17|NE|TB
nflverse,football,NFL,2005-12-17,NYG,KC,27.0,17.0,,,,True,True,False,True,football|NFL|2005-12-17|NYG|KC
nflverse,football,NFL,2005-12-17,BUF,DEN,17.0,28.0,,,,True,True,False,True,football|NFL|2005-12-17|BUF|DEN
nflverse,football,NFL,2005-12-18,HOU,ARI,30.0,19.0,,,,True,True,False,True,football|NFL|2005-12-18|HOU|ARI
nflverse,football,NFL,2005-12-18,IND,SD,17.0,26.0,,,,True,True,False,True,football|NFL|2005-12-18|IND|SD
nflverse,football,NFL,2005-12-18,JAX,SF,10.0,9.0,,,,True,True,False,True,football|NFL|2005-12-18|JAX|SF
nflverse,football,NFL,2005-12-18,MIA,NYJ,24.0,20.0,,,,True,True,False,True,football|NFL|2005-12-18|MIA|NYJ
nflverse,football,NFL,2005-12-18,MIN,PIT,3.0,18.0,,,,True,True,False,True,football|NFL|2005-12-18|MIN|PIT
nflverse,football,NFL,2005-12-18,NO,CAR,10.0,27.0,,,,True,True,False,True,football|NFL|2005-12-18|NO|CAR
nflverse,football,NFL,2005-12-18,STL,PHI,16.0,17.0,,,,True,True,False,True,football|NFL|2005-12-18|STL|PHI
nflverse,football,NFL,2005-12-18,TEN,SEA,24.0,28.0,,,,True,True,False,True,football|NFL|2005-12-18|TEN|SEA
nflverse,football,NFL,2005-12-18,DET,CIN,17.0,41.0,,,,True,True,False,True,football|NFL|2005-12-18|DET|CIN
nflverse,football,NFL,2005-12-18,OAK,CLE,7.0,9.0,,,,True,True,False,True,football|NFL|2005-12-18|OAK|CLE
nflverse,football,NFL,2005-12-18,WAS,DAL,35.0,7.0,,,,True,True,False,True,football|NFL|2005-12-18|WAS|DAL
nflverse,football,NFL,2005-12-18,CHI,ATL,16.0,3.0,,,,True,True,False,True,football|NFL|2005-12-18|CHI|ATL
nflverse,football,NFL,2005-12-19,BAL,GB,48.0,3.0,,,,True,True,False,True,football|NFL|2005-12-19|BAL|GB
nflverse,football,NFL,2005-12-24,CAR,DAL,20.0,24.0,,,,True,True,False,True,football|NFL|2005-12-24|CAR|DAL
nflverse,football,NFL,2005-12-24,CIN,BUF,27.0,37.0,,,,True,True,False,True,football|NFL|2005-12-24|CIN|BUF
nflverse,football,NFL,2005-12-24,CLE,PIT,0.0,41.0,,,,True,True,False,True,football|NFL|2005-12-24|CLE|PIT
nflverse,football,NFL,2005-12-24,HOU,JAX,20.0,38.0,,,,True,True,False,True,football|NFL|2005-12-24|HOU|JAX
nflverse,football,NFL,2005-12-24,KC,SD,20.0,7.0,,,,True,True,False,True,football|NFL|2005-12-24|KC|SD
nflverse,football,NFL,2005-12-24,MIA,TEN,24.0,10.0,,,,True,True,False,True,football|NFL|2005-12-24|MIA|TEN
nflverse,football,NFL,2005-12-24,NO,DET,12.0,13.0,,,,True,True,False,True,football|NFL|2005-12-24|NO|DET
nflverse,football,NFL,2005-12-24,STL,SF,20.0,24.0,,,,True,True,False,True,football|NFL|2005-12-24|STL|SF
nflverse,football,NFL,2005-12-24,TB,ATL,27.0,24.0,,,,True,True,False,True,football|NFL|2005-12-24|TB|ATL
nflverse,football,NFL,2005-12-24,WAS,NYG,35.0,20.0,,,,True,True,False,True,football|NFL|2005-12-24|WAS|NYG
nflverse,football,NFL,2005-12-24,ARI,PHI,27.0,21.0,,,,True,True,False,True,football|NFL|2005-12-24|ARI|PHI
nflverse,football,NFL,2005-12-24,DEN,OAK,22.0,3.0,,,,True,True,False,True,football|NFL|2005-12-24|DEN|OAK
nflverse,football,NFL,2005-12-24,SEA,IND,28.0,13.0,,,,True,True,False,True,football|NFL|2005-12-24|SEA|IND
nflverse,football,NFL,2005-12-25,GB,CHI,17.0,24.0,,,,True,True,False,True,football|NFL|2005-12-25|GB|CHI
nflverse,football,NFL,2005-12-25,BAL,MIN,30.0,23.0,,,,True,True,False,True,football|NFL|2005-12-25|BAL|MIN
nflverse,football,NFL,2005-12-26,NYJ,NE,21.0,31.0,,,,True,True,False,True,football|NFL|2005-12-26|NYJ|NE
nflverse,football,NFL,2005-12-31,SD,DEN,7.0,23.0,,,,True,True,False,True,football|NFL|2005-12-31|SD|DEN
nflverse,football,NFL,2005-12-31,OAK,NYG,21.0,30.0,,,,True,True,False,True,football|NFL|2005-12-31|OAK|NYG
nflverse,football,NFL,2006-01-01,ATL,CAR,11.0,44.0,,,,True,True,False,True,football|NFL|2006-01-01|ATL|CAR
nflverse,football,NFL,2006-01-01,CLE,BAL,20.0,16.0,,,,True,True,False,True,football|NFL|2006-01-01|CLE|BAL
nflverse,football,NFL,2006-01-01,GB,SEA,23.0,17.0,,,,True,True,False,True,football|NFL|2006-01-01|GB|SEA
nflverse,football,NFL,2006-01-01,IND,ARI,17.0,13.0,,,,True,True,False,True,football|NFL|2006-01-01|IND|ARI
nflverse,football,NFL,2006-01-01,KC,CIN,37.0,3.0,,,,True,True,False,True,football|NFL|2006-01-01|KC|CIN
nflverse,football,NFL,2006-01-01,NE,MIA,26.0,28.0,,,,True,True,False,True,football|NFL|2006-01-01|NE|MIA
nflverse,football,NFL,2006-01-01,NYJ,BUF,30.0,26.0,,,,True,True,False,True,football|NFL|2006-01-01|NYJ|BUF
nflverse,football,NFL,2006-01-01,PIT,DET,35.0,21.0,,,,True,True,False,True,football|NFL|2006-01-01|PIT|DET
nflverse,football,NFL,2006-01-01,TB,NO,27.0,13.0,,,,True,True,False,True,football|NFL|2006-01-01|TB|NO
nflverse,football,NFL,2006-01-01,JAX,TEN,40.0,13.0,,,,True,True,False,True,football|NFL|2006-01-01|JAX|TEN
nflverse,football,NFL,2006-01-01,SF,HOU,20.0,17.0,,,,True,True,False,True,football|NFL|2006-01-01|SF|HOU
nflverse,football,NFL,2006-01-01,MIN,CHI,34.0,10.0,,,,True,True,False,True,football|NFL|2006-01-01|MIN|CHI
nflverse,football,NFL,2006-01-01,PHI,WAS,20.0,31.0,,,,True,True,False,True,football|NFL|2006-01-01|PHI|WAS
nflverse,football,NFL,2006-01-01,DAL,STL,10.0,20.0,,,,True,True,False,True,football|NFL|2006-01-01|DAL|STL
nflverse,football,NFL,2006-01-07,TB,WAS,10.0,17.0,,,,True,True,False,True,football|NFL|2006-01-07|TB|WAS
nflverse,football,NFL,2006-01-07,NE,JAX,28.0,3.0,,,,True,True,False,True,football|NFL|2006-01-07|NE|JAX
nflverse,football,NFL,2006-01-08,NYG,CAR,0.0,23.0,,,,True,True,False,True,football|NFL|2006-01-08|NYG|CAR
nflverse,football,NFL,2006-01-08,CIN,PIT,17.0,31.0,,,,True,True,False,True,football|NFL|2006-01-08|CIN|PIT
nflverse,football,NFL,2006-01-14,SEA,WAS,20.0,10.0,,,,True,True,False,True,football|NFL|2006-01-14|SEA|WAS
nflverse,football,NFL,2006-01-14,DEN,NE,27.0,13.0,,,,True,True,False,True,football|NFL|2006-01-14|DEN|NE
nflverse,football,NFL,2006-01-15,IND,PIT,18.0,21.0,,,,True,True,False,True,football|NFL|2006-01-15|IND|PIT
nflverse,football,NFL,2006-01-15,CHI,CAR,21.0,29.0,,,,True,True,False,True,football|NFL|2006-01-15|CHI|CAR
nflverse,football,NFL,2006-01-22,DEN,PIT,17.0,34.0,,,,True,True,False,True,football|NFL|2006-01-22|DEN|PIT
nflverse,football,NFL,2006-01-22,SEA,CAR,34.0,14.0,,,,True,True,False,True,football|NFL|2006-01-22|SEA|CAR
nflverse,football,NFL,2006-02-05,PIT,SEA,21.0,10.0,,,,True,True,False,True,football|NFL|2006-02-05|PIT|SEA
nflverse,football,NFL,2006-09-07,PIT,MIA,28.0,17.0,,,,True,True,False,True,football|NFL|2006-09-07|PIT|MIA
nflverse,football,NFL,2006-09-10,CAR,ATL,6.0,20.0,,,,True,True,False,True,football|NFL|2006-09-10|CAR|ATL
nflverse,football,NFL,2006-09-10,CLE,NO,14.0,19.0,,,,True,True,False,True,football|NFL|2006-09-10|CLE|NO
nflverse,football,NFL,2006-09-10,DET,SEA,6.0,9.0,,,,True,True,False,True,football|NFL|2006-09-10|DET|SEA
nflverse,football,NFL,2006-09-10,HOU,PHI,10.0,24.0,,,,True,True,False,True,football|NFL|2006-09-10|HOU|PHI
nflverse,football,NFL,2006-09-10,KC,CIN,10.0,23.0,,,,True,True,False,True,football|NFL|2006-09-10|KC|CIN
nflverse,football,NFL,2006-09-10,NE,BUF,19.0,17.0,,,,True,True,False,True,football|NFL|2006-09-10|NE|BUF
nflverse,football,NFL,2006-09-10,STL,DEN,18.0,10.0,,,,True,True,False,True,football|NFL|2006-09-10|STL|DEN
nflverse,football,NFL,2006-09-10,TB,BAL,0.0,27.0,,,,True,True,False,True,football|NFL|2006-09-10|TB|BAL
nflverse,football,NFL,2006-09-10,TEN,NYJ,16.0,23.0,,,,True,True,False,True,football|NFL|2006-09-10|TEN|NYJ
nflverse,football,NFL,2006-09-10,ARI,SF,34.0,27.0,,,,True,True,False,True,football|NFL|2006-09-10|ARI|SF
nflverse,football,NFL,2006-09-10,GB,CHI,0.0,26.0,,,,True,True,False,True,football|NFL|2006-09-10|GB|CHI
nflverse,football,NFL,2006-09-10,JAX,DAL,24.0,17.0,,,,True,True,False,True,football|NFL|2006-09-10|JAX|DAL
nflverse,football,NFL,2006-09-10,NYG,IND,21.0,26.0,,,,True,True,False,True,football|NFL|2006-09-10|NYG|IND
nflverse,football,NFL,2006-09-11,WAS,MIN,16.0,19.0,,,,True,True,False,True,football|NFL|2006-09-11|WAS|MIN
nflverse,football,NFL,2006-09-11,OAK,SD,0.0,27.0,,,,True,True,False,True,football|NFL|2006-09-11|OAK|SD
nflverse,football,NFL,2006-09-17,ATL,TB,14.0,3.0,,,,True,True,False,True,football|NFL|2006-09-17|ATL|TB
nflverse,football,NFL,2006-09-17,BAL,OAK,28.0,6.0,,,,True,True,False,True,football|NFL|2006-09-17|BAL|OAK
nflverse,football,NFL,2006-09-17,CHI,DET,34.0,7.0,,,,True,True,False,True,football|NFL|2006-09-17|CHI|DET
nflverse,football,NFL,2006-09-17,CIN,CLE,34.0,17.0,,,,True,True,False,True,football|NFL|2006-09-17|CIN|CLE
nflverse,football,NFL,2006-09-17,GB,NO,27.0,34.0,,,,True,True,False,True,football|NFL|2006-09-17|GB|NO
nflverse,football,NFL,2006-09-17,IND,HOU,43.0,24.0,,,,True,True,False,True,football|NFL|2006-09-17|IND|HOU
nflverse,football,NFL,2006-09-17,MIA,BUF,6.0,16.0,,,,True,True,False,True,football|NFL|2006-09-17|MIA|BUF
nflverse,football,NFL,2006-09-17,MIN,CAR,16.0,13.0,,,,True,True,False,True,football|NFL|2006-09-17|MIN|CAR
nflverse,football,NFL,2006-09-17,PHI,NYG,24.0,30.0,,,,True,True,False,True,football|NFL|2006-09-17|PHI|NYG
nflverse,football,NFL,2006-09-17,SEA,ARI,21.0,10.0,,,,True,True,False,True,football|NFL|2006-09-17|SEA|ARI
nflverse,football,NFL,2006-09-17,SF,STL,20.0,13.0,,,,True,True,False,True,football|NFL|2006-09-17|SF|STL
nflverse,football,NFL,2006-09-17,DEN,KC,9.0,6.0,,,,True,True,False,True,football|NFL|2006-09-17|DEN|KC
nflverse,football,NFL,2006-09-17,NYJ,NE,17.0,24.0,,,,True,True,False,True,football|NFL|2006-09-17|NYJ|NE
nflverse,football,NFL,2006-09-17,SD,TEN,40.0,7.0,,,,True,True,False,True,football|NFL|2006-09-17|SD|TEN
nflverse,football,NFL,2006-09-17,DAL,WAS,27.0,10.0,,,,True,True,False,True,football|NFL|2006-09-17|DAL|WAS
nflverse,football,NFL,2006-09-18,JAX,PIT,9.0,0.0,,,,True,True,False,True,football|NFL|2006-09-18|JAX|PIT
nflverse,football,NFL,2006-09-24,BUF,NYJ,20.0,28.0,,,,True,True,False,True,football|NFL|2006-09-24|BUF|NYJ
nflverse,football,NFL,2006-09-24,DET,GB,24.0,31.0,,,,True,True,False,True,football|NFL|2006-09-24|DET|GB
nflverse,football,NFL,2006-09-24,HOU,WAS,15.0,31.0,,,,True,True,False,True,football|NFL|2006-09-24|HOU|WAS
nflverse,football,NFL,2006-09-24,IND,JAX,21.0,14.0,,,,True,True,False,True,football|NFL|2006-09-24|IND|JAX
nflverse,football,NFL,2006-09-24,MIA,TEN,13.0,10.0,,,,True,True,False,True,football|NFL|2006-09-24|MIA|TEN
nflverse,football,NFL,2006-09-24,MIN,CHI,16.0,19.0,,,,True,True,False,True,football|NFL|2006-09-24|MIN|CHI
nflverse,football,NFL,2006-09-24,PIT,CIN,20.0,28.0,,,,True,True,False,True,football|NFL|2006-09-24|PIT|CIN
nflverse,football,NFL,2006-09-24,TB,CAR,24.0,26.0,,,,True,True,False,True,football|NFL|2006-09-24|TB|CAR
nflverse,football,NFL,2006-09-24,CLE,BAL,14.0,15.0,,,,True,True,False,True,football|NFL|2006-09-24|CLE|BAL
nflverse,football,NFL,2006-09-24,ARI,STL,14.0,16.0,,,,True,True,False,True,football|NFL|2006-09-24|ARI|STL
nflverse,football,NFL,2006-09-24,SEA,NYG,42.0,30.0,,,,True,True,False,True,football|NFL|2006-09-24|SEA|NYG
nflverse,football,NFL,2006-09-24,SF,PHI,24.0,38.0,,,,True,True,False,True,football|NFL|2006-09-24|SF|PHI
nflverse,football,NFL,2006-09-24,NE,DEN,7.0,17.0,,,,True,True,False,True,football|NFL|2006-09-24|NE|DEN
nflverse,football,NFL,2006-09-25,NO,ATL,23.0,3.0,,,,True,True,False,True,football|NFL|2006-09-25|NO|ATL
nflverse,football,NFL,2006-10-01,ATL,ARI,32.0,10.0,-316.0,,286.0,True,True,False,True,football|NFL|2006-10-01|ATL|ARI
nflverse,football,NFL,2006-10-01,BAL,SD,16.0,13.0,-103.0,,-107.0,True,True,False,True,football|NFL|2006-10-01|BAL|SD
nflverse,football,NFL,2006-10-01,BUF,MIN,17.0,12.0,-129.0,,119.0,True,True,False,True,football|NFL|2006-10-01|BUF|MIN
nflverse,football,NFL,2006-10-01,CAR,NO,21.0,18.0,-330.0,,300.0,True,True,False,True,football|NFL|2006-10-01|CAR|NO
nflverse,football,NFL,2006-10-01,HOU,MIA,17.0,15.0,170.0,,-180.0,True,True,False,True,football|NFL|2006-10-01|HOU|MIA
nflverse,football,NFL,2006-10-01,KC,SF,41.0,0.0,-323.0,,293.0,True,True,False,True,football|NFL|2006-10-01|KC|SF
nflverse,football,NFL,2006-10-01,NYJ,IND,28.0,31.0,339.0,,-369.0,True,True,False,True,football|NFL|2006-10-01|NYJ|IND
nflverse,football,NFL,2006-10-01,TEN,DAL,14.0,45.0,450.0,,-500.0,True,True,False,True,football|NFL|2006-10-01|TEN|DAL
nflverse,football,NFL,2006-10-01,STL,DET,41.0,34.0,-210.0,,190.0,True,True,False,True,football|NFL|2006-10-01|STL|DET
nflverse,football,NFL,2006-10-01,CIN,NE,13.0,38.0,-245.0,,225.0,True,True,False,True,football|NFL|2006-10-01|CIN|NE
nflverse,football,NFL,2006-10-01,OAK,CLE,21.0,24.0,102.0,,-112.0,True,True,False,True,football|NFL|2006-10-01|OAK|CLE
nflverse,football,NFL,2006-10-01,WAS,JAX,36.0,30.0,131.0,,-141.0,True,True,False,True,football|NFL|2006-10-01|WAS|JAX
nflverse,football,NFL,2006-10-01,CHI,SEA,37.0,6.0,-193.0,,180.0,True,True,False,True,football|NFL|2006-10-01|CHI|SEA
nflverse,football,NFL,2006-10-02,PHI,GB,31.0,9.0,-700.0,,630.0,True,True,False,True,football|NFL|2006-10-02|PHI|GB
nflverse,football,NFL,2006-10-08,CAR,CLE,20.0,12.0,-379.0,,349.0,True,True,False,True,football|NFL|2006-10-08|CAR|CLE
nflverse,football,NFL,2006-10-08,CHI,BUF,40.0,7.0,-513.0,,463.0,True,True,False,True,football|NFL|2006-10-08|CHI|BUF
nflverse,football,NFL,2006-10-08,GB,STL,20.0,23.0,118.0,,-128.0,True,True,False,True,football|NFL|2006-10-08|GB|STL
nflverse,football,NFL,2006-10-08,IND,TEN,14.0,13.0,-2000.0,,1750.0,True,True,False,True,football|NFL|2006-10-08|IND|TEN
nflverse,football,NFL,2006-10-08,MIN,DET,26.0,17.0,-269.0,,249.0,True,True,False,True,football|NFL|2006-10-08|MIN|DET
nflverse,football,NFL,2006-10-08,NE,MIA,20.0,10.0,-500.0,,450.0,True,True,False,True,football|NFL|2006-10-08|NE|MIA
nflverse,football,NFL,2006-10-08,NO,TB,24.0,21.0,-290.0,,270.0,True,True,False,True,football|NFL|2006-10-08|NO|TB
nflverse,football,NFL,2006-10-08,NYG,WAS,19.0,3.0,-230.0,,210.0,True,True,False,True,football|NFL|2006-10-08|NYG|WAS
nflverse,football,NFL,2006-10-08,ARI,KC,20.0,23.0,180.0,,-193.0,True,True,False,True,football|NFL|2006-10-08|ARI|KC
nflverse,football,NFL,2006-10-08,JAX,NYJ,41.0,0.0,-315.0,,285.0,True,True,False,True,football|NFL|2006-10-08|JAX|NYJ
nflverse,football,NFL,2006-10-08,SF,OAK,34.0,20.0,-181.0,,171.0,True,True,False,True,football|NFL|2006-10-08|SF|OAK
nflverse,football,NFL,2006-10-08,PHI,DAL,38.0,24.0,-102.0,,-108.0,True,True,False,True,football|NFL|2006-10-08|PHI|DAL
nflverse,football,NFL,2006-10-08,SD,PIT,23.0,13.0,-179.0,,169.0,True,True,False,True,football|NFL|2006-10-08|SD|PIT
nflverse,football,NFL,2006-10-09,DEN,BAL,13.0,3.0,-245.0,,225.0,True,True,False,True,football|NFL|2006-10-09|DEN|BAL
nflverse,football,NFL,2006-10-15,ATL,NYG,14.0,27.0,-154.0,,144.0,True,True,False,True,football|NFL|2006-10-15|ATL|NYG
nflverse,football,NFL,2006-10-15,BAL,CAR,21.0,23.0,-170.0,,160.0,True,True,False,True,football|NFL|2006-10-15|BAL|CAR
nflverse,football,NFL,2006-10-15,DAL,HOU,34.0,6.0,-800.0,,720.0,True,True,False,True,football|NFL|2006-10-15|DAL|HOU
nflverse,football,NFL,2006-10-15,DET,BUF,20.0,17.0,110.0,,-120.0,True,True,False,True,football|NFL|2006-10-15|DET|BUF
nflverse,football,NFL,2006-10-15,NO,PHI,27.0,24.0,142.0,,-152.0,True,True,False,True,football|NFL|2006-10-15|NO|PHI
nflverse,football,NFL,2006-10-15,STL,SEA,28.0,30.0,136.0,,-146.0,True,True,False,True,football|NFL|2006-10-15|STL|SEA
nflverse,football,NFL,2006-10-15,TB,CIN,14.0,13.0,187.0,,-207.0,True,True,False,True,football|NFL|2006-10-15|TB|CIN
nflverse,football,NFL,2006-10-15,WAS,TEN,22.0,25.0,-600.0,,540.0,True,True,False,True,football|NFL|2006-10-15|WAS|TEN
nflverse,football,NFL,2006-10-15,NYJ,MIA,20.0,17.0,-125.0,,115.0,True,True,False,True,football|NFL|2006-10-15|NYJ|MIA
nflverse,football,NFL,2006-10-15,PIT,KC,45.0,7.0,-300.0,,270.0,True,True,False,True,football|NFL|2006-10-15|PIT|KC
nflverse,football,NFL,2006-10-15,SF,SD,19.0,48.0,463.0,,-513.0,True,True,False,True,football|NFL|2006-10-15|SF|SD
nflverse,football,NFL,2006-10-15,DEN,OAK,13.0,3.0,-1200.0,,900.0,True,True,False,True,football|NFL|2006-10-15|DEN|OAK
nflverse,football,NFL,2006-10-16,ARI,CHI,23.0,24.0,580.0,,-640.0,True,True,False,True,football|NFL|2006-10-16|ARI|CHI
nflverse,football,NFL,2006-10-22,ATL,PIT,41.0,38.0,145.0,,-155.0,True,True,False,True,football|NFL|2006-10-22|ATL|PIT
nflverse,football,NFL,2006-10-22,BUF,NE,6.0,28.0,228.0,,-248.0,True,True,False,True,football|NFL|2006-10-22|BUF|NE
nflverse,football,NFL,2006-10-22,CIN,CAR,17.0,14.0,-153.0,,143.0,True,True,False,True,football|NFL|2006-10-22|CIN|CAR
nflverse,football,NFL,2006-10-22,HOU,JAX,27.0,7.0,315.0,,-345.0,True,True,False,True,football|NFL|2006-10-22|HOU|JAX
nflverse,football,NFL,2006-10-22,KC,SD,30.0,27.0,235.0,,-255.0,True,True,False,True,football|NFL|2006-10-22|KC|SD
nflverse,football,NFL,2006-10-22,MIA,GB,24.0,34.0,-266.0,,246.0,True,True,False,True,football|NFL|2006-10-22|MIA|GB
nflverse,football,NFL,2006-10-22,NYJ,DET,31.0,24.0,-200.0,,185.0,True,True,False,True,football|NFL|2006-10-22|NYJ|DET
nflverse,football,NFL,2006-10-22,TB,PHI,23.0,21.0,249.0,,-269.0,True,True,False,True,football|NFL|2006-10-22|TB|PHI
nflverse,football,NFL,2006-10-22,CLE,DEN,7.0,17.0,193.0,,-213.0,True,True,False,True,football|NFL|2006-10-22|CLE|DEN
nflverse,football,NFL,2006-10-22,IND,WAS,36.0,22.0,-383.0,,353.0,True,True,False,True,football|NFL|2006-10-22|IND|WAS
nflverse,football,NFL,2006-10-22,OAK,ARI,22.0,9.0,137.0,,-147.0,True,True,False,True,football|NFL|2006-10-22|OAK|ARI
nflverse,football,NFL,2006-10-22,SEA,MIN,13.0,31.0,-275.0,,255.0,True,True,False,True,football|NFL|2006-10-22|SEA|MIN
nflverse,football,NFL,2006-10-23,DAL,NYG,22.0,36.0,-166.0,,156.0,True,True,False,True,football|NFL|2006-10-23|DAL|NYG
nflverse,football,NFL,2006-10-29,CHI,SF,41.0,10.0,-1650.0,,1250.0,True,True,False,True,football|NFL|2006-10-29|CHI|SF
nflverse,football,NFL,2006-10-29,CIN,ATL,27.0,29.0,-184.0,,174.0,True,True,False,True,football|NFL|2006-10-29|CIN|ATL
nflverse,football,NFL,2006-10-29,GB,ARI,31.0,14.0,-201.0,,183.0,True,True,False,True,football|NFL|2006-10-29|GB|ARI
nflverse,football,NFL,2006-10-29,KC,SEA,35.0,28.0,-205.0,,187.0,True,True,False,True,football|NFL|2006-10-29|KC|SEA
nflverse,football,NFL,2006-10-29,NO,BAL,22.0,35.0,-122.0,,112.0,True,True,False,True,football|NFL|2006-10-29|NO|BAL
nflverse,football,NFL,2006-10-29,NYG,TB,17.0,3.0,-425.0,,385.0,True,True,False,True,football|NFL|2006-10-29|NYG|TB
nflverse,football,NFL,2006-10-29,PHI,JAX,6.0,13.0,-350.0,,320.0,True,True,False,True,football|NFL|2006-10-29|PHI|JAX
nflverse,football,NFL,2006-10-29,TEN,HOU,28.0,22.0,-153.0,,143.0,True,True,False,True,football|NFL|2006-10-29|TEN|HOU
nflverse,football,NFL,2006-10-29,SD,STL,38.0,24.0,-435.0,,395.0,True,True,False,True,football|NFL|2006-10-29|SD|STL
nflverse,football,NFL,2006-10-29,CLE,NYJ,20.0,13.0,-130.0,,120.0,True,True,False,True,football|NFL|2006-10-29|CLE|NYJ
nflverse,football,NFL,2006-10-29,DEN,IND,31.0,34.0,-147.0,,137.0,True,True,False,True,football|NFL|2006-10-29|DEN|IND
nflverse,football,NFL,2006-10-29,OAK,PIT,20.0,13.0,406.0,,-446.0,True,True,False,True,football|NFL|2006-10-29|OAK|PIT
nflverse,football,NFL,2006-10-29,CAR,DAL,14.0,35.0,-235.0,,215.0,True,True,False,True,football|NFL|2006-10-29|CAR|DAL
nflverse,football,NFL,2006-10-30,MIN,NE,7.0,31.0,103.0,,-113.0,True,True,False,True,football|NFL|2006-10-30|MIN|NE
nflverse,football,NFL,2006-11-05,BAL,CIN,26.0,20.0,-147.0,,137.0,True,True,False,True,football|NFL|2006-11-05|BAL|CIN
nflverse,football,NFL,2006-11-05,BUF,GB,24.0,10.0,-178.0,,168.0,True,True,False,True,football|NFL|2006-11-05|BUF|GB
nflverse,football,NFL,2006-11-05,CHI,MIA,13.0,31.0,-750.0,,680.0,True,True,False,True,football|NFL|2006-11-05|CHI|MIA
nflverse,football,NFL,2006-11-05,DET,ATL,30.0,14.0,213.0,,-233.0,True,True,False,True,football|NFL|2006-11-05|DET|ATL
nflverse,football,NFL,2006-11-05,JAX,TEN,37.0,7.0,-454.0,,414.0,True,True,False,True,football|NFL|2006-11-05|JAX|TEN
nflverse,football,NFL,2006-11-05,NYG,HOU,14.0,10.0,-650.0,,590.0,True,True,False,True,football|NFL|2006-11-05|NYG|HOU
nflverse,football,NFL,2006-11-05,STL,KC,17.0,31.0,-152.0,,142.0,True,True,False,True,football|NFL|2006-11-05|STL|KC
nflverse,football,NFL,2006-11-05,TB,NO,14.0,31.0,-114.0,,104.0,True,True,False,True,football|NFL|2006-11-05|TB|NO
nflverse,football,NFL,2006-11-05,WAS,DAL,22.0,19.0,159.0,,-169.0,True,True,False,True,football|NFL|2006-11-05|WAS|DAL
nflverse,football,NFL,2006-11-05,SF,MIN,9.0,3.0,184.0,,-202.0,True,True,False,True,football|NFL|2006-11-05|SF|MIN
nflverse,football,NFL,2006-11-05,PIT,DEN,20.0,31.0,-152.0,,142.0,True,True,False,True,football|NFL|2006-11-05|PIT|DEN
nflverse,football,NFL,2006-11-05,SD,CLE,32.0,25.0,-747.0,,677.0,True,True,False,True,football|NFL|2006-11-05|SD|CLE
nflverse,football,NFL,2006-11-05,NE,IND,20.0,27.0,-161.0,,151.0,True,True,False,True,football|NFL|2006-11-05|NE|IND
nflverse,football,NFL,2006-11-06,SEA,OAK,16.0,0.0,-300.0,,270.0,True,True,False,True,football|NFL|2006-11-06|SEA|OAK
nflverse,football,NFL,2006-11-12,ATL,CLE,13.0,17.0,-372.0,,342.0,True,True,False,True,football|NFL|2006-11-12|ATL|CLE
nflverse,football,NFL,2006-11-12,CIN,SD,41.0,49.0,-108.0,,-102.0,True,True,False,True,football|NFL|2006-11-12|CIN|SD
nflverse,football,NFL,2006-11-12,DET,SF,13.0,19.0,-270.0,,250.0,True,True,False,True,football|NFL|2006-11-12|DET|SF
nflverse,football,NFL,2006-11-12,IND,BUF,17.0,16.0,-618.0,,558.0,True,True,False,True,football|NFL|2006-11-12|IND|BUF
nflverse,football,NFL,2006-11-12,JAX,HOU,10.0,13.0,-500.0,,450.0,True,True,False,True,football|NFL|2006-11-12|JAX|HOU
nflverse,football,NFL,2006-11-12,MIA,KC,13.0,10.0,-130.0,,120.0,True,True,False,True,football|NFL|2006-11-12|MIA|KC
nflverse,football,NFL,2006-11-12,MIN,GB,17.0,23.0,-205.0,,187.0,True,True,False,True,football|NFL|2006-11-12|MIN|GB
nflverse,football,NFL,2006-11-12,NE,NYJ,14.0,17.0,-501.0,,451.0,True,True,False,True,football|NFL|2006-11-12|NE|NYJ
nflverse,football,NFL,2006-11-12,PHI,WAS,27.0,3.0,-346.0,,316.0,True,True,False,True,football|NFL|2006-11-12|PHI|WAS
nflverse,football,NFL,2006-11-12,TEN,BAL,26.0,27.0,260.0,,-280.0,True,True,False,True,football|NFL|2006-11-12|TEN|BAL
nflverse,football,NFL,2006-11-12,OAK,DEN,13.0,17.0,370.0,,-410.0,True,True,False,True,football|NFL|2006-11-12|OAK|DEN
nflverse,football,NFL,2006-11-12,ARI,DAL,10.0,27.0,250.0,,-270.0,True,True,False,True,football|NFL|2006-11-12|ARI|DAL
nflverse,football,NFL,2006-11-12,PIT,NO,38.0,31.0,-270.0,,250.0,True,True,False,True,football|NFL|2006-11-12|PIT|NO
nflverse,football,NFL,2006-11-12,SEA,STL,24.0,22.0,-148.0,,138.0,True,True,False,True,football|NFL|2006-11-12|SEA|STL
nflverse,football,NFL,2006-11-12,NYG,CHI,20.0,38.0,-110.0,,100.0,True,True,False,True,football|NFL|2006-11-12|NYG|CHI
nflverse,football,NFL,2006-11-13,CAR,TB,24.0,10.0,-500.0,,450.0,True,True,False,True,football|NFL|2006-11-13|CAR|TB
nflverse,football,NFL,2006-11-19,BAL,ATL,24.0,10.0,-171.0,,161.0,True,True,False,True,football|NFL|2006-11-19|BAL|ATL
nflverse,football,NFL,2006-11-19,CAR,STL,15.0,0.0,-265.0,,245.0,True,True,False,True,football|NFL|2006-11-19|CAR|STL
nflverse,football,NFL,2006-11-19,CLE,PIT,20.0,24.0,187.0,,-207.0,True,True,False,True,football|NFL|2006-11-19|CLE|PIT
nflverse,football,NFL,2006-11-19,GB,NE,0.0,35.0,215.0,,-235.0,True,True,False,True,football|NFL|2006-11-19|GB|NE
nflverse,football,NFL,2006-11-19,HOU,BUF,21.0,24.0,-149.0,,139.0,True,True,False,True,football|NFL|2006-11-19|HOU|BUF
nflverse,football,NFL,2006-11-19,KC,OAK,17.0,13.0,-379.0,,349.0,True,True,False,True,football|NFL|2006-11-19|KC|OAK
nflverse,football,NFL,2006-11-19,MIA,MIN,24.0,20.0,-185.0,,175.0,True,True,False,True,football|NFL|2006-11-19|MIA|MIN
nflverse,football,NFL,2006-11-19,NO,CIN,16.0,31.0,-169.0,,159.0,True,True,False,True,football|NFL|2006-11-19|NO|CIN
nflverse,football,NFL,2006-11-19,NYJ,CHI,0.0,10.0,205.0,,-225.0,True,True,False,True,football|NFL|2006-11-19|NYJ|CHI
nflverse,football,NFL,2006-11-19,PHI,TEN,13.0,31.0,-740.0,,670.0,True,True,False,True,football|NFL|2006-11-19|PHI|TEN
nflverse,football,NFL,2006-11-19,TB,WAS,20.0,17.0,-165.0,,155.0,True,True,False,True,football|NFL|2006-11-19|TB|WAS
nflverse,football,NFL,2006-11-19,ARI,DET,17.0,10.0,-133.0,,123.0,True,True,False,True,football|NFL|2006-11-19|ARI|DET
nflverse,football,NFL,2006-11-19,SF,SEA,20.0,14.0,160.0,,-170.0,True,True,False,True,football|NFL|2006-11-19|SF|SEA
nflverse,football,NFL,2006-11-19,DAL,IND,21.0,14.0,-104.0,,-106.0,True,True,False,True,football|NFL|2006-11-19|DAL|IND
nflverse,football,NFL,2006-11-19,DEN,SD,27.0,35.0,-149.0,,139.0,True,True,False,True,football|NFL|2006-11-19|DEN|SD
nflverse,football,NFL,2006-11-20,JAX,NYG,26.0,10.0,-185.0,,175.0,True,True,False,True,football|NFL|2006-11-20|JAX|NYG
nflverse,football,NFL,2006-11-23,DET,MIA,10.0,27.0,131.0,,-141.0,True,True,False,True,football|NFL|2006-11-23|DET|MIA
nflverse,football,NFL,2006-11-23,DAL,TB,38.0,10.0,-660.0,,600.0,True,True,False,True,football|NFL|2006-11-23|DAL|TB
nflverse,football,NFL,2006-11-23,KC,DEN,19.0,10.0,-119.0,,109.0,True,True,False,True,football|NFL|2006-11-23|KC|DEN
nflverse,football,NFL,2006-11-26,ATL,NO,13.0,31.0,-172.0,,162.0,True,True,False,True,football|NFL|2006-11-26|ATL|NO
nflverse,football,NFL,2006-11-26,BAL,PIT,27.0,0.0,-142.0,,132.0,True,True,False,True,football|NFL|2006-11-26|BAL|PIT
nflverse,football,NFL,2006-11-26,BUF,JAX,27.0,24.0,150.0,,-160.0,True,True,False,True,football|NFL|2006-11-26|BUF|JAX
nflverse,football,NFL,2006-11-26,CLE,CIN,0.0,30.0,163.0,,-173.0,True,True,False,True,football|NFL|2006-11-26|CLE|CIN
nflverse,football,NFL,2006-11-26,MIN,ARI,31.0,26.0,-275.0,,255.0,True,True,False,True,football|NFL|2006-11-26|MIN|ARI
nflverse,football,NFL,2006-11-26,NYJ,HOU,26.0,11.0,-226.0,,206.0,True,True,False,True,football|NFL|2006-11-26|NYJ|HOU
nflverse,football,NFL,2006-11-26,STL,SF,20.0,17.0,-235.0,,215.0,True,True,False,True,football|NFL|2006-11-26|STL|SF
nflverse,football,NFL,2006-11-26,WAS,CAR,17.0,13.0,225.0,,-245.0,True,True,False,True,football|NFL|2006-11-26|WAS|CAR
nflverse,football,NFL,2006-11-26,SD,OAK,21.0,14.0,-845.0,,765.0,True,True,False,True,football|NFL|2006-11-26|SD|OAK
nflverse,football,NFL,2006-11-26,NE,CHI,17.0,13.0,-225.0,,205.0,True,True,False,True,football|NFL|2006-11-26|NE|CHI
nflverse,football,NFL,2006-11-26,TEN,NYG,24.0,21.0,182.0,,-197.0,True,True,False,True,football|NFL|2006-11-26|TEN|NYG
nflverse,football,NFL,2006-11-26,IND,PHI,45.0,21.0,-485.0,,445.0,True,True,False,True,football|NFL|2006-11-26|IND|PHI
nflverse,football,NFL,2006-11-27,SEA,GB,34.0,24.0,-470.0,,430.0,True,True,False,True,football|NFL|2006-11-27|SEA|GB
nflverse,football,NFL,2006-11-30,CIN,BAL,13.0,7.0,-160.0,,150.0,True,True,False,True,football|NFL|2006-11-30|CIN|BAL
nflverse,football,NFL,2006-12-03,BUF,SD,21.0,24.0,215.0,,-235.0,True,True,False,True,football|NFL|2006-12-03|BUF|SD
nflverse,football,NFL,2006-12-03,CHI,MIN,23.0,13.0,-410.0,,370.0,True,True,False,True,football|NFL|2006-12-03|CHI|MIN
nflverse,football,NFL,2006-12-03,CLE,KC,31.0,28.0,175.0,,-185.0,True,True,False,True,football|NFL|2006-12-03|CLE|KC
nflverse,football,NFL,2006-12-03,GB,NYJ,10.0,38.0,-117.0,,107.0,True,True,False,True,football|NFL|2006-12-03|GB|NYJ
nflverse,football,NFL,2006-12-03,NE,DET,28.0,21.0,-835.0,,755.0,True,True,False,True,football|NFL|2006-12-03|NE|DET
nflverse,football,NFL,2006-12-03,NO,SF,34.0,10.0,-315.0,,285.0,True,True,False,True,football|NFL|2006-12-03|NO|SF
nflverse,football,NFL,2006-12-03,STL,ARI,20.0,34.0,-230.0,,210.0,True,True,False,True,football|NFL|2006-12-03|STL|ARI
nflverse,football,NFL,2006-12-03,TEN,IND,20.0,17.0,287.0,,-317.0,True,True,False,True,football|NFL|2006-12-03|TEN|IND
nflverse,football,NFL,2006-12-03,WAS,ATL,14.0,24.0,118.0,,-128.0,True,True,False,True,football|NFL|2006-12-03|WAS|ATL
nflverse,football,NFL,2006-12-03,MIA,JAX,10.0,24.0,-123.0,,113.0,True,True,False,True,football|NFL|2006-12-03|MIA|JAX
nflverse,football,NFL,2006-12-03,OAK,HOU,14.0,23.0,-181.0,,171.0,True,True,False,True,football|NFL|2006-12-03|OAK|HOU
nflverse,football,NFL,2006-12-03,NYG,DAL,20.0,23.0,149.0,,-159.0,True,True,False,True,football|NFL|2006-12-03|NYG|DAL
nflverse,football,NFL,2006-12-03,PIT,TB,20.0,3.0,-335.0,,305.0,True,True,False,True,football|NFL|2006-12-03|PIT|TB
nflverse,football,NFL,2006-12-03,DEN,SEA,20.0,23.0,-219.0,,199.0,True,True,False,True,football|NFL|2006-12-03|DEN|SEA
nflverse,football,NFL,2006-12-04,PHI,CAR,27.0,24.0,145.0,,-155.0,True,True,False,True,football|NFL|2006-12-04|PHI|CAR
nflverse,football,NFL,2006-12-07,PIT,CLE,27.0,7.0,-300.0,,270.0,True,True,False,True,football|NFL|2006-12-07|PIT|CLE
nflverse,football,NFL,2006-12-10,CAR,NYG,13.0,27.0,128.0,,-138.0,True,True,False,True,football|NFL|2006-12-10|CAR|NYG
nflverse,football,NFL,2006-12-10,CIN,OAK,27.0,10.0,-610.0,,550.0,True,True,False,True,football|NFL|2006-12-10|CIN|OAK
nflverse,football,NFL,2006-12-10,DET,MIN,20.0,30.0,-116.0,,106.0,True,True,False,True,football|NFL|2006-12-10|DET|MIN
nflverse,football,NFL,2006-12-10,HOU,TEN,20.0,26.0,-112.0,,102.0,True,True,False,True,football|NFL|2006-12-10|HOU|TEN
nflverse,football,NFL,2006-12-10,JAX,IND,44.0,17.0,-105.0,,-105.0,True,True,False,True,football|NFL|2006-12-10|JAX|IND
nflverse,football,NFL,2006-12-10,KC,BAL,10.0,20.0,-152.0,,142.0,True,True,False,True,football|NFL|2006-12-10|KC|BAL
nflverse,football,NFL,2006-12-10,MIA,NE,21.0,0.0,172.0,,-182.0,True,True,False,True,football|NFL|2006-12-10|MIA|NE
nflverse,football,NFL,2006-12-10,TB,ATL,6.0,17.0,170.0,,-180.0,True,True,False,True,football|NFL|2006-12-10|TB|ATL
nflverse,football,NFL,2006-12-10,WAS,PHI,19.0,21.0,112.0,,-122.0,True,True,False,True,football|NFL|2006-12-10|WAS|PHI
nflverse,football,NFL,2006-12-10,ARI,SEA,27.0,21.0,151.0,,-161.0,True,True,False,True,football|NFL|2006-12-10|ARI|SEA
nflverse,football,NFL,2006-12-10,SF,GB,19.0,30.0,-184.0,,174.0,True,True,False,True,football|NFL|2006-12-10|SF|GB
nflverse,football,NFL,2006-12-10,NYJ,BUF,13.0,31.0,-230.0,,210.0,True,True,False,True,football|NFL|2006-12-10|NYJ|BUF
nflverse,football,NFL,2006-12-10,SD,DEN,48.0,20.0,-345.0,,315.0,True,True,False,True,football|NFL|2006-12-10|SD|DEN
nflverse,football,NFL,2006-12-10,DAL,NO,17.0,42.0,-310.0,,280.0,True,True,False,True,football|NFL|2006-12-10|DAL|NO
nflverse,football,NFL,2006-12-11,STL,CHI,27.0,42.0,235.0,,-255.0,True,True,False,True,football|NFL|2006-12-11|STL|CHI
nflverse,football,NFL,2006-12-14,SEA,SF,14.0,24.0,-502.0,,452.0,True,True,False,True,football|NFL|2006-12-14|SEA|SF
nflverse,football,NFL,2006-12-16,ATL,DAL,28.0,38.0,179.0,,-192.0,True,True,False,True,football|NFL|2006-12-16|ATL|DAL
nflverse,football,NFL,2006-12-17,BAL,CLE,27.0,17.0,-617.0,,557.0,True,True,False,True,football|NFL|2006-12-17|BAL|CLE
nflverse,football,NFL,2006-12-17,BUF,MIA,21.0,0.0,-109.0,,-101.0,True,True,False,True,football|NFL|2006-12-17|BUF|MIA
nflverse,football,NFL,2006-12-17,CAR,PIT,3.0,37.0,138.0,,-148.0,True,True,False,True,football|NFL|2006-12-17|CAR|PIT
nflverse,football,NFL,2006-12-17,CHI,TB,34.0,31.0,-768.0,,698.0,True,True,False,True,football|NFL|2006-12-17|CHI|TB
nflverse,football,NFL,2006-12-17,GB,DET,17.0,9.0,-245.0,,225.0,True,True,False,True,football|NFL|2006-12-17|GB|DET
nflverse,football,NFL,2006-12-17,MIN,NYJ,13.0,26.0,-189.0,,179.0,True,True,False,True,football|NFL|2006-12-17|MIN|NYJ
nflverse,football,NFL,2006-12-17,NE,HOU,40.0,7.0,-665.0,,605.0,True,True,False,True,football|NFL|2006-12-17|NE|HOU
nflverse,football,NFL,2006-12-17,NO,WAS,10.0,16.0,-440.0,,400.0,True,True,False,True,football|NFL|2006-12-17|NO|WAS
nflverse,football,NFL,2006-12-17,TEN,JAX,24.0,17.0,168.0,,-178.0,True,True,False,True,football|NFL|2006-12-17|TEN|JAX
nflverse,football,NFL,2006-12-17,ARI,DEN,20.0,37.0,142.0,,-152.0,True,True,False,True,football|NFL|2006-12-17|ARI|DEN
nflverse,football,NFL,2006-12-17,NYG,PHI,22.0,36.0,-237.0,,217.0,True,True,False,True,football|NFL|2006-12-17|NYG|PHI
nflverse,football,NFL,2006-12-17,OAK,STL,0.0,20.0,-150.0,,140.0,True,True,False,True,football|NFL|2006-12-17|OAK|STL
nflverse,football,NFL,2006-12-17,SD,KC,20.0,9.0,-415.0,,375.0,True,True,False,True,football|NFL|2006-12-17|SD|KC
nflverse,football,NFL,2006-12-18,IND,CIN,34.0,16.0,-185.0,,175.0,True,True,False,True,football|NFL|2006-12-18|IND|CIN
nflverse,football,NFL,2006-12-21,GB,MIN,9.0,7.0,-191.0,,178.0,True,True,False,True,football|NFL|2006-12-21|GB|MIN
nflverse,football,NFL,2006-12-23,OAK,KC,9.0,20.0,270.0,,-300.0,True,True,False,True,football|NFL|2006-12-23|OAK|KC
nflverse,football,NFL,2006-12-24,ATL,CAR,3.0,10.0,-234.0,,214.0,True,True,False,True,football|NFL|2006-12-24|ATL|CAR
nflverse,football,NFL,2006-12-24,BUF,TEN,29.0,30.0,-235.0,,215.0,True,True,False,True,football|NFL|2006-12-24|BUF|TEN
nflverse,football,NFL,2006-12-24,CLE,TB,7.0,22.0,-188.0,,178.0,True,True,False,True,football|NFL|2006-12-24|CLE|TB
nflverse,football,NFL,2006-12-24,DET,CHI,21.0,26.0,215.0,,-235.0,True,True,False,True,football|NFL|2006-12-24|DET|CHI
nflverse,football,NFL,2006-12-24,HOU,IND,27.0,24.0,384.0,,-424.0,True,True,False,True,football|NFL|2006-12-24|HOU|IND
nflverse,football,NFL,2006-12-24,JAX,NE,21.0,24.0,-168.0,,158.0,True,True,False,True,football|NFL|2006-12-24|JAX|NE
nflverse,football,NFL,2006-12-24,NYG,NO,7.0,30.0,-156.0,,146.0,True,True,False,True,football|NFL|2006-12-24|NYG|NO
nflverse,football,NFL,2006-12-24,PIT,BAL,7.0,31.0,-191.0,,178.0,True,True,False,True,football|NFL|2006-12-24|PIT|BAL
nflverse,football,NFL,2006-12-24,STL,WAS,37.0,31.0,-119.0,,109.0,True,True,False,True,football|NFL|2006-12-24|STL|WAS
nflverse,football,NFL,2006-12-24,SF,ARI,20.0,26.0,-180.0,,170.0,True,True,False,True,football|NFL|2006-12-24|SF|ARI
nflverse,football,NFL,2006-12-24,DEN,CIN,24.0,23.0,-160.0,,150.0,True,True,False,True,football|NFL|2006-12-24|DEN|CIN
nflverse,football,NFL,2006-12-24,SEA,SD,17.0,20.0,178.0,,-191.0,True,True,False,True,football|NFL|2006-12-24|SEA|SD
nflverse,football,NFL,2006-12-25,DAL,PHI,7.0,23.0,-276.0,,256.0,True,True,False,True,football|NFL|2006-12-25|DAL|PHI
nflverse,football,NFL,2006-12-25,MIA,NYJ,10.0,13.0,-137.0,,127.0,True,True,False,True,football|NFL|2006-12-25|MIA|NYJ
nflverse,football,NFL,2006-12-30,WAS,NYG,28.0,34.0,106.0,,-116.0,True,True,False,True,football|NFL|2006-12-30|WAS|NYG
nflverse,football,NFL,2006-12-31,CIN,PIT,17.0,23.0,-242.0,,222.0,True,True,False,True,football|NFL|2006-12-31|CIN|PIT
nflverse,football,NFL,2006-12-31,DAL,DET,31.0,39.0,-853.0,,773.0,True,True,False,True,football|NFL|2006-12-31|DAL|DET
nflverse,football,NFL,2006-12-31,HOU,CLE,14.0,6.0,-240.0,,220.0,True,True,False,True,football|NFL|2006-12-31|HOU|CLE
nflverse,football,NFL,2006-12-31,KC,JAX,35.0,30.0,-139.0,,129.0,True,True,False,True,football|NFL|2006-12-31|KC|JAX
nflverse,football,NFL,2006-12-31,MIN,STL,21.0,41.0,108.0,,-118.0,True,True,False,True,football|NFL|2006-12-31|MIN|STL
nflverse,football,NFL,2006-12-31,NO,CAR,21.0,31.0,144.0,,-154.0,True,True,False,True,football|NFL|2006-12-31|NO|CAR
nflverse,football,NFL,2006-12-31,NYJ,OAK,23.0,3.0,-450.0,,410.0,True,True,False,True,football|NFL|2006-12-31|NYJ|OAK
nflverse,football,NFL,2006-12-31,TB,SEA,7.0,23.0,-154.0,,144.0,True,True,False,True,football|NFL|2006-12-31|TB|SEA
nflverse,football,NFL,2006-12-31,TEN,NE,23.0,40.0,-178.0,,168.0,True,True,False,True,football|NFL|2006-12-31|TEN|NE
nflverse,football,NFL,2006-12-31,BAL,BUF,19.0,7.0,-412.0,,372.0,True,True,False,True,football|NFL|2006-12-31|BAL|BUF
nflverse,football,NFL,2006-12-31,DEN,SF,23.0,26.0,-510.0,,460.0,True,True,False,True,football|NFL|2006-12-31|DEN|SF
nflverse,football,NFL,2006-12-31,IND,MIA,27.0,22.0,-400.0,,360.0,True,True,False,True,football|NFL|2006-12-31|IND|MIA
nflverse,football,NFL,2006-12-31,PHI,ATL,24.0,17.0,-276.0,,256.0,True,True,False,True,football|NFL|2006-12-31|PHI|ATL
nflverse,football,NFL,2006-12-31,SD,ARI,27.0,20.0,-850.0,,650.0,True,True,False,True,football|NFL|2006-12-31|SD|ARI
nflverse,football,NFL,2006-12-31,CHI,GB,7.0,26.0,,,,True,True,False,True,football|NFL|2006-12-31|CHI|GB
nflverse,football,NFL,2007-01-06,IND,KC,23.0,8.0,-318.0,,288.0,True,True,False,True,football|NFL|2007-01-06|IND|KC
nflverse,football,NFL,2007-01-06,SEA,DAL,21.0,20.0,-118.0,,108.0,True,True,False,True,football|NFL|2007-01-06|SEA|DAL
nflverse,football,NFL,2007-01-07,NE,NYJ,37.0,16.0,-463.0,,423.0,True,True,False,True,football|NFL|2007-01-07|NE|NYJ
nflverse,football,NFL,2007-01-07,PHI,NYG,23.0,20.0,-271.0,,251.0,True,True,False,True,football|NFL|2007-01-07|PHI|NYG
nflverse,football,NFL,2007-01-13,BAL,IND,6.0,15.0,-186.0,,176.0,True,True,False,True,football|NFL|2007-01-13|BAL|IND
nflverse,football,NFL,2007-01-13,NO,PHI,27.0,24.0,-240.0,,220.0,True,True,False,True,football|NFL|2007-01-13|NO|PHI
nflverse,football,NFL,2007-01-14,CHI,SEA,27.0,24.0,-192.0,,174.0,True,True,False,True,football|NFL|2007-01-14|CHI|SEA
nflverse,football,NFL,2007-01-14,SD,NE,21.0,24.0,-235.0,,215.0,True,True,False,True,football|NFL|2007-01-14|SD|NE
nflverse,football,NFL,2007-01-21,CHI,NO,39.0,14.0,-138.0,,128.0,True,True,False,True,football|NFL|2007-01-21|CHI|NO
nflverse,football,NFL,2007-01-21,IND,NE,38.0,34.0,-180.0,,170.0,True,True,False,True,football|NFL|2007-01-21|IND|NE
nflverse,football,NFL,2007-02-04,CHI,IND,17.0,29.0,222.0,,-242.0,True,True,False,True,football|NFL|2007-02-04|CHI|IND
nflverse,football,NFL,2007-09-06,IND,NO,41.0,10.0,-225.0,,205.0,True,True,False,True,football|NFL|2007-09-06|IND|NO
nflverse,football,NFL,2007-09-09,BUF,DEN,14.0,15.0,141.0,,-151.0,True,True,False,True,football|NFL|2007-09-09|BUF|DEN
nflverse,football,NFL,2007-09-09,CLE,PIT,7.0,34.0,209.0,,-229.0,True,True,False,True,football|NFL|2007-09-09|CLE|PIT
nflverse,football,NFL,2007-09-09,GB,PHI,16.0,13.0,164.0,,-174.0,True,True,False,True,football|NFL|2007-09-09|GB|PHI
nflverse,football,NFL,2007-09-09,HOU,KC,20.0,3.0,-177.0,,167.0,True,True,False,True,football|NFL|2007-09-09|HOU|KC
nflverse,football,NFL,2007-09-09,JAX,TEN,10.0,13.0,-345.0,,315.0,True,True,False,True,football|NFL|2007-09-09|JAX|TEN
nflverse,football,NFL,2007-09-09,MIN,ATL,24.0,3.0,-162.0,,152.0,True,True,False,True,football|NFL|2007-09-09|MIN|ATL
nflverse,football,NFL,2007-09-09,NYJ,NE,14.0,38.0,245.0,,-265.0,True,True,False,True,football|NFL|2007-09-09|NYJ|NE
nflverse,football,NFL,2007-09-09,STL,CAR,13.0,27.0,-126.0,,116.0,True,True,False,True,football|NFL|2007-09-09|STL|CAR
nflverse,football,NFL,2007-09-09,WAS,MIA,16.0,13.0,-170.0,,160.0,True,True,False,True,football|NFL|2007-09-09|WAS|MIA
nflverse,football,NFL,2007-09-09,OAK,DET,21.0,36.0,-147.0,,137.0,True,True,False,True,football|NFL|2007-09-09|OAK|DET
nflverse,football,NFL,2007-09-09,SD,CHI,14.0,3.0,-310.0,,280.0,True,True,False,True,football|NFL|2007-09-09|SD|CHI
nflverse,football,NFL,2007-09-09,SEA,TB,20.0,6.0,-265.0,,245.0,True,True,False,True,football|NFL|2007-09-09|SEA|TB
nflverse,football,NFL,2007-09-09,DAL,NYG,45.0,35.0,-255.0,,235.0,True,True,False,True,football|NFL|2007-09-09|DAL|NYG
nflverse,football,NFL,2007-09-10,CIN,BAL,27.0,20.0,-135.0,,125.0,True,True,False,True,football|NFL|2007-09-10|CIN|BAL
nflverse,football,NFL,2007-09-10,SF,ARI,20.0,17.0,-189.0,,179.0,True,True,False,True,football|NFL|2007-09-10|SF|ARI
nflverse,football,NFL,2007-09-16,CAR,HOU,21.0,34.0,-286.0,,266.0,True,True,False,True,football|NFL|2007-09-16|CAR|HOU
nflverse,football,NFL,2007-09-16,CLE,CIN,51.0,45.0,270.0,,-300.0,True,True,False,True,football|NFL|2007-09-16|CLE|CIN
nflverse,football,NFL,2007-09-16,JAX,ATL,13.0,7.0,-518.0,,468.0,True,True,False,True,football|NFL|2007-09-16|JAX|ATL
nflverse,football,NFL,2007-09-16,NYG,GB,13.0,35.0,-156.0,,146.0,True,True,False,True,football|NFL|2007-09-16|NYG|GB
nflverse,football,NFL,2007-09-16,PIT,BUF,26.0,3.0,-515.0,,465.0,True,True,False,True,football|NFL|2007-09-16|PIT|BUF
nflverse,football,NFL,2007-09-16,STL,SF,16.0,17.0,-150.0,,140.0,True,True,False,True,football|NFL|2007-09-16|STL|SF
nflverse,football,NFL,2007-09-16,TB,NO,31.0,14.0,218.0,,-238.0,True,True,False,True,football|NFL|2007-09-16|TB|NO
nflverse,football,NFL,2007-09-16,TEN,IND,20.0,22.0,270.0,,-300.0,True,True,False,True,football|NFL|2007-09-16|TEN|IND
nflverse,football,NFL,2007-09-16,ARI,SEA,23.0,20.0,127.0,,-137.0,True,True,False,True,football|NFL|2007-09-16|ARI|SEA
nflverse,football,NFL,2007-09-16,DET,MIN,20.0,17.0,-176.0,,166.0,True,True,False,True,football|NFL|2007-09-16|DET|MIN
nflverse,football,NFL,2007-09-16,MIA,DAL,20.0,37.0,166.0,,-176.0,True,True,False,True,football|NFL|2007-09-16|MIA|DAL
nflverse,football,NFL,2007-09-16,BAL,NYJ,20.0,13.0,-435.0,,395.0,True,True,False,True,football|NFL|2007-09-16|BAL|NYJ
nflverse,football,NFL,2007-09-16,CHI,KC,20.0,10.0,-640.0,,580.0,True,True,False,True,football|NFL|2007-09-16|CHI|KC
nflverse,football,NFL,2007-09-16,DEN,OAK,23.0,20.0,,,,True,True,False,True,football|NFL|2007-09-16|DEN|OAK
nflverse,football,NFL,2007-09-16,NE,SD,38.0,14.0,-191.0,,178.0,True,True,False,True,football|NFL|2007-09-16|NE|SD
nflverse,football,NFL,2007-09-17,PHI,WAS,12.0,20.0,-281.0,,261.0,True,True,False,True,football|NFL|2007-09-17|PHI|WAS
nflverse,football,NFL,2007-09-23,BAL,ARI,26.0,23.0,-317.0,,287.0,True,True,False,True,football|NFL|2007-09-23|BAL|ARI
nflverse,football,NFL,2007-09-23,GB,SD,31.0,24.0,241.0,,-261.0,True,True,False,True,football|NFL|2007-09-23|GB|SD
nflverse,football,NFL,2007-09-23,HOU,IND,24.0,30.0,250.0,,-270.0,True,True,False,True,football|NFL|2007-09-23|HOU|IND
nflverse,football,NFL,2007-09-23,KC,MIN,13.0,10.0,-162.0,,152.0,True,True,False,True,football|NFL|2007-09-23|KC|MIN
nflverse,football,NFL,2007-09-23,NE,BUF,38.0,7.0,-1600.0,,1200.0,True,True,False,True,football|NFL|2007-09-23|NE|BUF
nflverse,football,NFL,2007-09-23,NYJ,MIA,31.0,28.0,-168.0,,158.0,True,True,False,True,football|NFL|2007-09-23|NYJ|MIA
nflverse,football,NFL,2007-09-23,PHI,DET,56.0,21.0,-200.0,,185.0,True,True,False,True,football|NFL|2007-09-23|PHI|DET
nflverse,football,NFL,2007-09-23,PIT,SF,37.0,16.0,-527.0,,477.0,True,True,False,True,football|NFL|2007-09-23|PIT|SF
nflverse,football,NFL,2007-09-23,TB,STL,24.0,3.0,-183.0,,173.0,True,True,False,True,football|NFL|2007-09-23|TB|STL
nflverse,football,NFL,2007-09-23,DEN,JAX,14.0,23.0,-185.0,,175.0,True,True,False,True,football|NFL|2007-09-23|DEN|JAX
nflverse,football,NFL,2007-09-23,OAK,CLE,26.0,24.0,-156.0,,146.0,True,True,False,True,football|NFL|2007-09-23|OAK|CLE
nflverse,football,NFL,2007-09-23,SEA,CIN,24.0,21.0,-165.0,,155.0,True,True,False,True,football|NFL|2007-09-23|SEA|CIN
nflverse,football,NFL,2007-09-23,ATL,CAR,20.0,27.0,191.0,,-211.0,True,True,False,True,football|NFL|2007-09-23|ATL|CAR
nflverse,football,NFL,2007-09-23,WAS,NYG,17.0,24.0,-199.0,,184.0,True,True,False,True,football|NFL|2007-09-23|WAS|NYG
nflverse,football,NFL,2007-09-23,CHI,DAL,10.0,34.0,-154.0,,144.0,True,True,False,True,football|NFL|2007-09-23|CHI|DAL
nflverse,football,NFL,2007-09-24,NO,TEN,14.0,31.0,-232.0,,212.0,True,True,False,True,football|NFL|2007-09-24|NO|TEN
nflverse,football,NFL,2007-09-30,ATL,HOU,26.0,16.0,115.0,,-125.0,True,True,False,True,football|NFL|2007-09-30|ATL|HOU
nflverse,football,NFL,2007-09-30,BUF,NYJ,17.0,14.0,172.0,,-182.0,True,True,False,True,football|NFL|2007-09-30|BUF|NYJ
nflverse,football,NFL,2007-09-30,CLE,BAL,27.0,13.0,177.0,,-187.0,True,True,False,True,football|NFL|2007-09-30|CLE|BAL
nflverse,football,NFL,2007-09-30,DAL,STL,35.0,7.0,-700.0,,630.0,True,True,False,True,football|NFL|2007-09-30|DAL|STL
nflverse,football,NFL,2007-09-30,DET,CHI,37.0,27.0,115.0,,-125.0,True,True,False,True,football|NFL|2007-09-30|DET|CHI
nflverse,football,NFL,2007-09-30,MIA,OAK,17.0,35.0,-185.0,,175.0,True,True,False,True,football|NFL|2007-09-30|MIA|OAK
nflverse,football,NFL,2007-09-30,MIN,GB,16.0,23.0,-103.0,,-107.0,True,True,False,True,football|NFL|2007-09-30|MIN|GB
nflverse,football,NFL,2007-09-30,CAR,TB,7.0,20.0,-150.0,,140.0,True,True,False,True,football|NFL|2007-09-30|CAR|TB
nflverse,football,NFL,2007-09-30,SF,SEA,3.0,23.0,104.0,,-114.0,True,True,False,True,football|NFL|2007-09-30|SF|SEA
nflverse,football,NFL,2007-09-30,ARI,PIT,21.0,14.0,206.0,,-226.0,True,True,False,True,football|NFL|2007-09-30|ARI|PIT
nflverse,football,NFL,2007-09-30,IND,DEN,38.0,20.0,-502.0,,452.0,True,True,False,True,football|NFL|2007-09-30|IND|DEN
nflverse,football,NFL,2007-09-30,SD,KC,16.0,30.0,-714.0,,644.0,True,True,False,True,football|NFL|2007-09-30|SD|KC
nflverse,football,NFL,2007-09-30,NYG,PHI,16.0,3.0,102.0,,-112.0,True,True,False,True,football|NFL|2007-09-30|NYG|PHI
nflverse,football,NFL,2007-10-01,CIN,NE,13.0,34.0,305.0,,-335.0,True,True,False,True,football|NFL|2007-10-01|CIN|NE
nflverse,football,NFL,2007-10-07,HOU,MIA,22.0,19.0,-205.0,,187.0,True,True,False,True,football|NFL|2007-10-07|HOU|MIA
nflverse,football,NFL,2007-10-07,KC,JAX,7.0,17.0,122.0,,-132.0,True,True,False,True,football|NFL|2007-10-07|KC|JAX
nflverse,football,NFL,2007-10-07,NE,CLE,34.0,17.0,-1300.0,,900.0,True,True,False,True,football|NFL|2007-10-07|NE|CLE
nflverse,football,NFL,2007-10-07,NO,CAR,13.0,16.0,-197.0,,182.0,True,True,False,True,football|NFL|2007-10-07|NO|CAR
nflverse,football,NFL,2007-10-07,NYG,NYJ,35.0,24.0,-207.0,,187.0,True,True,False,True,football|NFL|2007-10-07|NYG|NYJ
nflverse,football,NFL,2007-10-07,PIT,SEA,21.0,0.0,-229.0,,209.0,True,True,False,True,football|NFL|2007-10-07|PIT|SEA
nflverse,football,NFL,2007-10-07,STL,ARI,31.0,34.0,184.0,,-202.0,True,True,False,True,football|NFL|2007-10-07|STL|ARI
nflverse,football,NFL,2007-10-07,TEN,ATL,20.0,13.0,-325.0,,295.0,True,True,False,True,football|NFL|2007-10-07|TEN|ATL
nflverse,football,NFL,2007-10-07,WAS,DET,34.0,3.0,-205.0,,187.0,True,True,False,True,football|NFL|2007-10-07|WAS|DET
nflverse,football,NFL,2007-10-07,IND,TB,33.0,14.0,-380.0,,350.0,True,True,False,True,football|NFL|2007-10-07|IND|TB
nflverse,football,NFL,2007-10-07,DEN,SD,3.0,41.0,113.0,,-123.0,True,True,False,True,football|NFL|2007-10-07|DEN|SD
nflverse,football,NFL,2007-10-07,SF,BAL,7.0,9.0,190.0,,-210.0,True,True,False,True,football|NFL|2007-10-07|SF|BAL
nflverse,football,NFL,2007-10-07,GB,CHI,20.0,27.0,-176.0,,166.0,True,True,False,True,football|NFL|2007-10-07|GB|CHI
nflverse,football,NFL,2007-10-08,BUF,DAL,24.0,25.0,470.0,,-520.0,True,True,False,True,football|NFL|2007-10-08|BUF|DAL
nflverse,football,NFL,2007-10-14,BAL,STL,22.0,3.0,-429.0,,389.0,True,True,False,True,football|NFL|2007-10-14|BAL|STL
nflverse,football,NFL,2007-10-14,CHI,MIN,31.0,34.0,-225.0,,205.0,True,True,False,True,football|NFL|2007-10-14|CHI|MIN
nflverse,football,NFL,2007-10-14,CLE,MIA,41.0,31.0,-184.0,,174.0,True,True,False,True,football|NFL|2007-10-14|CLE|MIA
nflverse,football,NFL,2007-10-14,GB,WAS,17.0,14.0,-148.0,,138.0,True,True,False,True,football|NFL|2007-10-14|GB|WAS
nflverse,football,NFL,2007-10-14,JAX,HOU,37.0,17.0,-270.0,,250.0,True,True,False,True,football|NFL|2007-10-14|JAX|HOU
nflverse,football,NFL,2007-10-14,KC,CIN,27.0,20.0,116.0,,-126.0,True,True,False,True,football|NFL|2007-10-14|KC|CIN
nflverse,football,NFL,2007-10-14,NYJ,PHI,9.0,16.0,190.0,,-210.0,True,True,False,True,football|NFL|2007-10-14|NYJ|PHI
nflverse,football,NFL,2007-10-14,TB,TEN,13.0,10.0,-128.0,,118.0,True,True,False,True,football|NFL|2007-10-14|TB|TEN
nflverse,football,NFL,2007-10-14,ARI,CAR,10.0,25.0,-249.0,,229.0,True,True,False,True,football|NFL|2007-10-14|ARI|CAR
nflverse,football,NFL,2007-10-14,DAL,NE,27.0,48.0,200.0,,-220.0,True,True,False,True,football|NFL|2007-10-14|DAL|NE
nflverse,football,NFL,2007-10-14,SD,OAK,28.0,14.0,-460.0,,420.0,True,True,False,True,football|NFL|2007-10-14|SD|OAK
nflverse,football,NFL,2007-10-14,SEA,NO,17.0,28.0,-220.0,,200.0,True,True,False,True,football|NFL|2007-10-14|SEA|NO
nflverse,football,NFL,2007-10-15,ATL,NYG,10.0,31.0,210.0,,-230.0,True,True,False,True,football|NFL|2007-10-15|ATL|NYG
nflverse,football,NFL,2007-10-21,BUF,BAL,19.0,14.0,131.0,,-141.0,True,True,False,True,football|NFL|2007-10-21|BUF|BAL
nflverse,football,NFL,2007-10-21,DET,TB,23.0,16.0,-129.0,,119.0,True,True,False,True,football|NFL|2007-10-21|DET|TB
nflverse,football,NFL,2007-10-21,HOU,TEN,36.0,38.0,-128.0,,118.0,True,True,False,True,football|NFL|2007-10-21|HOU|TEN
nflverse,football,NFL,2007-10-21,MIA,NE,28.0,49.0,900.0,,-1300.0,True,True,False,True,football|NFL|2007-10-21|MIA|NE
nflverse,football,NFL,2007-10-21,NO,ATL,22.0,16.0,-330.0,,300.0,True,True,False,True,football|NFL|2007-10-21|NO|ATL
nflverse,football,NFL,2007-10-21,NYG,SF,33.0,15.0,-442.0,,402.0,True,True,False,True,football|NFL|2007-10-21|NYG|SF
nflverse,football,NFL,2007-10-21,WAS,ARI,21.0,19.0,-374.0,,344.0,True,True,False,True,football|NFL|2007-10-21|WAS|ARI
nflverse,football,NFL,2007-10-21,CIN,NYJ,38.0,31.0,-250.0,,230.0,True,True,False,True,football|NFL|2007-10-21|CIN|NYJ
nflverse,football,NFL,2007-10-21,OAK,KC,10.0,12.0,-122.0,,112.0,True,True,False,True,football|NFL|2007-10-21|OAK|KC
nflverse,football,NFL,2007-10-21,DAL,MIN,24.0,14.0,-400.0,,360.0,True,True,False,True,football|NFL|2007-10-21|DAL|MIN
nflverse,football,NFL,2007-10-21,PHI,CHI,16.0,19.0,-223.0,,203.0,True,True,False,True,football|NFL|2007-10-21|PHI|CHI
nflverse,football,NFL,2007-10-21,SEA,STL,33.0,6.0,-330.0,,300.0,True,True,False,True,football|NFL|2007-10-21|SEA|STL
nflverse,football,NFL,2007-10-21,DEN,PIT,31.0,28.0,201.0,,-221.0,True,True,False,True,football|NFL|2007-10-21|DEN|PIT
nflverse,football,NFL,2007-10-22,JAX,IND,7.0,29.0,148.0,,-158.0,True,True,False,True,football|NFL|2007-10-22|JAX|IND
nflverse,football,NFL,2007-10-28,CAR,IND,7.0,31.0,279.0,,-309.0,True,True,False,True,football|NFL|2007-10-28|CAR|IND
nflverse,football,NFL,2007-10-28,CHI,DET,7.0,16.0,-259.0,,239.0,True,True,False,True,football|NFL|2007-10-28|CHI|DET
nflverse,football,NFL,2007-10-28,CIN,PIT,13.0,24.0,181.0,,-196.0,True,True,False,True,football|NFL|2007-10-28|CIN|PIT
nflverse,football,NFL,2007-10-28,MIA,NYG,10.0,13.0,450.0,,-500.0,True,True,False,True,football|NFL|2007-10-28|MIA|NYG
nflverse,football,NFL,2007-10-28,MIN,PHI,16.0,23.0,-102.0,,-108.0,True,True,False,True,football|NFL|2007-10-28|MIN|PHI
nflverse,football,NFL,2007-10-28,STL,CLE,20.0,27.0,133.0,,-143.0,True,True,False,True,football|NFL|2007-10-28|STL|CLE
nflverse,football,NFL,2007-10-28,TEN,OAK,13.0,9.0,-285.0,,265.0,True,True,False,True,football|NFL|2007-10-28|TEN|OAK
nflverse,football,NFL,2007-10-28,NYJ,BUF,3.0,13.0,-148.0,,138.0,True,True,False,True,football|NFL|2007-10-28|NYJ|BUF
nflverse,football,NFL,2007-10-28,SD,HOU,35.0,10.0,-480.0,,440.0,True,True,False,True,football|NFL|2007-10-28|SD|HOU
nflverse,football,NFL,2007-10-28,TB,JAX,23.0,24.0,-185.0,,175.0,True,True,False,True,football|NFL|2007-10-28|TB|JAX
nflverse,football,NFL,2007-10-28,NE,WAS,52.0,7.0,-1225.0,,825.0,True,True,False,True,football|NFL|2007-10-28|NE|WAS
nflverse,football,NFL,2007-10-28,SF,NO,10.0,31.0,115.0,,-125.0,True,True,False,True,football|NFL|2007-10-28|SF|NO
nflverse,football,NFL,2007-10-29,DEN,GB,13.0,19.0,-145.0,,135.0,True,True,False,True,football|NFL|2007-10-29|DEN|GB
nflverse,football,NFL,2007-11-04,ATL,SF,20.0,16.0,-204.0,,186.0,True,True,False,True,football|NFL|2007-11-04|ATL|SF
nflverse,football,NFL,2007-11-04,BUF,CIN,33.0,21.0,103.0,,-113.0,True,True,False,True,football|NFL|2007-11-04|BUF|CIN
nflverse,football,NFL,2007-11-04,DET,DEN,44.0,7.0,-146.0,,136.0,True,True,False,True,football|NFL|2007-11-04|DET|DEN
nflverse,football,NFL,2007-11-04,KC,GB,22.0,33.0,-143.0,,133.0,True,True,False,True,football|NFL|2007-11-04|KC|GB
nflverse,football,NFL,2007-11-04,MIN,SD,35.0,17.0,285.0,,-315.0,True,True,False,True,football|NFL|2007-11-04|MIN|SD
nflverse,football,NFL,2007-11-04,NO,JAX,41.0,24.0,-194.0,,181.0,True,True,False,True,football|NFL|2007-11-04|NO|JAX
nflverse,football,NFL,2007-11-04,NYJ,WAS,20.0,23.0,178.0,,-191.0,True,True,False,True,football|NFL|2007-11-04|NYJ|WAS
nflverse,football,NFL,2007-11-04,TB,ARI,17.0,10.0,-174.0,,164.0,True,True,False,True,football|NFL|2007-11-04|TB|ARI
nflverse,football,NFL,2007-11-04,TEN,CAR,20.0,7.0,-250.0,,230.0,True,True,False,True,football|NFL|2007-11-04|TEN|CAR
nflverse,football,NFL,2007-11-04,CLE,SEA,33.0,30.0,-122.0,,112.0,True,True,False,True,football|NFL|2007-11-04|CLE|SEA
nflverse,football,NFL,2007-11-04,IND,NE,20.0,24.0,190.0,,-210.0,True,True,False,True,football|NFL|2007-11-04|IND|NE
nflverse,football,NFL,2007-11-04,OAK,HOU,17.0,24.0,-156.0,,146.0,True,True,False,True,football|NFL|2007-11-04|OAK|HOU
nflverse,football,NFL,2007-11-04,PHI,DAL,17.0,38.0,153.0,,-163.0,True,True,False,True,football|NFL|2007-11-04|PHI|DAL
nflverse,football,NFL,2007-11-05,PIT,BAL,38.0,7.0,-405.0,,365.0,True,True,False,True,football|NFL|2007-11-05|PIT|BAL
nflverse,football,NFL,2007-11-11,CAR,ATL,13.0,20.0,-172.0,,162.0,True,True,False,True,football|NFL|2007-11-11|CAR|ATL
nflverse,football,NFL,2007-11-11,GB,MIN,34.0,0.0,-235.0,,215.0,True,True,False,True,football|NFL|2007-11-11|GB|MIN
nflverse,football,NFL,2007-11-11,KC,DEN,11.0,27.0,-156.0,,146.0,True,True,False,True,football|NFL|2007-11-11|KC|DEN
nflverse,football,NFL,2007-11-11,MIA,BUF,10.0,13.0,119.0,,-129.0,True,True,False,True,football|NFL|2007-11-11|MIA|BUF
nflverse,football,NFL,2007-11-11,NO,STL,29.0,37.0,-500.0,,450.0,True,True,False,True,football|NFL|2007-11-11|NO|STL
nflverse,football,NFL,2007-11-11,PIT,CLE,31.0,28.0,-462.0,,422.0,True,True,False,True,football|NFL|2007-11-11|PIT|CLE
nflverse,football,NFL,2007-11-11,TEN,JAX,13.0,28.0,-220.0,,200.0,True,True,False,True,football|NFL|2007-11-11|TEN|JAX
nflverse,football,NFL,2007-11-11,WAS,PHI,25.0,33.0,-130.0,,120.0,True,True,False,True,football|NFL|2007-11-11|WAS|PHI
nflverse,football,NFL,2007-11-11,BAL,CIN,7.0,21.0,-147.0,,137.0,True,True,False,True,football|NFL|2007-11-11|BAL|CIN
nflverse,football,NFL,2007-11-11,ARI,DET,31.0,21.0,-134.0,,124.0,True,True,False,True,football|NFL|2007-11-11|ARI|DET
nflverse,football,NFL,2007-11-11,NYG,DAL,20.0,31.0,123.0,,-133.0,True,True,False,True,football|NFL|2007-11-11|NYG|DAL
nflverse,football,NFL,2007-11-11,OAK,CHI,6.0,17.0,173.0,,-183.0,True,True,False,True,football|NFL|2007-11-11|OAK|CHI
nflverse,football,NFL,2007-11-11,SD,IND,23.0,21.0,171.0,,-181.0,True,True,False,True,football|NFL|2007-11-11|SD|IND
nflverse,football,NFL,2007-11-12,SEA,SF,24.0,0.0,-400.0,,360.0,True,True,False,True,football|NFL|2007-11-12|SEA|SF
nflverse,football,NFL,2007-11-18,ATL,TB,7.0,31.0,165.0,,-175.0,True,True,False,True,football|NFL|2007-11-18|ATL|TB
nflverse,football,NFL,2007-11-18,BAL,CLE,30.0,33.0,114.0,,-124.0,True,True,False,True,football|NFL|2007-11-18|BAL|CLE
nflverse,football,NFL,2007-11-18,CIN,ARI,27.0,35.0,-165.0,,155.0,True,True,False,True,football|NFL|2007-11-18|CIN|ARI
nflverse,football,NFL,2007-11-18,DET,NYG,10.0,16.0,129.0,,-139.0,True,True,False,True,football|NFL|2007-11-18|DET|NYG
nflverse,football,NFL,2007-11-18,GB,CAR,31.0,17.0,-480.0,,440.0,True,True,False,True,football|NFL|2007-11-18|GB|CAR
nflverse,football,NFL,2007-11-18,HOU,NO,23.0,10.0,-119.0,,109.0,True,True,False,True,football|NFL|2007-11-18|HOU|NO
nflverse,football,NFL,2007-11-18,IND,KC,13.0,10.0,-1300.0,,950.0,True,True,False,True,football|NFL|2007-11-18|IND|KC
nflverse,football,NFL,2007-11-18,JAX,SD,24.0,17.0,-164.0,,154.0,True,True,False,True,football|NFL|2007-11-18|JAX|SD
nflverse,football,NFL,2007-11-18,MIN,OAK,29.0,22.0,-225.0,,205.0,True,True,False,True,football|NFL|2007-11-18|MIN|OAK
nflverse,football,NFL,2007-11-18,PHI,MIA,17.0,7.0,-433.0,,393.0,True,True,False,True,football|NFL|2007-11-18|PHI|MIA
nflverse,football,NFL,2007-11-18,NYJ,PIT,19.0,16.0,360.0,,-400.0,True,True,False,True,football|NFL|2007-11-18|NYJ|PIT
nflverse,football,NFL,2007-11-18,DAL,WAS,28.0,23.0,-543.0,,493.0,True,True,False,True,football|NFL|2007-11-18|DAL|WAS
nflverse,football,NFL,2007-11-18,SEA,CHI,30.0,23.0,-255.0,,235.0,True,True,False,True,football|NFL|2007-11-18|SEA|CHI
nflverse,football,NFL,2007-11-18,SF,STL,9.0,13.0,165.0,,-175.0,True,True,False,True,football|NFL|2007-11-18|SF|STL
nflverse,football,NFL,2007-11-18,BUF,NE,10.0,56.0,800.0,,-1100.0,True,True,False,True,football|NFL|2007-11-18|BUF|NE
nflverse,football,NFL,2007-11-19,DEN,TEN,34.0,20.0,-110.0,,100.0,True,True,False,True,football|NFL|2007-11-19|DEN|TEN
nflverse,football,NFL,2007-11-22,DET,GB,26.0,37.0,160.0,,-170.0,True,True,False,True,football|NFL|2007-11-22|DET|GB
nflverse,football,NFL,2007-11-22,DAL,NYJ,34.0,3.0,-965.0,,875.0,True,True,False,True,football|NFL|2007-11-22|DAL|NYJ
nflverse,football,NFL,2007-11-22,ATL,IND,13.0,31.0,630.0,,-700.0,True,True,False,True,football|NFL|2007-11-22|ATL|IND
nflverse,football,NFL,2007-11-25,CAR,NO,6.0,31.0,159.0,,-169.0,True,True,False,True,football|NFL|2007-11-25|CAR|NO
nflverse,football,NFL,2007-11-25,CIN,TEN,35.0,6.0,-115.0,,105.0,True,True,False,True,football|NFL|2007-11-25|CIN|TEN
nflverse,football,NFL,2007-11-25,CLE,HOU,27.0,17.0,-169.0,,159.0,True,True,False,True,football|NFL|2007-11-25|CLE|HOU
nflverse,football,NFL,2007-11-25,JAX,BUF,36.0,14.0,-400.0,,360.0,True,True,False,True,football|NFL|2007-11-25|JAX|BUF
nflverse,football,NFL,2007-11-25,KC,OAK,17.0,20.0,-217.0,,197.0,True,True,False,True,football|NFL|2007-11-25|KC|OAK
nflverse,football,NFL,2007-11-25,NYG,MIN,17.0,41.0,-340.0,,310.0,True,True,False,True,football|NFL|2007-11-25|NYG|MIN
nflverse,football,NFL,2007-11-25,STL,SEA,19.0,24.0,171.0,,-181.0,True,True,False,True,football|NFL|2007-11-25|STL|SEA
nflverse,football,NFL,2007-11-25,TB,WAS,19.0,13.0,-181.0,,171.0,True,True,False,True,football|NFL|2007-11-25|TB|WAS
nflverse,football,NFL,2007-11-25,ARI,SF,31.0,37.0,-510.0,,460.0,True,True,False,True,football|NFL|2007-11-25|ARI|SF
nflverse,football,NFL,2007-11-25,CHI,DEN,37.0,34.0,-110.0,,100.0,True,True,False,True,football|NFL|2007-11-25|CHI|DEN
nflverse,football,NFL,2007-11-25,SD,BAL,32.0,14.0,-405.0,,365.0,True,True,False,True,football|NFL|2007-11-25|SD|BAL
nflverse,football,NFL,2007-11-25,NE,PHI,31.0,28.0,-2500.0,,1700.0,True,True,False,True,football|NFL|2007-11-25|NE|PHI
nflverse,football,NFL,2007-11-26,PIT,MIA,3.0,0.0,-900.0,,700.0,True,True,False,True,football|NFL|2007-11-26|PIT|MIA
nflverse,football,NFL,2007-11-29,DAL,GB,37.0,27.0,-285.0,,265.0,True,True,False,True,football|NFL|2007-11-29|DAL|GB
nflverse,football,NFL,2007-12-02,CAR,SF,31.0,14.0,-163.0,,153.0,True,True,False,True,football|NFL|2007-12-02|CAR|SF
nflverse,football,NFL,2007-12-02,IND,JAX,28.0,25.0,-281.0,,261.0,True,True,False,True,football|NFL|2007-12-02|IND|JAX
nflverse,football,NFL,2007-12-02,KC,SD,10.0,24.0,220.0,,-240.0,True,True,False,True,football|NFL|2007-12-02|KC|SD
nflverse,football,NFL,2007-12-02,MIA,NYJ,13.0,40.0,-135.0,,125.0,True,True,False,True,football|NFL|2007-12-02|MIA|NYJ
nflverse,football,NFL,2007-12-02,MIN,DET,42.0,10.0,-240.0,,220.0,True,True,False,True,football|NFL|2007-12-02|MIN|DET
nflverse,football,NFL,2007-12-02,PHI,SEA,24.0,28.0,-165.0,,155.0,True,True,False,True,football|NFL|2007-12-02|PHI|SEA
nflverse,football,NFL,2007-12-02,STL,ATL,28.0,16.0,-163.0,,153.0,True,True,False,True,football|NFL|2007-12-02|STL|ATL
nflverse,football,NFL,2007-12-02,TEN,HOU,28.0,20.0,-185.0,,175.0,True,True,False,True,football|NFL|2007-12-02|TEN|HOU
nflverse,football,NFL,2007-12-02,WAS,BUF,16.0,17.0,-300.0,,270.0,True,True,False,True,football|NFL|2007-12-02|WAS|BUF
nflverse,football,NFL,2007-12-02,ARI,CLE,27.0,21.0,-109.0,,-101.0,True,True,False,True,football|NFL|2007-12-02|ARI|CLE
nflverse,football,NFL,2007-12-02,OAK,DEN,34.0,20.0,181.0,,-196.0,True,True,False,True,football|NFL|2007-12-02|OAK|DEN
nflverse,football,NFL,2007-12-02,CHI,NYG,16.0,21.0,-107.0,,-103.0,True,True,False,True,football|NFL|2007-12-02|CHI|NYG
nflverse,football,NFL,2007-12-02,NO,TB,23.0,27.0,-260.0,,240.0,True,True,False,True,football|NFL|2007-12-02|NO|TB
nflverse,football,NFL,2007-12-02,PIT,CIN,24.0,10.0,-275.0,,255.0,True,True,False,True,football|NFL|2007-12-02|PIT|CIN
nflverse,football,NFL,2007-12-03,BAL,NE,24.0,27.0,1100.0,,-1500.0,True,True,False,True,football|NFL|2007-12-03|BAL|NE
nflverse,football,NFL,2007-12-06,WAS,CHI,24.0,16.0,-160.0,,150.0,True,True,False,True,football|NFL|2007-12-06|WAS|CHI
nflverse,football,NFL,2007-12-09,BUF,MIA,38.0,17.0,-280.0,,260.0,True,True,False,True,football|NFL|2007-12-09|BUF|MIA
nflverse,football,NFL,2007-12-09,CIN,STL,19.0,10.0,-460.0,,420.0,True,True,False,True,football|NFL|2007-12-09|CIN|STL
nflverse,football,NFL,2007-12-09,DET,DAL,27.0,28.0,465.0,,-515.0,True,True,False,True,football|NFL|2007-12-09|DET|DAL
nflverse,football,NFL,2007-12-09,GB,OAK,38.0,7.0,-450.0,,410.0,True,True,False,True,football|NFL|2007-12-09|GB|OAK
nflverse,football,NFL,2007-12-09,HOU,TB,28.0,14.0,131.0,,-141.0,True,True,False,True,football|NFL|2007-12-09|HOU|TB
nflverse,football,NFL,2007-12-09,JAX,CAR,37.0,6.0,-540.0,,490.0,True,True,False,True,football|NFL|2007-12-09|JAX|CAR
nflverse,football,NFL,2007-12-09,PHI,NYG,13.0,16.0,-161.0,,151.0,True,True,False,True,football|NFL|2007-12-09|PHI|NYG
nflverse,football,NFL,2007-12-09,TEN,SD,17.0,23.0,-105.0,,-105.0,True,True,False,True,football|NFL|2007-12-09|TEN|SD
nflverse,football,NFL,2007-12-09,SEA,ARI,42.0,21.0,-360.0,,330.0,True,True,False,True,football|NFL|2007-12-09|SEA|ARI
nflverse,football,NFL,2007-12-09,SF,MIN,7.0,27.0,310.0,,-340.0,True,True,False,True,football|NFL|2007-12-09|SF|MIN
nflverse,football,NFL,2007-12-09,DEN,KC,41.0,7.0,-350.0,,320.0,True,True,False,True,football|NFL|2007-12-09|DEN|KC
nflverse,football,NFL,2007-12-09,NE,PIT,34.0,13.0,-550.0,,500.0,True,True,False,True,football|NFL|2007-12-09|NE|PIT
nflverse,football,NFL,2007-12-09,NYJ,CLE,18.0,24.0,149.0,,-159.0,True,True,False,True,football|NFL|2007-12-09|NYJ|CLE
nflverse,football,NFL,2007-12-09,BAL,IND,20.0,44.0,330.0,,-360.0,True,True,False,True,football|NFL|2007-12-09|BAL|IND
nflverse,football,NFL,2007-12-10,ATL,NO,14.0,34.0,183.0,,-201.0,True,True,False,True,football|NFL|2007-12-10|ATL|NO
nflverse,football,NFL,2007-12-13,HOU,DEN,31.0,13.0,128.0,,-138.0,True,True,False,True,football|NFL|2007-12-13|HOU|DEN
nflverse,football,NFL,2007-12-15,SF,CIN,20.0,13.0,320.0,,-350.0,True,True,False,True,football|NFL|2007-12-15|SF|CIN
nflverse,football,NFL,2007-12-16,CAR,SEA,13.0,10.0,280.0,,-310.0,True,True,False,True,football|NFL|2007-12-16|CAR|SEA
nflverse,football,NFL,2007-12-16,CLE,BUF,8.0,0.0,-210.0,,190.0,True,True,False,True,football|NFL|2007-12-16|CLE|BUF
nflverse,football,NFL,2007-12-16,KC,TEN,17.0,26.0,172.0,,-182.0,True,True,False,True,football|NFL|2007-12-16|KC|TEN
nflverse,football,NFL,2007-12-16,MIA,BAL,22.0,16.0,146.0,,-156.0,True,True,False,True,football|NFL|2007-12-16|MIA|BAL
nflverse,football,NFL,2007-12-16,NE,NYJ,20.0,10.0,-1500.0,,1000.0,True,True,False,True,football|NFL|2007-12-16|NE|NYJ
nflverse,football,NFL,2007-12-16,NO,ARI,31.0,24.0,-210.0,,190.0,True,True,False,True,football|NFL|2007-12-16|NO|ARI
nflverse,football,NFL,2007-12-16,PIT,JAX,22.0,29.0,-163.0,,153.0,True,True,False,True,football|NFL|2007-12-16|PIT|JAX
nflverse,football,NFL,2007-12-16,STL,GB,14.0,33.0,281.0,,-311.0,True,True,False,True,football|NFL|2007-12-16|STL|GB
nflverse,football,NFL,2007-12-16,TB,ATL,37.0,3.0,-641.0,,581.0,True,True,False,True,football|NFL|2007-12-16|TB|ATL
nflverse,football,NFL,2007-12-16,OAK,IND,14.0,21.0,372.0,,-412.0,True,True,False,True,football|NFL|2007-12-16|OAK|IND
nflverse,football,NFL,2007-12-16,DAL,PHI,6.0,10.0,-480.0,,440.0,True,True,False,True,football|NFL|2007-12-16|DAL|PHI
nflverse,football,NFL,2007-12-16,SD,DET,51.0,14.0,-420.0,,380.0,True,True,False,True,football|NFL|2007-12-16|SD|DET
nflverse,football,NFL,2007-12-16,NYG,WAS,10.0,22.0,-260.0,,240.0,True,True,False,True,football|NFL|2007-12-16|NYG|WAS
nflverse,football,NFL,2007-12-17,MIN,CHI,20.0,13.0,-480.0,,440.0,True,True,False,True,football|NFL|2007-12-17|MIN|CHI
nflverse,football,NFL,2007-12-20,STL,PIT,24.0,41.0,321.0,,-351.0,True,True,False,True,football|NFL|2007-12-20|STL|PIT
nflverse,football,NFL,2007-12-22,CAR,DAL,13.0,20.0,490.0,,-540.0,True,True,False,True,football|NFL|2007-12-22|CAR|DAL
nflverse,football,NFL,2007-12-23,BUF,NYG,21.0,38.0,109.0,,-119.0,True,True,False,True,football|NFL|2007-12-23|BUF|NYG
nflverse,football,NFL,2007-12-23,CHI,GB,35.0,7.0,295.0,,-325.0,True,True,False,True,football|NFL|2007-12-23|CHI|GB
nflverse,football,NFL,2007-12-23,CIN,CLE,19.0,14.0,121.0,,-131.0,True,True,False,True,football|NFL|2007-12-23|CIN|CLE
nflverse,football,NFL,2007-12-23,DET,KC,25.0,20.0,-260.0,,240.0,True,True,False,True,football|NFL|2007-12-23|DET|KC
nflverse,football,NFL,2007-12-23,IND,HOU,38.0,15.0,-271.0,,251.0,True,True,False,True,football|NFL|2007-12-23|IND|HOU
nflverse,football,NFL,2007-12-23,JAX,OAK,49.0,11.0,-800.0,,720.0,True,True,False,True,football|NFL|2007-12-23|JAX|OAK
nflverse,football,NFL,2007-12-23,NO,PHI,23.0,38.0,-160.0,,150.0,True,True,False,True,football|NFL|2007-12-23|NO|PHI
nflverse,football,NFL,2007-12-23,ARI,ATL,30.0,27.0,-480.0,,440.0,True,True,False,True,football|NFL|2007-12-23|ARI|ATL
nflverse,football,NFL,2007-12-23,SF,TB,21.0,19.0,250.0,,-270.0,True,True,False,True,football|NFL|2007-12-23|SF|TB
nflverse,football,NFL,2007-12-23,NE,MIA,28.0,7.0,-2100.0,,1600.0,True,True,False,True,football|NFL|2007-12-23|NE|MIA
nflverse,football,NFL,2007-12-23,SEA,BAL,27.0,6.0,-650.0,,590.0,True,True,False,True,football|NFL|2007-12-23|SEA|BAL
nflverse,football,NFL,2007-12-23,TEN,NYJ,10.0,6.0,-366.0,,336.0,True,True,False,True,football|NFL|2007-12-23|TEN|NYJ
nflverse,football,NFL,2007-12-23,MIN,WAS,21.0,32.0,-240.0,,220.0,True,True,False,True,football|NFL|2007-12-23|MIN|WAS
nflverse,football,NFL,2007-12-24,SD,DEN,23.0,3.0,-385.0,,355.0,True,True,False,True,football|NFL|2007-12-24|SD|DEN
nflverse,football,NFL,2007-12-29,NYG,NE,35.0,38.0,650.0,,-850.0,True,True,False,True,football|NFL|2007-12-29|NYG|NE
nflverse,football,NFL,2007-12-30,ATL,SEA,44.0,41.0,117.0,,-127.0,True,True,False,True,football|NFL|2007-12-30|ATL|SEA
nflverse,football,NFL,2007-12-30,CHI,NO,33.0,25.0,-114.0,,104.0,True,True,False,True,football|NFL|2007-12-30|CHI|NO
nflverse,football,NFL,2007-12-30,CLE,SF,20.0,7.0,-520.0,,470.0,True,True,False,True,football|NFL|2007-12-30|CLE|SF
nflverse,football,NFL,2007-12-30,GB,DET,34.0,13.0,-177.0,,167.0,True,True,False,True,football|NFL|2007-12-30|GB|DET
nflverse,football,NFL,2007-12-30,HOU,JAX,42.0,28.0,-316.0,,286.0,True,True,False,True,football|NFL|2007-12-30|HOU|JAX
nflverse,football,NFL,2007-12-30,MIA,CIN,25.0,38.0,122.0,,-132.0,True,True,False,True,football|NFL|2007-12-30|MIA|CIN
nflverse,football,NFL,2007-12-30,PHI,BUF,17.0,9.0,-400.0,,360.0,True,True,False,True,football|NFL|2007-12-30|PHI|BUF
nflverse,football,NFL,2007-12-30,TB,CAR,23.0,31.0,140.0,,-150.0,True,True,False,True,football|NFL|2007-12-30|TB|CAR
nflverse,football,NFL,2007-12-30,ARI,STL,48.0,19.0,-215.0,,195.0,True,True,False,True,football|NFL|2007-12-30|ARI|STL
nflverse,football,NFL,2007-12-30,BAL,PIT,27.0,21.0,162.0,,-172.0,True,True,False,True,football|NFL|2007-12-30|BAL|PIT
nflverse,football,NFL,2007-12-30,DEN,MIN,22.0,19.0,124.0,,-134.0,True,True,False,True,football|NFL|2007-12-30|DEN|MIN
nflverse,football,NFL,2007-12-30,NYJ,KC,13.0,10.0,-210.0,,190.0,True,True,False,True,football|NFL|2007-12-30|NYJ|KC
nflverse,football,NFL,2007-12-30,OAK,SD,17.0,30.0,380.0,,-420.0,True,True,False,True,football|NFL|2007-12-30|OAK|SD
nflverse,football,NFL,2007-12-30,WAS,DAL,27.0,6.0,-400.0,,360.0,True,True,False,True,football|NFL|2007-12-30|WAS|DAL
nflverse,football,NFL,2007-12-30,IND,TEN,10.0,16.0,199.0,,-219.0,True,True,False,True,football|NFL|2007-12-30|IND|TEN
nflverse,football,NFL,2008-01-05,SEA,WAS,35.0,14.0,-180.0,,170.0,True,True,False,True,football|NFL|2008-01-05|SEA|WAS
nflverse,football,NFL,2008-01-05,PIT,JAX,29.0,31.0,141.0,,-151.0,True,True,False,True,football|NFL|2008-01-05|PIT|JAX
nflverse,football,NFL,2008-01-06,TB,NYG,14.0,24.0,-166.0,,156.0,True,True,False,True,football|NFL|2008-01-06|TB|NYG
nflverse,football,NFL,2008-01-06,SD,TEN,17.0,6.0,-575.0,,525.0,True,True,False,True,football|NFL|2008-01-06|SD|TEN
nflverse,football,NFL,2008-01-12,GB,SEA,42.0,20.0,-320.0,,290.0,True,True,False,True,football|NFL|2008-01-12|GB|SEA
nflverse,football,NFL,2008-01-12,NE,JAX,31.0,20.0,-761.0,,691.0,True,True,False,True,football|NFL|2008-01-12|NE|JAX
nflverse,football,NFL,2008-01-13,IND,SD,24.0,28.0,-531.0,,481.0,True,True,False,True,football|NFL|2008-01-13|IND|SD
nflverse,football,NFL,2008-01-13,DAL,NYG,17.0,21.0,-282.0,,262.0,True,True,False,True,football|NFL|2008-01-13|DAL|NYG
nflverse,football,NFL,2008-01-20,NE,SD,21.0,12.0,-780.0,,710.0,True,True,False,True,football|NFL|2008-01-20|NE|SD
nflverse,football,NFL,2008-01-20,GB,NYG,20.0,23.0,-345.0,,315.0,True,True,False,True,football|NFL|2008-01-20|GB|NYG
nflverse,football,NFL,2008-02-03,NE,NYG,14.0,17.0,-475.0,,435.0,True,True,False,True,football|NFL|2008-02-03|NE|NYG
nflverse,football,NFL,2008-09-04,NYG,WAS,16.0,7.0,,,,True,True,False,True,football|NFL|2008-09-04|NYG|WAS
nflverse,football,NFL,2008-09-07,ATL,DET,34.0,21.0,,,,True,True,False,True,football|NFL|2008-09-07|ATL|DET
nflverse,football,NFL,2008-09-07,BAL,CIN,17.0,10.0,,,,True,True,False,True,football|NFL|2008-09-07|BAL|CIN
nflverse,football,NFL,2008-09-07,BUF,SEA,34.0,10.0,,,,True,True,False,True,football|NFL|2008-09-07|BUF|SEA
nflverse,football,NFL,2008-09-07,MIA,NYJ,14.0,20.0,,,,True,True,False,True,football|NFL|2008-09-07|MIA|NYJ
nflverse,football,NFL,2008-09-07,NE,KC,17.0,10.0,,,,True,True,False,True,football|NFL|2008-09-07|NE|KC
nflverse,football,NFL,2008-09-07,NO,TB,24.0,20.0,,,,True,True,False,True,football|NFL|2008-09-07|NO|TB
nflverse,football,NFL,2008-09-07,PHI,STL,38.0,3.0,,,,True,True,False,True,football|NFL|2008-09-07|PHI|STL
nflverse,football,NFL,2008-09-07,PIT,HOU,38.0,17.0,,,,True,True,False,True,football|NFL|2008-09-07|PIT|HOU
nflverse,football,NFL,2008-09-07,TEN,JAX,17.0,10.0,,,,True,True,False,True,football|NFL|2008-09-07|TEN|JAX
nflverse,football,NFL,2008-09-07,CLE,DAL,10.0,28.0,,,,True,True,False,True,football|NFL|2008-09-07|CLE|DAL
nflverse,football,NFL,2008-09-07,SD,CAR,24.0,26.0,,,,True,True,False,True,football|NFL|2008-09-07|SD|CAR
nflverse,football,NFL,2008-09-07,SF,ARI,13.0,23.0,,,,True,True,False,True,football|NFL|2008-09-07|SF|ARI
nflverse,football,NFL,2008-09-07,IND,CHI,13.0,29.0,,,,True,True,False,True,football|NFL|2008-09-07|IND|CHI
nflverse,football,NFL,2008-09-08,GB,MIN,24.0,19.0,,,,True,True,False,True,football|NFL|2008-09-08|GB|MIN
nflverse,football,NFL,2008-09-08,OAK,DEN,14.0,41.0,,,,True,True,False,True,football|NFL|2008-09-08|OAK|DEN
nflverse,football,NFL,2008-09-14,CAR,CHI,20.0,17.0,,,,True,True,False,True,football|NFL|2008-09-14|CAR|CHI
nflverse,football,NFL,2008-09-14,CIN,TEN,7.0,24.0,,,,True,True,False,True,football|NFL|2008-09-14|CIN|TEN
nflverse,football,NFL,2008-09-14,DET,GB,25.0,48.0,,,,True,True,False,True,football|NFL|2008-09-14|DET|GB
nflverse,football,NFL,2008-09-14,JAX,BUF,16.0,20.0,,,,True,True,False,True,football|NFL|2008-09-14|JAX|BUF
nflverse,football,NFL,2008-09-14,KC,OAK,8.0,23.0,,,,True,True,False,True,football|NFL|2008-09-14|KC|OAK
nflverse,football,NFL,2008-09-14,MIN,IND,15.0,18.0,,,,True,True,False,True,football|NFL|2008-09-14|MIN|IND
nflverse,football,NFL,2008-09-14,STL,NYG,13.0,41.0,,,,True,True,False,True,football|NFL|2008-09-14|STL|NYG
nflverse,football,NFL,2008-09-14,WAS,NO,29.0,24.0,,,,True,True,False,True,football|NFL|2008-09-14|WAS|NO
nflverse,football,NFL,2008-09-14,SEA,SF,30.0,33.0,,,,True,True,False,True,football|NFL|2008-09-14|SEA|SF
nflverse,football,NFL,2008-09-14,TB,ATL,24.0,9.0,,,,True,True,False,True,football|NFL|2008-09-14|TB|ATL
nflverse,football,NFL,2008-09-14,ARI,MIA,31.0,10.0,,,,True,True,False,True,football|NFL|2008-09-14|ARI|MIA
nflverse,football,NFL,2008-09-14,DEN,SD,39.0,38.0,,,,True,True,False,True,football|NFL|2008-09-14|DEN|SD
nflverse,football,NFL,2008-09-14,NYJ,NE,10.0,19.0,,,,True,True,False,True,football|NFL|2008-09-14|NYJ|NE
nflverse,football,NFL,2008-09-14,CLE,PIT,6.0,10.0,,,,True,True,False,True,football|NFL|2008-09-14|CLE|PIT
nflverse,football,NFL,2008-09-15,DAL,PHI,41.0,37.0,,,,True,True,False,True,football|NFL|2008-09-15|DAL|PHI
nflverse,football,NFL,2008-09-21,ATL,KC,38.0,14.0,,,,True,True,False,True,football|NFL|2008-09-21|ATL|KC
nflverse,football,NFL,2008-09-21,BUF,OAK,24.0,23.0,,,,True,True,False,True,football|NFL|2008-09-21|BUF|OAK
nflverse,football,NFL,2008-09-21,CHI,TB,24.0,27.0,,,,True,True,False,True,football|NFL|2008-09-21|CHI|TB
nflverse,football,NFL,2008-09-21,MIN,CAR,20.0,10.0,,,,True,True,False,True,football|NFL|2008-09-21|MIN|CAR
nflverse,football,NFL,2008-09-21,NE,MIA,13.0,38.0,,,,True,True,False,True,football|NFL|2008-09-21|NE|MIA
nflverse,football,NFL,2008-09-21,NYG,CIN,26.0,23.0,,,,True,True,False,True,football|NFL|2008-09-21|NYG|CIN
nflverse,football,NFL,2008-09-21,TEN,HOU,31.0,12.0,,,,True,True,False,True,football|NFL|2008-09-21|TEN|HOU
nflverse,football,NFL,2008-09-21,WAS,ARI,24.0,17.0,,,,True,True,False,True,football|NFL|2008-09-21|WAS|ARI
nflverse,football,NFL,2008-09-21,DEN,NO,34.0,32.0,,,,True,True,False,True,football|NFL|2008-09-21|DEN|NO
nflverse,football,NFL,2008-09-21,SEA,STL,37.0,13.0,,,,True,True,False,True,football|NFL|2008-09-21|SEA|STL
nflverse,football,NFL,2008-09-21,SF,DET,31.0,13.0,,,,True,True,False,True,football|NFL|2008-09-21|SF|DET
nflverse,football,NFL,2008-09-21,BAL,CLE,28.0,10.0,,,,True,True,False,True,football|NFL|2008-09-21|BAL|CLE
nflverse,football,NFL,2008-09-21,IND,JAX,21.0,23.0,,,,True,True,False,True,football|NFL|2008-09-21|IND|JAX
nflverse,football,NFL,2008-09-21,PHI,PIT,15.0,6.0,,,,True,True,False,True,football|NFL|2008-09-21|PHI|PIT
nflverse,football,NFL,2008-09-21,GB,DAL,16.0,27.0,,,,True,True,False,True,football|NFL|2008-09-21|GB|DAL
nflverse,football,NFL,2008-09-22,SD,NYJ,48.0,29.0,,,,True,True,False,True,football|NFL|2008-09-22|SD|NYJ
nflverse,football,NFL,2008-09-28,CAR,ATL,24.0,9.0,,,,True,True,False,True,football|NFL|2008-09-28|CAR|ATL
nflverse,football,NFL,2008-09-28,CIN,CLE,12.0,20.0,,,,True,True,False,True,football|NFL|2008-09-28|CIN|CLE
nflverse,football,NFL,2008-09-28,JAX,HOU,30.0,27.0,,,,True,True,False,True,football|NFL|2008-09-28|JAX|HOU
nflverse,football,NFL,2008-09-28,KC,DEN,33.0,19.0,,,,True,True,False,True,football|NFL|2008-09-28|KC|DEN
nflverse,football,NFL,2008-09-28,NO,SF,31.0,17.0,,,,True,True,False,True,football|NFL|2008-09-28|NO|SF
nflverse,football,NFL,2008-09-28,NYJ,ARI,56.0,35.0,,,,True,True,False,True,football|NFL|2008-09-28|NYJ|ARI
nflverse,football,NFL,2008-09-28,TB,GB,30.0,21.0,,,,True,True,False,True,football|NFL|2008-09-28|TB|GB
nflverse,football,NFL,2008-09-28,TEN,MIN,30.0,17.0,,,,True,True,False,True,football|NFL|2008-09-28|TEN|MIN
nflverse,football,NFL,2008-09-28,OAK,SD,18.0,28.0,,,,True,True,False,True,football|NFL|2008-09-28|OAK|SD
nflverse,football,NFL,2008-09-28,STL,BUF,14.0,31.0,,,,True,True,False,True,football|NFL|2008-09-28|STL|BUF
nflverse,football,NFL,2008-09-28,DAL,WAS,24.0,26.0,,,,True,True,False,True,football|NFL|2008-09-28|DAL|WAS
nflverse,football,NFL,2008-09-28,CHI,PHI,24.0,20.0,,,,True,True,False,True,football|NFL|2008-09-28|CHI|PHI
nflverse,football,NFL,2008-09-29,PIT,BAL,23.0,20.0,,,,True,True,False,True,football|NFL|2008-09-29|PIT|BAL
nflverse,football,NFL,2008-10-05,BAL,TEN,10.0,13.0,-105.0,,-105.0,True,True,False,True,football|NFL|2008-10-05|BAL|TEN
nflverse,football,NFL,2008-10-05,CAR,KC,34.0,0.0,-441.0,,401.0,True,True,False,True,football|NFL|2008-10-05|CAR|KC
nflverse,football,NFL,2008-10-05,DET,CHI,7.0,34.0,157.0,,-167.0,True,True,False,True,football|NFL|2008-10-05|DET|CHI
nflverse,football,NFL,2008-10-05,GB,ATL,24.0,27.0,-230.0,,210.0,True,True,False,True,football|NFL|2008-10-05|GB|ATL
nflverse,football,NFL,2008-10-05,HOU,IND,27.0,31.0,175.0,,-185.0,True,True,False,True,football|NFL|2008-10-05|HOU|IND
nflverse,football,NFL,2008-10-05,MIA,SD,17.0,10.0,220.0,,-240.0,True,True,False,True,football|NFL|2008-10-05|MIA|SD
nflverse,football,NFL,2008-10-05,NYG,SEA,44.0,6.0,-265.0,,245.0,True,True,False,True,football|NFL|2008-10-05|NYG|SEA
nflverse,football,NFL,2008-10-05,PHI,WAS,17.0,23.0,-270.0,,250.0,True,True,False,True,football|NFL|2008-10-05|PHI|WAS
nflverse,football,NFL,2008-10-05,DEN,TB,16.0,13.0,-189.0,,176.0,True,True,False,True,football|NFL|2008-10-05|DEN|TB
nflverse,football,NFL,2008-10-05,ARI,BUF,41.0,17.0,-134.0,,124.0,True,True,False,True,football|NFL|2008-10-05|ARI|BUF
nflverse,football,NFL,2008-10-05,DAL,CIN,31.0,22.0,-1000.0,,700.0,True,True,False,True,football|NFL|2008-10-05|DAL|CIN
nflverse,football,NFL,2008-10-05,SF,NE,21.0,30.0,155.0,,-165.0,True,True,False,True,football|NFL|2008-10-05|SF|NE
nflverse,football,NFL,2008-10-05,JAX,PIT,21.0,26.0,-237.0,,217.0,True,True,False,True,football|NFL|2008-10-05|JAX|PIT
nflverse,football,NFL,2008-10-06,NO,MIN,27.0,30.0,-151.0,,141.0,True,True,False,True,football|NFL|2008-10-06|NO|MIN
nflverse,football,NFL,2008-10-12,ATL,CHI,22.0,20.0,120.0,,-130.0,True,True,False,True,football|NFL|2008-10-12|ATL|CHI
nflverse,football,NFL,2008-10-12,HOU,MIA,29.0,28.0,-153.0,,143.0,True,True,False,True,football|NFL|2008-10-12|HOU|MIA
nflverse,football,NFL,2008-10-12,IND,BAL,31.0,3.0,-215.0,,195.0,True,True,False,True,football|NFL|2008-10-12|IND|BAL
nflverse,football,NFL,2008-10-12,MIN,DET,12.0,10.0,-700.0,,500.0,True,True,False,True,football|NFL|2008-10-12|MIN|DET
nflverse,football,NFL,2008-10-12,NO,OAK,34.0,3.0,-267.0,,247.0,True,True,False,True,football|NFL|2008-10-12|NO|OAK
nflverse,football,NFL,2008-10-12,NYJ,CIN,26.0,14.0,-400.0,,360.0,True,True,False,True,football|NFL|2008-10-12|NYJ|CIN
nflverse,football,NFL,2008-10-12,TB,CAR,27.0,3.0,-131.0,,121.0,True,True,False,True,football|NFL|2008-10-12|TB|CAR
nflverse,football,NFL,2008-10-12,WAS,STL,17.0,19.0,-550.0,,425.0,True,True,False,True,football|NFL|2008-10-12|WAS|STL
nflverse,football,NFL,2008-10-12,DEN,JAX,17.0,24.0,-168.0,,158.0,True,True,False,True,football|NFL|2008-10-12|DEN|JAX
nflverse,football,NFL,2008-10-12,ARI,DAL,30.0,24.0,202.0,,-222.0,True,True,False,True,football|NFL|2008-10-12|ARI|DAL
nflverse,football,NFL,2008-10-12,SEA,GB,17.0,27.0,-103.0,,-107.0,True,True,False,True,football|NFL|2008-10-12|SEA|GB
nflverse,football,NFL,2008-10-12,SF,PHI,26.0,40.0,200.0,,-220.0,True,True,False,True,football|NFL|2008-10-12|SF|PHI
nflverse,football,NFL,2008-10-12,SD,NE,30.0,10.0,-260.0,,240.0,True,True,False,True,football|NFL|2008-10-12|SD|NE
nflverse,football,NFL,2008-10-13,CLE,NYG,35.0,14.0,295.0,,-325.0,True,True,False,True,football|NFL|2008-10-13|CLE|NYG
nflverse,football,NFL,2008-10-19,BUF,SD,23.0,14.0,105.0,,-115.0,True,True,False,True,football|NFL|2008-10-19|BUF|SD
nflverse,football,NFL,2008-10-19,CAR,NO,30.0,7.0,-146.0,,136.0,True,True,False,True,football|NFL|2008-10-19|CAR|NO
nflverse,football,NFL,2008-10-19,CHI,MIN,48.0,41.0,-162.0,,152.0,True,True,False,True,football|NFL|2008-10-19|CHI|MIN
nflverse,football,NFL,2008-10-19,CIN,PIT,10.0,38.0,334.0,,-364.0,True,True,False,True,football|NFL|2008-10-19|CIN|PIT
nflverse,football,NFL,2008-10-19,KC,TEN,10.0,34.0,350.0,,-380.0,True,True,False,True,football|NFL|2008-10-19|KC|TEN
nflverse,football,NFL,2008-10-19,MIA,BAL,13.0,27.0,-160.0,,150.0,True,True,False,True,football|NFL|2008-10-19|MIA|BAL
nflverse,football,NFL,2008-10-19,NYG,SF,29.0,17.0,-470.0,,430.0,True,True,False,True,football|NFL|2008-10-19|NYG|SF
nflverse,football,NFL,2008-10-19,STL,DAL,34.0,14.0,280.0,,-310.0,True,True,False,True,football|NFL|2008-10-19|STL|DAL
nflverse,football,NFL,2008-10-19,HOU,DET,28.0,21.0,-521.0,,461.0,True,True,False,True,football|NFL|2008-10-19|HOU|DET
nflverse,football,NFL,2008-10-19,GB,IND,34.0,14.0,130.0,,-140.0,True,True,False,True,football|NFL|2008-10-19|GB|IND
nflverse,football,NFL,2008-10-19,OAK,NYJ,16.0,13.0,155.0,,-165.0,True,True,False,True,football|NFL|2008-10-19|OAK|NYJ
nflverse,football,NFL,2008-10-19,WAS,CLE,14.0,11.0,-275.0,,255.0,True,True,False,True,football|NFL|2008-10-19|WAS|CLE
nflverse,football,NFL,2008-10-19,TB,SEA,20.0,10.0,-520.0,,460.0,True,True,False,True,football|NFL|2008-10-19|TB|SEA
nflverse,football,NFL,2008-10-20,NE,DEN,41.0,7.0,-140.0,,130.0,True,True,False,True,football|NFL|2008-10-20|NE|DEN
nflverse,football,NFL,2008-10-26,BAL,OAK,29.0,10.0,-350.0,,320.0,True,True,False,True,football|NFL|2008-10-26|BAL|OAK
nflverse,football,NFL,2008-10-26,CAR,ARI,27.0,23.0,-219.0,,199.0,True,True,False,True,football|NFL|2008-10-26|CAR|ARI
nflverse,football,NFL,2008-10-26,DAL,TB,13.0,9.0,-124.0,,114.0,True,True,False,True,football|NFL|2008-10-26|DAL|TB
nflverse,football,NFL,2008-10-26,DET,WAS,17.0,25.0,260.0,,-280.0,True,True,False,True,football|NFL|2008-10-26|DET|WAS
nflverse,football,NFL,2008-10-26,MIA,BUF,25.0,16.0,-110.0,,100.0,True,True,False,True,football|NFL|2008-10-26|MIA|BUF
nflverse,football,NFL,2008-10-26,NE,STL,23.0,16.0,-370.0,,325.0,True,True,False,True,football|NFL|2008-10-26|NE|STL
nflverse,football,NFL,2008-10-26,NO,SD,37.0,32.0,162.0,,-172.0,True,True,False,True,football|NFL|2008-10-26|NO|SD
nflverse,football,NFL,2008-10-26,NYJ,KC,28.0,24.0,-650.0,,550.0,True,True,False,True,football|NFL|2008-10-26|NYJ|KC
nflverse,football,NFL,2008-10-26,PHI,ATL,27.0,14.0,-400.0,,340.0,True,True,False,True,football|NFL|2008-10-26|PHI|ATL
nflverse,football,NFL,2008-10-26,HOU,CIN,35.0,6.0,-379.0,,349.0,True,True,False,True,football|NFL|2008-10-26|HOU|CIN
nflverse,football,NFL,2008-10-26,JAX,CLE,17.0,23.0,-280.0,,260.0,True,True,False,True,football|NFL|2008-10-26|JAX|CLE
nflverse,football,NFL,2008-10-26,PIT,NYG,14.0,21.0,-137.0,,127.0,True,True,False,True,football|NFL|2008-10-26|PIT|NYG
nflverse,football,NFL,2008-10-26,SF,SEA,13.0,34.0,-228.0,,208.0,True,True,False,True,football|NFL|2008-10-26|SF|SEA
nflverse,football,NFL,2008-10-27,TEN,IND,31.0,21.0,-175.0,,165.0,True,True,False,True,football|NFL|2008-10-27|TEN|IND
nflverse,football,NFL,2008-11-02,BUF,NYJ,17.0,26.0,-210.0,,190.0,True,True,False,True,football|NFL|2008-11-02|BUF|NYJ
nflverse,football,NFL,2008-11-02,CHI,DET,27.0,23.0,-636.0,,536.0,True,True,False,True,football|NFL|2008-11-02|CHI|DET
nflverse,football,NFL,2008-11-02,CIN,JAX,21.0,19.0,265.0,,-285.0,True,True,False,True,football|NFL|2008-11-02|CIN|JAX
nflverse,football,NFL,2008-11-02,CLE,BAL,27.0,37.0,-161.0,,151.0,True,True,False,True,football|NFL|2008-11-02|CLE|BAL
nflverse,football,NFL,2008-11-02,KC,TB,27.0,30.0,380.0,,-420.0,True,True,False,True,football|NFL|2008-11-02|KC|TB
nflverse,football,NFL,2008-11-02,MIN,HOU,28.0,21.0,-253.0,,233.0,True,True,False,True,football|NFL|2008-11-02|MIN|HOU
nflverse,football,NFL,2008-11-02,STL,ARI,13.0,34.0,157.0,,-167.0,True,True,False,True,football|NFL|2008-11-02|STL|ARI
nflverse,football,NFL,2008-11-02,TEN,GB,19.0,16.0,-167.0,,157.0,True,True,False,True,football|NFL|2008-11-02|TEN|GB
nflverse,football,NFL,2008-11-02,DEN,MIA,17.0,26.0,-205.0,,187.0,True,True,False,True,football|NFL|2008-11-02|DEN|MIA
nflverse,football,NFL,2008-11-02,NYG,DAL,35.0,14.0,-350.0,,320.0,True,True,False,True,football|NFL|2008-11-02|NYG|DAL
nflverse,football,NFL,2008-11-02,OAK,ATL,0.0,24.0,126.0,,-136.0,True,True,False,True,football|NFL|2008-11-02|OAK|ATL
nflverse,football,NFL,2008-11-02,SEA,PHI,7.0,26.0,270.0,,-300.0,True,True,False,True,football|NFL|2008-11-02|SEA|PHI
nflverse,football,NFL,2008-11-02,IND,NE,18.0,15.0,-284.0,,264.0,True,True,False,True,football|NFL|2008-11-02|IND|NE
nflverse,football,NFL,2008-11-03,WAS,PIT,6.0,23.0,-132.0,,122.0,True,True,False,True,football|NFL|2008-11-03|WAS|PIT
nflverse,football,NFL,2008-11-06,CLE,DEN,30.0,34.0,-164.0,,154.0,True,True,False,True,football|NFL|2008-11-06|CLE|DEN
nflverse,football,NFL,2008-11-09,ATL,NO,34.0,20.0,-121.0,,111.0,True,True,False,True,football|NFL|2008-11-09|ATL|NO
nflverse,football,NFL,2008-11-09,CHI,TEN,14.0,21.0,119.0,,-129.0,True,True,False,True,football|NFL|2008-11-09|CHI|TEN
nflverse,football,NFL,2008-11-09,DET,JAX,14.0,38.0,227.0,,-247.0,True,True,False,True,football|NFL|2008-11-09|DET|JAX
nflverse,football,NFL,2008-11-09,HOU,BAL,13.0,41.0,-132.0,,122.0,True,True,False,True,football|NFL|2008-11-09|HOU|BAL
nflverse,football,NFL,2008-11-09,MIA,SEA,21.0,19.0,-310.0,,280.0,True,True,False,True,football|NFL|2008-11-09|MIA|SEA
nflverse,football,NFL,2008-11-09,MIN,GB,28.0,27.0,-129.0,,119.0,True,True,False,True,football|NFL|2008-11-09|MIN|GB
nflverse,football,NFL,2008-11-09,NE,BUF,20.0,10.0,-177.0,,167.0,True,True,False,True,football|NFL|2008-11-09|NE|BUF
nflverse,football,NFL,2008-11-09,NYJ,STL,47.0,3.0,-370.0,,340.0,True,True,False,True,football|NFL|2008-11-09|NYJ|STL
nflverse,football,NFL,2008-11-09,OAK,CAR,6.0,17.0,400.0,,-450.0,True,True,False,True,football|NFL|2008-11-09|OAK|CAR
nflverse,football,NFL,2008-11-09,PIT,IND,20.0,24.0,-166.0,,156.0,True,True,False,True,football|NFL|2008-11-09|PIT|IND
nflverse,football,NFL,2008-11-09,SD,KC,20.0,19.0,-850.0,,700.0,True,True,False,True,football|NFL|2008-11-09|SD|KC
nflverse,football,NFL,2008-11-09,PHI,NYG,31.0,36.0,-155.0,,145.0,True,True,False,True,football|NFL|2008-11-09|PHI|NYG
nflverse,football,NFL,2008-11-10,ARI,SF,29.0,24.0,-465.0,,425.0,True,True,False,True,football|NFL|2008-11-10|ARI|SF
nflverse,football,NFL,2008-11-13,NE,NYJ,31.0,34.0,-147.0,,137.0,True,True,False,True,football|NFL|2008-11-13|NE|NYJ
nflverse,football,NFL,2008-11-16,ATL,DEN,20.0,24.0,-260.0,,240.0,True,True,False,True,football|NFL|2008-11-16|ATL|DEN
nflverse,football,NFL,2008-11-16,CAR,DET,31.0,22.0,-740.0,,670.0,True,True,False,True,football|NFL|2008-11-16|CAR|DET
nflverse,football,NFL,2008-11-16,CIN,PHI,13.0,13.0,339.0,,-379.0,True,True,False,True,football|NFL|2008-11-16|CIN|PHI
nflverse,football,NFL,2008-11-16,GB,CHI,37.0,3.0,-185.0,,175.0,True,True,False,True,football|NFL|2008-11-16|GB|CHI
nflverse,football,NFL,2008-11-16,IND,HOU,33.0,27.0,-335.0,,305.0,True,True,False,True,football|NFL|2008-11-16|IND|HOU
nflverse,football,NFL,2008-11-16,KC,NO,20.0,30.0,234.0,,-254.0,True,True,False,True,football|NFL|2008-11-16|KC|NO
nflverse,football,NFL,2008-11-16,MIA,OAK,17.0,15.0,-450.0,,410.0,True,True,False,True,football|NFL|2008-11-16|MIA|OAK
nflverse,football,NFL,2008-11-16,NYG,BAL,30.0,10.0,-265.0,,245.0,True,True,False,True,football|NFL|2008-11-16|NYG|BAL
nflverse,football,NFL,2008-11-16,TB,MIN,19.0,13.0,-220.0,,200.0,True,True,False,True,football|NFL|2008-11-16|TB|MIN
nflverse,football,NFL,2008-11-16,SEA,ARI,20.0,26.0,125.0,,-135.0,True,True,False,True,football|NFL|2008-11-16|SEA|ARI
nflverse,football,NFL,2008-11-16,SF,STL,35.0,16.0,-276.0,,256.0,True,True,False,True,football|NFL|2008-11-16|SF|STL
nflverse,football,NFL,2008-11-16,JAX,TEN,14.0,24.0,117.0,,-127.0,True,True,False,True,football|NFL|2008-11-16|JAX|TEN
nflverse,football,NFL,2008-11-16,PIT,SD,11.0,10.0,-213.0,,193.0,True,True,False,True,football|NFL|2008-11-16|PIT|SD
nflverse,football,NFL,2008-11-16,WAS,DAL,10.0,14.0,110.0,,-120.0,True,True,False,True,football|NFL|2008-11-16|WAS|DAL
nflverse,football,NFL,2008-11-17,BUF,CLE,27.0,29.0,-214.0,,194.0,True,True,False,True,football|NFL|2008-11-17|BUF|CLE
nflverse,football,NFL,2008-11-20,PIT,CIN,27.0,10.0,-735.0,,635.0,True,True,False,True,football|NFL|2008-11-20|PIT|CIN
nflverse,football,NFL,2008-11-23,BAL,PHI,36.0,7.0,-129.0,,119.0,True,True,False,True,football|NFL|2008-11-23|BAL|PHI
nflverse,football,NFL,2008-11-23,CLE,HOU,6.0,16.0,-154.0,,144.0,True,True,False,True,football|NFL|2008-11-23|CLE|HOU
nflverse,football,NFL,2008-11-23,DAL,SF,35.0,22.0,-405.0,,365.0,True,True,False,True,football|NFL|2008-11-23|DAL|SF
nflverse,football,NFL,2008-11-23,DET,TB,20.0,38.0,300.0,,-330.0,True,True,False,True,football|NFL|2008-11-23|DET|TB
nflverse,football,NFL,2008-11-23,JAX,MIN,12.0,30.0,-120.0,,110.0,True,True,False,True,football|NFL|2008-11-23|JAX|MIN
nflverse,football,NFL,2008-11-23,KC,BUF,31.0,54.0,135.0,,-145.0,True,True,False,True,football|NFL|2008-11-23|KC|BUF
nflverse,football,NFL,2008-11-23,MIA,NE,28.0,48.0,114.0,,-124.0,True,True,False,True,football|NFL|2008-11-23|MIA|NE
nflverse,football,NFL,2008-11-23,STL,CHI,3.0,27.0,260.0,,-280.0,True,True,False,True,football|NFL|2008-11-23|STL|CHI
nflverse,football,NFL,2008-11-23,TEN,NYJ,13.0,34.0,-205.0,,187.0,True,True,False,True,football|NFL|2008-11-23|TEN|NYJ
nflverse,football,NFL,2008-11-23,DEN,OAK,10.0,31.0,-400.0,,330.0,True,True,False,True,football|NFL|2008-11-23|DEN|OAK
nflverse,football,NFL,2008-11-23,ARI,NYG,29.0,37.0,132.0,,-142.0,True,True,False,True,football|NFL|2008-11-23|ARI|NYG
nflverse,football,NFL,2008-11-23,ATL,CAR,45.0,28.0,103.0,,-113.0,True,True,False,True,football|NFL|2008-11-23|ATL|CAR
nflverse,football,NFL,2008-11-23,SEA,WAS,17.0,20.0,139.0,,-149.0,True,True,False,True,football|NFL|2008-11-23|SEA|WAS
nflverse,football,NFL,2008-11-23,SD,IND,20.0,23.0,-143.0,,133.0,True,True,False,True,football|NFL|2008-11-23|SD|IND
nflverse,football,NFL,2008-11-24,NO,GB,51.0,29.0,-104.0,,-106.0,True,True,False,True,football|NFL|2008-11-24|NO|GB
nflverse,football,NFL,2008-11-27,DET,TEN,10.0,47.0,480.0,,-530.0,True,True,False,True,football|NFL|2008-11-27|DET|TEN
nflverse,football,NFL,2008-11-27,DAL,SEA,34.0,9.0,-750.0,,670.0,True,True,False,True,football|NFL|2008-11-27|DAL|SEA
nflverse,football,NFL,2008-11-27,PHI,ARI,48.0,20.0,-166.0,,156.0,True,True,False,True,football|NFL|2008-11-27|PHI|ARI
nflverse,football,NFL,2008-11-30,BUF,SF,3.0,10.0,-257.0,,237.0,True,True,False,True,football|NFL|2008-11-30|BUF|SF
nflverse,football,NFL,2008-11-30,CIN,BAL,3.0,34.0,270.0,,-300.0,True,True,False,True,football|NFL|2008-11-30|CIN|BAL
nflverse,football,NFL,2008-11-30,CLE,IND,6.0,10.0,187.0,,-207.0,True,True,False,True,football|NFL|2008-11-30|CLE|IND
nflverse,football,NFL,2008-11-30,GB,CAR,31.0,35.0,-146.0,,136.0,True,True,False,True,football|NFL|2008-11-30|GB|CAR
nflverse,football,NFL,2008-11-30,STL,MIA,12.0,16.0,270.0,,-300.0,True,True,False,True,football|NFL|2008-11-30|STL|MIA
nflverse,football,NFL,2008-11-30,TB,NO,23.0,20.0,-187.0,,177.0,True,True,False,True,football|NFL|2008-11-30|TB|NO
nflverse,football,NFL,2008-11-30,WAS,NYG,7.0,23.0,178.0,,-191.0,True,True,False,True,football|NFL|2008-11-30|WAS|NYG
nflverse,football,NFL,2008-11-30,SD,ATL,16.0,22.0,-245.0,,225.0,True,True,False,True,football|NFL|2008-11-30|SD|ATL
nflverse,football,NFL,2008-11-30,NE,PIT,10.0,33.0,-135.0,,125.0,True,True,False,True,football|NFL|2008-11-30|NE|PIT
nflverse,football,NFL,2008-11-30,NYJ,DEN,17.0,34.0,-340.0,,310.0,True,True,False,True,football|NFL|2008-11-30|NYJ|DEN
nflverse,football,NFL,2008-11-30,OAK,KC,13.0,20.0,-175.0,,165.0,True,True,False,True,football|NFL|2008-11-30|OAK|KC
nflverse,football,NFL,2008-11-30,MIN,CHI,34.0,14.0,-229.0,,209.0,True,True,False,True,football|NFL|2008-11-30|MIN|CHI
nflverse,football,NFL,2008-12-01,HOU,JAX,30.0,17.0,-165.0,,155.0,True,True,False,True,football|NFL|2008-12-01|HOU|JAX
nflverse,football,NFL,2008-12-04,SD,OAK,34.0,7.0,-440.0,,400.0,True,True,False,True,football|NFL|2008-12-04|SD|OAK
nflverse,football,NFL,2008-12-07,CHI,JAX,23.0,10.0,-270.0,,250.0,True,True,False,True,football|NFL|2008-12-07|CHI|JAX
nflverse,football,NFL,2008-12-07,DET,MIN,16.0,20.0,357.0,,-387.0,True,True,False,True,football|NFL|2008-12-07|DET|MIN
nflverse,football,NFL,2008-12-07,GB,HOU,21.0,24.0,,,,True,True,False,True,football|NFL|2008-12-07|GB|HOU
nflverse,football,NFL,2008-12-07,IND,CIN,35.0,3.0,,,,True,True,False,True,football|NFL|2008-12-07|IND|CIN
nflverse,football,NFL,2008-12-07,NO,ATL,29.0,25.0,,,,True,True,False,True,football|NFL|2008-12-07|NO|ATL
nflverse,football,NFL,2008-12-07,NYG,PHI,14.0,20.0,-255.0,,235.0,True,True,False,True,football|NFL|2008-12-07|NYG|PHI
nflverse,football,NFL,2008-12-07,TEN,CLE,28.0,9.0,-672.0,,612.0,True,True,False,True,football|NFL|2008-12-07|TEN|CLE
nflverse,football,NFL,2008-12-07,BUF,MIA,3.0,16.0,-120.0,,110.0,True,True,False,True,football|NFL|2008-12-07|BUF|MIA
nflverse,football,NFL,2008-12-07,DEN,KC,24.0,17.0,-400.0,,340.0,True,True,False,True,football|NFL|2008-12-07|DEN|KC
nflverse,football,NFL,2008-12-07,SEA,NE,21.0,24.0,,,,True,True,False,True,football|NFL|2008-12-07|SEA|NE
nflverse,football,NFL,2008-12-07,SF,NYJ,24.0,14.0,201.0,,-221.0,True,True,False,True,football|NFL|2008-12-07|SF|NYJ
nflverse,football,NFL,2008-12-07,ARI,STL,34.0,10.0,-800.0,,650.0,True,True,False,True,football|NFL|2008-12-07|ARI|STL
nflverse,football,NFL,2008-12-07,PIT,DAL,20.0,13.0,-191.0,,178.0,True,True,False,True,football|NFL|2008-12-07|PIT|DAL
nflverse,football,NFL,2008-12-07,BAL,WAS,24.0,10.0,-260.0,,240.0,True,True,False,True,football|NFL|2008-12-07|BAL|WAS
nflverse,football,NFL,2008-12-08,CAR,TB,38.0,23.0,,,,True,True,False,True,football|NFL|2008-12-08|CAR|TB
nflverse,football,NFL,2008-12-11,CHI,NO,27.0,24.0,-139.0,,129.0,True,True,False,True,football|NFL|2008-12-11|CHI|NO
nflverse,football,NFL,2008-12-14,ATL,TB,13.0,10.0,-215.0,,195.0,True,True,False,True,football|NFL|2008-12-14|ATL|TB
nflverse,football,NFL,2008-12-14,CIN,WAS,20.0,13.0,239.0,,-259.0,True,True,False,True,football|NFL|2008-12-14|CIN|WAS
nflverse,football,NFL,2008-12-14,HOU,TEN,13.0,12.0,133.0,,-143.0,True,True,False,True,football|NFL|2008-12-14|HOU|TEN
nflverse,football,NFL,2008-12-14,IND,DET,31.0,21.0,-1425.0,,1175.0,True,True,False,True,football|NFL|2008-12-14|IND|DET
nflverse,football,NFL,2008-12-14,JAX,GB,20.0,16.0,127.0,,-137.0,True,True,False,True,football|NFL|2008-12-14|JAX|GB
nflverse,football,NFL,2008-12-14,KC,SD,21.0,22.0,235.0,,-255.0,True,True,False,True,football|NFL|2008-12-14|KC|SD
nflverse,football,NFL,2008-12-14,MIA,SF,14.0,9.0,-227.0,,207.0,True,True,False,True,football|NFL|2008-12-14|MIA|SF
nflverse,football,NFL,2008-12-14,NYJ,BUF,31.0,27.0,-340.0,,310.0,True,True,False,True,football|NFL|2008-12-14|NYJ|BUF
nflverse,football,NFL,2008-12-14,STL,SEA,20.0,23.0,-105.0,,-105.0,True,True,False,True,football|NFL|2008-12-14|STL|SEA
nflverse,football,NFL,2008-12-14,ARI,MIN,14.0,35.0,-198.0,,180.0,True,True,False,True,football|NFL|2008-12-14|ARI|MIN
nflverse,football,NFL,2008-12-14,BAL,PIT,9.0,13.0,,,,True,True,False,True,football|NFL|2008-12-14|BAL|PIT
nflverse,football,NFL,2008-12-14,CAR,DEN,30.0,10.0,-310.0,,280.0,True,True,False,True,football|NFL|2008-12-14|CAR|DEN
nflverse,football,NFL,2008-12-14,OAK,NE,26.0,49.0,255.0,,-275.0,True,True,False,True,football|NFL|2008-12-14|OAK|NE
nflverse,football,NFL,2008-12-14,DAL,NYG,20.0,8.0,-151.0,,141.0,True,True,False,True,football|NFL|2008-12-14|DAL|NYG
nflverse,football,NFL,2008-12-15,PHI,CLE,30.0,10.0,-900.0,,800.0,True,True,False,True,football|NFL|2008-12-15|PHI|CLE
nflverse,football,NFL,2008-12-18,JAX,IND,24.0,31.0,216.0,,-236.0,True,True,False,True,football|NFL|2008-12-18|JAX|IND
nflverse,football,NFL,2008-12-20,DAL,BAL,24.0,33.0,-250.0,,230.0,True,True,False,True,football|NFL|2008-12-20|DAL|BAL
nflverse,football,NFL,2008-12-21,CLE,CIN,0.0,14.0,-123.0,,113.0,True,True,False,True,football|NFL|2008-12-21|CLE|CIN
nflverse,football,NFL,2008-12-21,DET,NO,7.0,42.0,244.0,,-264.0,True,True,False,True,football|NFL|2008-12-21|DET|NO
nflverse,football,NFL,2008-12-21,KC,MIA,31.0,38.0,165.0,,-175.0,True,True,False,True,football|NFL|2008-12-21|KC|MIA
nflverse,football,NFL,2008-12-21,NE,ARI,47.0,7.0,-360.0,,330.0,True,True,False,True,football|NFL|2008-12-21|NE|ARI
nflverse,football,NFL,2008-12-21,STL,SF,16.0,17.0,173.0,,-183.0,True,True,False,True,football|NFL|2008-12-21|STL|SF
nflverse,football,NFL,2008-12-21,TB,SD,24.0,41.0,,,,True,True,False,True,football|NFL|2008-12-21|TB|SD
nflverse,football,NFL,2008-12-21,TEN,PIT,31.0,14.0,129.0,,-139.0,True,True,False,True,football|NFL|2008-12-21|TEN|PIT
nflverse,football,NFL,2008-12-21,DEN,BUF,23.0,30.0,-250.0,,230.0,True,True,False,True,football|NFL|2008-12-21|DEN|BUF
nflverse,football,NFL,2008-12-21,OAK,HOU,27.0,16.0,265.0,,-285.0,True,True,False,True,football|NFL|2008-12-21|OAK|HOU
nflverse,football,NFL,2008-12-21,SEA,NYJ,13.0,3.0,174.0,,-184.0,True,True,False,True,football|NFL|2008-12-21|SEA|NYJ
nflverse,football,NFL,2008-12-21,MIN,ATL,17.0,24.0,-164.0,,154.0,True,True,False,True,football|NFL|2008-12-21|MIN|ATL
nflverse,football,NFL,2008-12-21,WAS,PHI,10.0,3.0,230.0,,-250.0,True,True,False,True,football|NFL|2008-12-21|WAS|PHI
nflverse,football,NFL,2008-12-21,NYG,CAR,34.0,28.0,-200.0,,185.0,True,True,False,True,football|NFL|2008-12-21|NYG|CAR
nflverse,football,NFL,2008-12-22,CHI,GB,20.0,17.0,,,,True,True,False,True,football|NFL|2008-12-22|CHI|GB
nflverse,football,NFL,2008-12-28,ATL,STL,31.0,27.0,-800.0,,600.0,True,True,False,True,football|NFL|2008-12-28|ATL|STL
nflverse,football,NFL,2008-12-28,BUF,NE,0.0,13.0,220.0,,-240.0,True,True,False,True,football|NFL|2008-12-28|BUF|NE
nflverse,football,NFL,2008-12-28,CIN,KC,16.0,6.0,,,,True,True,False,True,football|NFL|2008-12-28|CIN|KC
nflverse,football,NFL,2008-12-28,GB,DET,31.0,21.0,-540.0,,490.0,True,True,False,True,football|NFL|2008-12-28|GB|DET
nflverse,football,NFL,2008-12-28,HOU,CHI,31.0,24.0,-158.0,,148.0,True,True,False,True,football|NFL|2008-12-28|HOU|CHI
nflverse,football,NFL,2008-12-28,IND,TEN,23.0,0.0,,,,True,True,False,True,football|NFL|2008-12-28|IND|TEN
nflverse,football,NFL,2008-12-28,MIN,NYG,20.0,19.0,-310.0,,280.0,True,True,False,True,football|NFL|2008-12-28|MIN|NYG
nflverse,football,NFL,2008-12-28,NO,CAR,31.0,33.0,118.0,,-128.0,True,True,False,True,football|NFL|2008-12-28|NO|CAR
nflverse,football,NFL,2008-12-28,PIT,CLE,31.0,0.0,-532.0,,482.0,True,True,False,True,football|NFL|2008-12-28|PIT|CLE
nflverse,football,NFL,2008-12-28,TB,OAK,24.0,31.0,-540.0,,475.0,True,True,False,True,football|NFL|2008-12-28|TB|OAK
nflverse,football,NFL,2008-12-28,ARI,SEA,34.0,21.0,-300.0,,270.0,True,True,False,True,football|NFL|2008-12-28|ARI|SEA
nflverse,football,NFL,2008-12-28,BAL,JAX,27.0,7.0,-535.0,,485.0,True,True,False,True,football|NFL|2008-12-28|BAL|JAX
nflverse,football,NFL,2008-12-28,NYJ,MIA,17.0,24.0,-142.0,,132.0,True,True,False,True,football|NFL|2008-12-28|NYJ|MIA
nflverse,football,NFL,2008-12-28,PHI,DAL,44.0,6.0,-130.0,,120.0,True,True,False,True,football|NFL|2008-12-28|PHI|DAL
nflverse,football,NFL,2008-12-28,SF,WAS,27.0,24.0,-141.0,,131.0,True,True,False,True,football|NFL|2008-12-28|SF|WAS
nflverse,football,NFL,2008-12-28,SD,DEN,52.0,21.0,,,,True,True,False,True,football|NFL|2008-12-28|SD|DEN
nflverse,football,NFL,2009-01-03,ARI,ATL,30.0,24.0,,,,True,True,False,True,football|NFL|2009-01-03|ARI|ATL
nflverse,football,NFL,2009-01-03,SD,IND,23.0,17.0,118.0,,-128.0,True,True,False,True,football|NFL|2009-01-03|SD|IND
nflverse,football,NFL,2009-01-04,MIA,BAL,9.0,27.0,173.0,,-183.0,True,True,False,True,football|NFL|2009-01-04|MIA|BAL
nflverse,football,NFL,2009-01-04,MIN,PHI,14.0,26.0,159.0,,-169.0,True,True,False,True,football|NFL|2009-01-04|MIN|PHI
nflverse,football,NFL,2009-01-10,TEN,BAL,10.0,13.0,-144.0,,134.0,True,True,False,True,football|NFL|2009-01-10|TEN|BAL
nflverse,football,NFL,2009-01-10,CAR,ARI,13.0,33.0,-445.0,,405.0,True,True,False,True,football|NFL|2009-01-10|CAR|ARI
nflverse,football,NFL,2009-01-11,NYG,PHI,11.0,23.0,,,,True,True,False,True,football|NFL|2009-01-11|NYG|PHI
nflverse,football,NFL,2009-01-11,PIT,SD,35.0,24.0,-285.0,,265.0,True,True,False,True,football|NFL|2009-01-11|PIT|SD
nflverse,football,NFL,2009-01-18,ARI,PHI,32.0,25.0,154.0,,-164.0,True,True,False,True,football|NFL|2009-01-18|ARI|PHI
nflverse,football,NFL,2009-01-18,PIT,BAL,23.0,14.0,-270.0,,250.0,True,True,False,True,football|NFL|2009-01-18|PIT|BAL
nflverse,football,NFL,2009-02-01,ARI,PIT,23.0,27.0,210.0,,-230.0,True,True,False,True,football|NFL|2009-02-01|ARI|PIT
nflverse,football,NFL,2009-09-10,PIT,TEN,13.0,10.0,-260.0,,228.0,True,True,False,True,football|NFL|2009-09-10|PIT|TEN
nflverse,football,NFL,2009-09-13,ATL,MIA,19.0,7.0,-210.0,,190.0,True,True,False,True,football|NFL|2009-09-13|ATL|MIA
nflverse,football,NFL,2009-09-13,BAL,KC,38.0,24.0,-700.0,,570.0,True,True,False,True,football|NFL|2009-09-13|BAL|KC
nflverse,football,NFL,2009-09-13,CAR,PHI,10.0,38.0,115.0,,-125.0,True,True,False,True,football|NFL|2009-09-13|CAR|PHI
nflverse,football,NFL,2009-09-13,CIN,DEN,7.0,12.0,-222.0,,196.0,True,True,False,True,football|NFL|2009-09-13|CIN|DEN
nflverse,football,NFL,2009-09-13,CLE,MIN,20.0,34.0,189.0,,-215.0,True,True,False,True,football|NFL|2009-09-13|CLE|MIN
nflverse,football,NFL,2009-09-13,HOU,NYJ,7.0,24.0,-227.0,,201.0,True,True,False,True,football|NFL|2009-09-13|HOU|NYJ
nflverse,football,NFL,2009-09-13,IND,JAX,14.0,12.0,-270.0,,238.0,True,True,False,True,football|NFL|2009-09-13|IND|JAX
nflverse,football,NFL,2009-09-13,NO,DET,45.0,27.0,-840.0,,660.0,True,True,False,True,football|NFL|2009-09-13|NO|DET
nflverse,football,NFL,2009-09-13,TB,DAL,21.0,34.0,204.0,,-230.0,True,True,False,True,football|NFL|2009-09-13|TB|DAL
nflverse,football,NFL,2009-09-13,ARI,SF,16.0,20.0,-233.0,,207.0,True,True,False,True,football|NFL|2009-09-13|ARI|SF
nflverse,football,NFL,2009-09-13,NYG,WAS,23.0,17.0,,,,True,True,False,True,football|NFL|2009-09-13|NYG|WAS
nflverse,football,NFL,2009-09-13,SEA,STL,28.0,0.0,,,,True,True,False,True,football|NFL|2009-09-13|SEA|STL
nflverse,football,NFL,2009-09-13,GB,CHI,21.0,15.0,,,,True,True,False,True,football|NFL|2009-09-13|GB|CHI
nflverse,football,NFL,2009-09-14,NE,BUF,25.0,24.0,,,,True,True,False,True,football|NFL|2009-09-14|NE|BUF
nflverse,football,NFL,2009-09-14,OAK,SD,20.0,24.0,,,,True,True,False,True,football|NFL|2009-09-14|OAK|SD
nflverse,football,NFL,2009-09-20,ATL,CAR,28.0,20.0,,,,True,True,False,True,football|NFL|2009-09-20|ATL|CAR
nflverse,football,NFL,2009-09-20,DET,MIN,13.0,27.0,405.0,,-475.0,True,True,False,True,football|NFL|2009-09-20|DET|MIN
nflverse,football,NFL,2009-09-20,GB,CIN,24.0,31.0,,,,True,True,False,True,football|NFL|2009-09-20|GB|CIN
nflverse,football,NFL,2009-09-20,JAX,ARI,17.0,31.0,-157.0,,142.0,True,True,False,True,football|NFL|2009-09-20|JAX|ARI
nflverse,football,NFL,2009-09-20,KC,OAK,10.0,13.0,,,,True,True,False,True,football|NFL|2009-09-20|KC|OAK
nflverse,football,NFL,2009-09-20,NYJ,NE,16.0,9.0,,,,True,True,False,True,football|NFL|2009-09-20|NYJ|NE
nflverse,football,NFL,2009-09-20,PHI,NO,22.0,48.0,,,,True,True,False,True,football|NFL|2009-09-20|PHI|NO
nflverse,football,NFL,2009-09-20,TEN,HOU,31.0,34.0,,,,True,True,False,True,football|NFL|2009-09-20|TEN|HOU
nflverse,football,NFL,2009-09-20,WAS,STL,9.0,7.0,-500.0,,420.0,True,True,False,True,football|NFL|2009-09-20|WAS|STL
nflverse,football,NFL,2009-09-20,BUF,TB,33.0,20.0,-200.0,,180.0,True,True,False,True,football|NFL|2009-09-20|BUF|TB
nflverse,football,NFL,2009-09-20,SF,SEA,23.0,10.0,-108.0,,-102.0,True,True,False,True,football|NFL|2009-09-20|SF|SEA
nflverse,football,NFL,2009-09-20,CHI,PIT,17.0,14.0,121.0,,-133.0,True,True,False,True,football|NFL|2009-09-20|CHI|PIT
nflverse,football,NFL,2009-09-20,DEN,CLE,27.0,6.0,,,,True,True,False,True,football|NFL|2009-09-20|DEN|CLE
nflverse,football,NFL,2009-09-20,SD,BAL,26.0,31.0,-140.0,,128.0,True,True,False,True,football|NFL|2009-09-20|SD|BAL
nflverse,football,NFL,2009-09-20,DAL,NYG,31.0,33.0,,,,True,True,False,True,football|NFL|2009-09-20|DAL|NYG
nflverse,football,NFL,2009-09-21,MIA,IND,23.0,27.0,142.0,,-152.0,True,True,False,True,football|NFL|2009-09-21|MIA|IND
nflverse,football,NFL,2009-09-27,BAL,CLE,34.0,3.0,-750.0,,620.0,True,True,False,True,football|NFL|2009-09-27|BAL|CLE
nflverse,football,NFL,2009-09-27,DET,WAS,19.0,14.0,228.0,,-260.0,True,True,False,True,football|NFL|2009-09-27|DET|WAS
nflverse,football,NFL,2009-09-27,HOU,JAX,24.0,31.0,-200.0,,180.0,True,True,False,True,football|NFL|2009-09-27|HOU|JAX
nflverse,football,NFL,2009-09-27,MIN,SF,27.0,24.0,-275.0,,243.0,True,True,False,True,football|NFL|2009-09-27|MIN|SF
nflverse,football,NFL,2009-09-27,NE,ATL,26.0,10.0,-220.0,,194.0,True,True,False,True,football|NFL|2009-09-27|NE|ATL
nflverse,football,NFL,2009-09-27,NYJ,TEN,24.0,17.0,-112.0,,102.0,True,True,False,True,football|NFL|2009-09-27|NYJ|TEN
nflverse,football,NFL,2009-09-27,PHI,KC,34.0,14.0,-320.0,,280.0,True,True,False,True,football|NFL|2009-09-27|PHI|KC
nflverse,football,NFL,2009-09-27,STL,GB,17.0,36.0,233.0,,-265.0,True,True,False,True,football|NFL|2009-09-27|STL|GB
nflverse,football,NFL,2009-09-27,TB,NYG,0.0,24.0,219.0,,-245.0,True,True,False,True,football|NFL|2009-09-27|TB|NYG
nflverse,football,NFL,2009-09-27,BUF,NO,7.0,27.0,214.0,,-240.0,True,True,False,True,football|NFL|2009-09-27|BUF|NO
nflverse,football,NFL,2009-09-27,SEA,CHI,19.0,25.0,130.0,,-142.0,True,True,False,True,football|NFL|2009-09-27|SEA|CHI
nflverse,football,NFL,2009-09-27,CIN,PIT,23.0,20.0,157.0,,-172.0,True,True,False,True,football|NFL|2009-09-27|CIN|PIT
nflverse,football,NFL,2009-09-27,OAK,DEN,3.0,23.0,118.0,,-128.0,True,True,False,True,football|NFL|2009-09-27|OAK|DEN
nflverse,football,NFL,2009-09-27,SD,MIA,23.0,13.0,-240.0,,214.0,True,True,False,True,football|NFL|2009-09-27|SD|MIA
nflverse,football,NFL,2009-09-27,ARI,IND,10.0,31.0,-159.0,,144.0,True,True,False,True,football|NFL|2009-09-27|ARI|IND
nflverse,football,NFL,2009-09-28,DAL,CAR,21.0,7.0,-400.0,,350.0,True,True,False,True,football|NFL|2009-09-28|DAL|CAR
nflverse,football,NFL,2009-10-04,CHI,DET,48.0,24.0,-500.0,,420.0,True,True,False,True,football|NFL|2009-10-04|CHI|DET
nflverse,football,NFL,2009-10-04,CLE,CIN,20.0,23.0,228.0,,-260.0,True,True,False,True,football|NFL|2009-10-04|CLE|CIN
nflverse,football,NFL,2009-10-04,HOU,OAK,29.0,6.0,-385.0,,335.0,True,True,False,True,football|NFL|2009-10-04|HOU|OAK
nflverse,football,NFL,2009-10-04,IND,SEA,34.0,17.0,-530.0,,450.0,True,True,False,True,football|NFL|2009-10-04|IND|SEA
nflverse,football,NFL,2009-10-04,JAX,TEN,37.0,17.0,161.0,,-176.0,True,True,False,True,football|NFL|2009-10-04|JAX|TEN
nflverse,football,NFL,2009-10-04,KC,NYG,16.0,27.0,335.0,,-385.0,True,True,False,True,football|NFL|2009-10-04|KC|NYG
nflverse,football,NFL,2009-10-04,NE,BAL,27.0,21.0,-135.0,,123.0,True,True,False,True,football|NFL|2009-10-04|NE|BAL
nflverse,football,NFL,2009-10-04,WAS,TB,16.0,13.0,-400.0,,350.0,True,True,False,True,football|NFL|2009-10-04|WAS|TB
nflverse,football,NFL,2009-10-04,MIA,BUF,38.0,10.0,-121.0,,111.0,True,True,False,True,football|NFL|2009-10-04|MIA|BUF
nflverse,football,NFL,2009-10-04,NO,NYJ,24.0,10.0,-340.0,,300.0,True,True,False,True,football|NFL|2009-10-04|NO|NYJ
nflverse,football,NFL,2009-10-04,DEN,DAL,17.0,10.0,131.0,,-143.0,True,True,False,True,football|NFL|2009-10-04|DEN|DAL
nflverse,football,NFL,2009-10-04,SF,STL,35.0,0.0,-400.0,,350.0,True,True,False,True,football|NFL|2009-10-04|SF|STL
nflverse,football,NFL,2009-10-04,PIT,SD,38.0,28.0,-240.0,,214.0,True,True,False,True,football|NFL|2009-10-04|PIT|SD
nflverse,football,NFL,2009-10-05,MIN,GB,30.0,23.0,-205.0,,185.0,True,True,False,True,football|NFL|2009-10-05|MIN|GB
nflverse,football,NFL,2009-10-11,BAL,CIN,14.0,17.0,-442.0,,382.0,True,True,False,True,football|NFL|2009-10-11|BAL|CIN
nflverse,football,NFL,2009-10-11,BUF,CLE,3.0,6.0,-240.0,,214.0,True,True,False,True,football|NFL|2009-10-11|BUF|CLE
nflverse,football,NFL,2009-10-11,CAR,WAS,20.0,17.0,-225.0,,199.0,True,True,False,True,football|NFL|2009-10-11|CAR|WAS
nflverse,football,NFL,2009-10-11,DET,PIT,20.0,28.0,470.0,,-600.0,True,True,False,True,football|NFL|2009-10-11|DET|PIT
nflverse,football,NFL,2009-10-11,KC,DAL,20.0,26.0,305.0,,-345.0,True,True,False,True,football|NFL|2009-10-11|KC|DAL
nflverse,football,NFL,2009-10-11,NYG,OAK,44.0,7.0,-1100.0,,840.0,True,True,False,True,football|NFL|2009-10-11|NYG|OAK
nflverse,football,NFL,2009-10-11,PHI,TB,33.0,14.0,-1010.0,,750.0,True,True,False,True,football|NFL|2009-10-11|PHI|TB
nflverse,football,NFL,2009-10-11,STL,MIN,10.0,38.0,470.0,,-550.0,True,True,False,True,football|NFL|2009-10-11|STL|MIN
nflverse,football,NFL,2009-10-11,SF,ATL,10.0,45.0,-101.0,,-109.0,True,True,False,True,football|NFL|2009-10-11|SF|ATL
nflverse,football,NFL,2009-10-11,ARI,HOU,28.0,21.0,-245.0,,219.0,True,True,False,True,football|NFL|2009-10-11|ARI|HOU
nflverse,football,NFL,2009-10-11,DEN,NE,20.0,17.0,145.0,,-160.0,True,True,False,True,football|NFL|2009-10-11|DEN|NE
nflverse,football,NFL,2009-10-11,SEA,JAX,41.0,0.0,-133.0,,121.0,True,True,False,True,football|NFL|2009-10-11|SEA|JAX
nflverse,football,NFL,2009-10-11,TEN,IND,9.0,31.0,168.0,,-186.0,True,True,False,True,football|NFL|2009-10-11|TEN|IND
nflverse,football,NFL,2009-10-12,MIA,NYJ,31.0,27.0,139.0,,-154.0,True,True,False,True,football|NFL|2009-10-12|MIA|NYJ
nflverse,football,NFL,2009-10-18,CIN,HOU,17.0,28.0,-190.0,,172.0,True,True,False,True,football|NFL|2009-10-18|CIN|HOU
nflverse,football,NFL,2009-10-18,GB,DET,26.0,0.0,-1050.0,,790.0,True,True,False,True,football|NFL|2009-10-18|GB|DET
nflverse,football,NFL,2009-10-18,JAX,STL,23.0,20.0,-425.0,,365.0,True,True,False,True,football|NFL|2009-10-18|JAX|STL
nflverse,football,NFL,2009-10-18,MIN,BAL,33.0,31.0,-145.0,,133.0,True,True,False,True,football|NFL|2009-10-18|MIN|BAL
nflverse,football,NFL,2009-10-18,NO,NYG,48.0,27.0,-180.0,,162.0,True,True,False,True,football|NFL|2009-10-18|NO|NYG
nflverse,football,NFL,2009-10-18,PIT,CLE,27.0,14.0,-1000.0,,740.0,True,True,False,True,football|NFL|2009-10-18|PIT|CLE
nflverse,football,NFL,2009-10-18,TB,CAR,21.0,28.0,156.0,,-171.0,True,True,False,True,football|NFL|2009-10-18|TB|CAR
nflverse,football,NFL,2009-10-18,WAS,KC,6.0,14.0,-270.0,,238.0,True,True,False,True,football|NFL|2009-10-18|WAS|KC
nflverse,football,NFL,2009-10-18,OAK,PHI,13.0,9.0,800.0,,-1000.0,True,True,False,True,football|NFL|2009-10-18|OAK|PHI
nflverse,football,NFL,2009-10-18,SEA,ARI,3.0,27.0,-146.0,,134.0,True,True,False,True,football|NFL|2009-10-18|SEA|ARI
nflverse,football,NFL,2009-10-18,NE,TEN,59.0,0.0,-436.0,,376.0,True,True,False,True,football|NFL|2009-10-18|NE|TEN
nflverse,football,NFL,2009-10-18,NYJ,BUF,13.0,16.0,-425.0,,365.0,True,True,False,True,football|NFL|2009-10-18|NYJ|BUF
nflverse,football,NFL,2009-10-18,ATL,CHI,21.0,14.0,-204.0,,184.0,True,True,False,True,football|NFL|2009-10-18|ATL|CHI
nflverse,football,NFL,2009-10-19,SD,DEN,23.0,34.0,-175.0,,160.0,True,True,False,True,football|NFL|2009-10-19|SD|DEN
nflverse,football,NFL,2009-10-25,CLE,GB,3.0,31.0,315.0,,-365.0,True,True,False,True,football|NFL|2009-10-25|CLE|GB
nflverse,football,NFL,2009-10-25,HOU,SF,24.0,21.0,-185.0,,167.0,True,True,False,True,football|NFL|2009-10-25|HOU|SF
nflverse,football,NFL,2009-10-25,KC,SD,7.0,37.0,212.0,,-238.0,True,True,False,True,football|NFL|2009-10-25|KC|SD
nflverse,football,NFL,2009-10-25,PIT,MIN,27.0,17.0,-269.0,,237.0,True,True,False,True,football|NFL|2009-10-25|PIT|MIN
nflverse,football,NFL,2009-10-25,STL,IND,6.0,42.0,740.0,,-1000.0,True,True,False,True,football|NFL|2009-10-25|STL|IND
nflverse,football,NFL,2009-10-25,TB,NE,7.0,35.0,940.0,,-1300.0,True,True,False,True,football|NFL|2009-10-25|TB|NE
nflverse,football,NFL,2009-10-25,CAR,BUF,9.0,20.0,-320.0,,280.0,True,True,False,True,football|NFL|2009-10-25|CAR|BUF
nflverse,football,NFL,2009-10-25,OAK,NYJ,0.0,38.0,219.0,,-245.0,True,True,False,True,football|NFL|2009-10-25|OAK|NYJ
nflverse,football,NFL,2009-10-25,CIN,CHI,45.0,10.0,111.0,,-121.0,True,True,False,True,football|NFL|2009-10-25|CIN|CHI
nflverse,football,NFL,2009-10-25,DAL,ATL,37.0,21.0,-231.0,,205.0,True,True,False,True,football|NFL|2009-10-25|DAL|ATL
nflverse,football,NFL,2009-10-25,MIA,NO,34.0,46.0,215.0,,-241.0,True,True,False,True,football|NFL|2009-10-25|MIA|NO
nflverse,football,NFL,2009-10-25,NYG,ARI,17.0,24.0,-335.0,,295.0,True,True,False,True,football|NFL|2009-10-25|NYG|ARI
nflverse,football,NFL,2009-10-26,WAS,PHI,17.0,27.0,,,,True,True,False,True,football|NFL|2009-10-26|WAS|PHI
nflverse,football,NFL,2009-11-01,BAL,DEN,30.0,7.0,-220.0,,194.0,True,True,False,True,football|NFL|2009-11-01|BAL|DEN
nflverse,football,NFL,2009-11-01,BUF,HOU,10.0,31.0,172.0,,-190.0,True,True,False,True,football|NFL|2009-11-01|BUF|HOU
nflverse,football,NFL,2009-11-01,CHI,CLE,30.0,6.0,-600.0,,470.0,True,True,False,True,football|NFL|2009-11-01|CHI|CLE
nflverse,football,NFL,2009-11-01,DAL,SEA,38.0,17.0,-500.0,,420.0,True,True,False,True,football|NFL|2009-11-01|DAL|SEA
nflverse,football,NFL,2009-11-01,DET,STL,10.0,17.0,-164.0,,149.0,True,True,False,True,football|NFL|2009-11-01|DET|STL
nflverse,football,NFL,2009-11-01,IND,SF,18.0,14.0,-745.0,,615.0,True,True,False,True,football|NFL|2009-11-01|IND|SF
nflverse,football,NFL,2009-11-01,NYJ,MIA,25.0,30.0,-191.0,,173.0,True,True,False,True,football|NFL|2009-11-01|NYJ|MIA
nflverse,football,NFL,2009-11-01,PHI,NYG,40.0,17.0,115.0,,-125.0,True,True,False,True,football|NFL|2009-11-01|PHI|NYG
nflverse,football,NFL,2009-11-01,SD,OAK,24.0,16.0,-1400.0,,900.0,True,True,False,True,football|NFL|2009-11-01|SD|OAK
nflverse,football,NFL,2009-11-01,TEN,JAX,30.0,13.0,-165.0,,150.0,True,True,False,True,football|NFL|2009-11-01|TEN|JAX
nflverse,football,NFL,2009-11-01,ARI,CAR,21.0,34.0,-445.0,,385.0,True,True,False,True,football|NFL|2009-11-01|ARI|CAR
nflverse,football,NFL,2009-11-01,GB,MIN,26.0,38.0,-188.0,,170.0,True,True,False,True,football|NFL|2009-11-01|GB|MIN
nflverse,football,NFL,2009-11-02,NO,ATL,35.0,27.0,-530.0,,450.0,True,True,False,True,football|NFL|2009-11-02|NO|ATL
nflverse,football,NFL,2009-11-08,ATL,WAS,31.0,17.0,-425.0,,365.0,True,True,False,True,football|NFL|2009-11-08|ATL|WAS
nflverse,football,NFL,2009-11-08,CHI,ARI,21.0,41.0,-137.0,,125.0,True,True,False,True,football|NFL|2009-11-08|CHI|ARI
nflverse,football,NFL,2009-11-08,CIN,BAL,17.0,7.0,132.0,,-144.0,True,True,False,True,football|NFL|2009-11-08|CIN|BAL
nflverse,football,NFL,2009-11-08,IND,HOU,20.0,17.0,-340.0,,300.0,True,True,False,True,football|NFL|2009-11-08|IND|HOU
nflverse,football,NFL,2009-11-08,JAX,KC,24.0,21.0,-295.0,,255.0,True,True,False,True,football|NFL|2009-11-08|JAX|KC
nflverse,football,NFL,2009-11-08,NE,MIA,27.0,17.0,-620.0,,490.0,True,True,False,True,football|NFL|2009-11-08|NE|MIA
nflverse,football,NFL,2009-11-08,TB,GB,38.0,28.0,410.0,,-480.0,True,True,False,True,football|NFL|2009-11-08|TB|GB
nflverse,football,NFL,2009-11-08,NO,CAR,30.0,20.0,-630.0,,500.0,True,True,False,True,football|NFL|2009-11-08|NO|CAR
nflverse,football,NFL,2009-11-08,SEA,DET,32.0,20.0,-560.0,,480.0,True,True,False,True,football|NFL|2009-11-08|SEA|DET
nflverse,football,NFL,2009-11-08,NYG,SD,20.0,21.0,-245.0,,219.0,True,True,False,True,football|NFL|2009-11-08|NYG|SD
nflverse,football,NFL,2009-11-08,SF,TEN,27.0,34.0,-201.0,,181.0,True,True,False,True,football|NFL|2009-11-08|SF|TEN
nflverse,football,NFL,2009-11-08,PHI,DAL,16.0,20.0,-140.0,,128.0,True,True,False,True,football|NFL|2009-11-08|PHI|DAL
nflverse,football,NFL,2009-11-09,DEN,PIT,10.0,28.0,137.0,,-152.0,True,True,False,True,football|NFL|2009-11-09|DEN|PIT
nflverse,football,NFL,2009-11-12,SF,CHI,10.0,6.0,-183.0,,165.0,True,True,False,True,football|NFL|2009-11-12|SF|CHI
nflverse,football,NFL,2009-11-15,CAR,ATL,28.0,19.0,-105.0,,-105.0,True,True,False,True,football|NFL|2009-11-15|CAR|ATL
nflverse,football,NFL,2009-11-15,MIA,TB,25.0,23.0,-445.0,,385.0,True,True,False,True,football|NFL|2009-11-15|MIA|TB
nflverse,football,NFL,2009-11-15,MIN,DET,27.0,10.0,-1350.0,,990.0,True,True,False,True,football|NFL|2009-11-15|MIN|DET
nflverse,football,NFL,2009-11-15,NYJ,JAX,22.0,24.0,-270.0,,238.0,True,True,False,True,football|NFL|2009-11-15|NYJ|JAX
nflverse,football,NFL,2009-11-15,PIT,CIN,12.0,18.0,-310.0,,270.0,True,True,False,True,football|NFL|2009-11-15|PIT|CIN
nflverse,football,NFL,2009-11-15,STL,NO,23.0,28.0,620.0,,-800.0,True,True,False,True,football|NFL|2009-11-15|STL|NO
nflverse,football,NFL,2009-11-15,TEN,BUF,41.0,17.0,-340.0,,300.0,True,True,False,True,football|NFL|2009-11-15|TEN|BUF
nflverse,football,NFL,2009-11-15,WAS,DEN,27.0,17.0,162.0,,-180.0,True,True,False,True,football|NFL|2009-11-15|WAS|DEN
nflverse,football,NFL,2009-11-15,OAK,KC,10.0,16.0,-140.0,,128.0,True,True,False,True,football|NFL|2009-11-15|OAK|KC
nflverse,football,NFL,2009-11-15,ARI,SEA,31.0,20.0,-320.0,,280.0,True,True,False,True,football|NFL|2009-11-15|ARI|SEA
nflverse,football,NFL,2009-11-15,GB,DAL,17.0,7.0,130.0,,-142.0,True,True,False,True,football|NFL|2009-11-15|GB|DAL
nflverse,football,NFL,2009-11-15,SD,PHI,31.0,23.0,-111.0,,101.0,True,True,False,True,football|NFL|2009-11-15|SD|PHI
nflverse,football,NFL,2009-11-15,IND,NE,35.0,34.0,-132.0,,120.0,True,True,False,True,football|NFL|2009-11-15|IND|NE
nflverse,football,NFL,2009-11-16,CLE,BAL,0.0,16.0,490.0,,-570.0,True,True,False,True,football|NFL|2009-11-16|CLE|BAL
nflverse,football,NFL,2009-11-19,CAR,MIA,17.0,24.0,-187.0,,169.0,True,True,False,True,football|NFL|2009-11-19|CAR|MIA
nflverse,football,NFL,2009-11-22,BAL,IND,15.0,17.0,-103.0,,-107.0,True,True,False,True,football|NFL|2009-11-22|BAL|IND
nflverse,football,NFL,2009-11-22,DAL,WAS,7.0,6.0,-535.0,,455.0,True,True,False,True,football|NFL|2009-11-22|DAL|WAS
nflverse,football,NFL,2009-11-22,DET,CLE,38.0,37.0,-173.0,,158.0,True,True,False,True,football|NFL|2009-11-22|DET|CLE
nflverse,football,NFL,2009-11-22,GB,SF,30.0,24.0,-270.0,,238.0,True,True,False,True,football|NFL|2009-11-22|GB|SF
nflverse,football,NFL,2009-11-22,JAX,BUF,18.0,15.0,-372.0,,322.0,True,True,False,True,football|NFL|2009-11-22|JAX|BUF
nflverse,football,NFL,2009-11-22,KC,PIT,27.0,24.0,570.0,,-700.0,True,True,False,True,football|NFL|2009-11-22|KC|PIT
nflverse,football,NFL,2009-11-22,MIN,SEA,35.0,9.0,-460.0,,400.0,True,True,False,True,football|NFL|2009-11-22|MIN|SEA
nflverse,football,NFL,2009-11-22,NYG,ATL,34.0,31.0,-340.0,,300.0,True,True,False,True,football|NFL|2009-11-22|NYG|ATL
nflverse,football,NFL,2009-11-22,TB,NO,7.0,38.0,420.0,,-500.0,True,True,False,True,football|NFL|2009-11-22|TB|NO
nflverse,football,NFL,2009-11-22,STL,ARI,13.0,21.0,330.0,,-380.0,True,True,False,True,football|NFL|2009-11-22|STL|ARI
nflverse,football,NFL,2009-11-22,DEN,SD,3.0,32.0,238.0,,-270.0,True,True,False,True,football|NFL|2009-11-22|DEN|SD
nflverse,football,NFL,2009-11-22,NE,NYJ,31.0,14.0,-640.0,,510.0,True,True,False,True,football|NFL|2009-11-22|NE|NYJ
nflverse,football,NFL,2009-11-22,OAK,CIN,20.0,17.0,340.0,,-390.0,True,True,False,True,football|NFL|2009-11-22|OAK|CIN
nflverse,football,NFL,2009-11-22,CHI,PHI,20.0,24.0,170.0,,-188.0,True,True,False,True,football|NFL|2009-11-22|CHI|PHI
nflverse,football,NFL,2009-11-23,HOU,TEN,17.0,20.0,-185.0,,167.0,True,True,False,True,football|NFL|2009-11-23|HOU|TEN
nflverse,football,NFL,2009-11-26,DET,GB,12.0,34.0,495.0,,-625.0,True,True,False,True,football|NFL|2009-11-26|DET|GB
nflverse,football,NFL,2009-11-26,DAL,OAK,24.0,7.0,-800.0,,620.0,True,True,False,True,football|NFL|2009-11-26|DAL|OAK
nflverse,football,NFL,2009-11-26,DEN,NYG,26.0,6.0,193.0,,-219.0,True,True,False,True,football|NFL|2009-11-26|DEN|NYG
nflverse,football,NFL,2009-11-29,ATL,TB,20.0,17.0,-625.0,,500.0,True,True,False,True,football|NFL|2009-11-29|ATL|TB
nflverse,football,NFL,2009-11-29,BUF,MIA,31.0,14.0,172.0,,-190.0,True,True,False,True,football|NFL|2009-11-29|BUF|MIA
nflverse,football,NFL,2009-11-29,CIN,CLE,16.0,7.0,-610.0,,480.0,True,True,False,True,football|NFL|2009-11-29|CIN|CLE
nflverse,football,NFL,2009-11-29,HOU,IND,27.0,35.0,127.0,,-139.0,True,True,False,True,football|NFL|2009-11-29|HOU|IND
nflverse,football,NFL,2009-11-29,NYJ,CAR,17.0,6.0,-168.0,,153.0,True,True,False,True,football|NFL|2009-11-29|NYJ|CAR
nflverse,football,NFL,2009-11-29,PHI,WAS,27.0,24.0,-475.0,,405.0,True,True,False,True,football|NFL|2009-11-29|PHI|WAS
nflverse,football,NFL,2009-11-29,STL,SEA,17.0,27.0,148.0,,-163.0,True,True,False,True,football|NFL|2009-11-29|STL|SEA
nflverse,football,NFL,2009-11-29,SD,KC,43.0,14.0,-705.0,,555.0,True,True,False,True,football|NFL|2009-11-29|SD|KC
nflverse,football,NFL,2009-11-29,SF,JAX,20.0,3.0,-175.0,,160.0,True,True,False,True,football|NFL|2009-11-29|SF|JAX
nflverse,football,NFL,2009-11-29,MIN,CHI,36.0,10.0,-520.0,,440.0,True,True,False,True,football|NFL|2009-11-29|MIN|CHI
nflverse,football,NFL,2009-11-29,TEN,ARI,20.0,17.0,-191.0,,173.0,True,True,False,True,football|NFL|2009-11-29|TEN|ARI
nflverse,football,NFL,2009-11-29,BAL,PIT,20.0,17.0,-334.0,,294.0,True,True,False,True,football|NFL|2009-11-29|BAL|PIT
nflverse,football,NFL,2009-11-30,NO,NE,38.0,17.0,-126.0,,116.0,True,True,False,True,football|NFL|2009-11-30|NO|NE
nflverse,football,NFL,2009-12-03,BUF,NYJ,13.0,19.0,173.0,,-191.0,True,True,False,True,football|NFL|2009-12-03|BUF|NYJ
nflverse,football,NFL,2009-12-06,ATL,PHI,7.0,34.0,189.0,,-215.0,True,True,False,True,football|NFL|2009-12-06|ATL|PHI
nflverse,football,NFL,2009-12-06,CAR,TB,16.0,6.0,-198.0,,178.0,True,True,False,True,football|NFL|2009-12-06|CAR|TB
nflverse,football,NFL,2009-12-06,CHI,STL,17.0,9.0,-455.0,,395.0,True,True,False,True,football|NFL|2009-12-06|CHI|STL
nflverse,football,NFL,2009-12-06,CIN,DET,23.0,13.0,-750.0,,620.0,True,True,False,True,football|NFL|2009-12-06|CIN|DET
nflverse,football,NFL,2009-12-06,IND,TEN,27.0,17.0,-250.0,,224.0,True,True,False,True,football|NFL|2009-12-06|IND|TEN
nflverse,football,NFL,2009-12-06,JAX,HOU,23.0,18.0,102.0,,-112.0,True,True,False,True,football|NFL|2009-12-06|JAX|HOU
nflverse,football,NFL,2009-12-06,KC,DEN,13.0,44.0,213.0,,-239.0,True,True,False,True,football|NFL|2009-12-06|KC|DEN
nflverse,football,NFL,2009-12-06,MIA,NE,22.0,21.0,228.0,,-260.0,True,True,False,True,football|NFL|2009-12-06|MIA|NE
nflverse,football,NFL,2009-12-06,PIT,OAK,24.0,27.0,-1150.0,,890.0,True,True,False,True,football|NFL|2009-12-06|PIT|OAK
nflverse,football,NFL,2009-12-06,WAS,NO,30.0,33.0,350.0,,-400.0,True,True,False,True,football|NFL|2009-12-06|WAS|NO
nflverse,football,NFL,2009-12-06,CLE,SD,23.0,30.0,570.0,,-700.0,True,True,False,True,football|NFL|2009-12-06|CLE|SD
nflverse,football,NFL,2009-12-06,NYG,DAL,31.0,24.0,108.0,,-118.0,True,True,False,True,football|NFL|2009-12-06|NYG|DAL
nflverse,football,NFL,2009-12-06,SEA,SF,20.0,17.0,100.0,,-110.0,True,True,False,True,football|NFL|2009-12-06|SEA|SF
nflverse,football,NFL,2009-12-06,ARI,MIN,30.0,17.0,155.0,,-170.0,True,True,False,True,football|NFL|2009-12-06|ARI|MIN
nflverse,football,NFL,2009-12-07,GB,BAL,27.0,14.0,-206.0,,186.0,True,True,False,True,football|NFL|2009-12-07|GB|BAL
nflverse,football,NFL,2009-12-10,CLE,PIT,13.0,6.0,445.0,,-525.0,True,True,False,True,football|NFL|2009-12-10|CLE|PIT
nflverse,football,NFL,2009-12-13,ATL,NO,23.0,26.0,370.0,,-430.0,True,True,False,True,football|NFL|2009-12-13|ATL|NO
nflverse,football,NFL,2009-12-13,BAL,DET,48.0,3.0,-811.0,,631.0,True,True,False,True,football|NFL|2009-12-13|BAL|DET
nflverse,football,NFL,2009-12-13,CHI,GB,14.0,21.0,172.0,,-190.0,True,True,False,True,football|NFL|2009-12-13|CHI|GB
nflverse,football,NFL,2009-12-13,HOU,SEA,34.0,7.0,-300.0,,260.0,True,True,False,True,football|NFL|2009-12-13|HOU|SEA
nflverse,football,NFL,2009-12-13,IND,DEN,28.0,16.0,-290.0,,258.0,True,True,False,True,football|NFL|2009-12-13|IND|DEN
nflverse,football,NFL,2009-12-13,JAX,MIA,10.0,14.0,-135.0,,123.0,True,True,False,True,football|NFL|2009-12-13|JAX|MIA
nflverse,football,NFL,2009-12-13,KC,BUF,10.0,16.0,129.0,,-141.0,True,True,False,True,football|NFL|2009-12-13|KC|BUF
nflverse,football,NFL,2009-12-13,MIN,CIN,30.0,10.0,-240.0,,214.0,True,True,False,True,football|NFL|2009-12-13|MIN|CIN
nflverse,football,NFL,2009-12-13,NE,CAR,20.0,10.0,-600.0,,470.0,True,True,False,True,football|NFL|2009-12-13|NE|CAR
nflverse,football,NFL,2009-12-13,TB,NYJ,3.0,26.0,177.0,,-195.0,True,True,False,True,football|NFL|2009-12-13|TB|NYJ
nflverse,football,NFL,2009-12-13,OAK,WAS,13.0,34.0,115.0,,-125.0,True,True,False,True,football|NFL|2009-12-13|OAK|WAS
nflverse,football,NFL,2009-12-13,TEN,STL,47.0,7.0,-700.0,,570.0,True,True,False,True,football|NFL|2009-12-13|TEN|STL
nflverse,football,NFL,2009-12-13,DAL,SD,17.0,20.0,-177.0,,162.0,True,True,False,True,football|NFL|2009-12-13|DAL|SD
nflverse,football,NFL,2009-12-13,NYG,PHI,38.0,45.0,101.0,,-111.0,True,True,False,True,football|NFL|2009-12-13|NYG|PHI
nflverse,football,NFL,2009-12-14,SF,ARI,24.0,9.0,181.0,,-201.0,True,True,False,True,football|NFL|2009-12-14|SF|ARI
nflverse,football,NFL,2009-12-17,JAX,IND,31.0,35.0,163.0,,-178.0,True,True,False,True,football|NFL|2009-12-17|JAX|IND
nflverse,football,NFL,2009-12-19,NO,DAL,17.0,24.0,-325.0,,285.0,True,True,False,True,football|NFL|2009-12-19|NO|DAL
nflverse,football,NFL,2009-12-20,BUF,NE,10.0,17.0,280.0,,-320.0,True,True,False,True,football|NFL|2009-12-20|BUF|NE
nflverse,football,NFL,2009-12-20,DET,ARI,24.0,31.0,650.0,,-830.0,True,True,False,True,football|NFL|2009-12-20|DET|ARI
nflverse,football,NFL,2009-12-20,KC,CLE,34.0,41.0,-147.0,,135.0,True,True,False,True,football|NFL|2009-12-20|KC|CLE
nflverse,football,NFL,2009-12-20,NYJ,ATL,7.0,10.0,-233.0,,207.0,True,True,False,True,football|NFL|2009-12-20|NYJ|ATL
nflverse,football,NFL,2009-12-20,STL,HOU,13.0,16.0,720.0,,-900.0,True,True,False,True,football|NFL|2009-12-20|STL|HOU
nflverse,football,NFL,2009-12-20,TEN,MIA,27.0,24.0,-230.0,,204.0,True,True,False,True,football|NFL|2009-12-20|TEN|MIA
nflverse,football,NFL,2009-12-20,DEN,OAK,19.0,20.0,-706.0,,576.0,True,True,False,True,football|NFL|2009-12-20|DEN|OAK
nflverse,football,NFL,2009-12-20,SD,CIN,27.0,24.0,-275.0,,243.0,True,True,False,True,football|NFL|2009-12-20|SD|CIN
nflverse,football,NFL,2009-12-20,BAL,CHI,31.0,7.0,-468.0,,408.0,True,True,False,True,football|NFL|2009-12-20|BAL|CHI
nflverse,football,NFL,2009-12-20,PHI,SF,27.0,13.0,-340.0,,300.0,True,True,False,True,football|NFL|2009-12-20|PHI|SF
nflverse,football,NFL,2009-12-20,PIT,GB,37.0,36.0,-140.0,,128.0,True,True,False,True,football|NFL|2009-12-20|PIT|GB
nflverse,football,NFL,2009-12-20,SEA,TB,7.0,24.0,-270.0,,238.0,True,True,False,True,football|NFL|2009-12-20|SEA|TB
nflverse,football,NFL,2009-12-20,CAR,MIN,26.0,7.0,341.0,,-391.0,True,True,False,True,football|NFL|2009-12-20|CAR|MIN
nflverse,football,NFL,2009-12-21,WAS,NYG,12.0,45.0,118.0,,-128.0,True,True,False,True,football|NFL|2009-12-21|WAS|NYG
nflverse,football,NFL,2009-12-25,TEN,SD,17.0,42.0,-132.0,,120.0,True,True,False,True,football|NFL|2009-12-25|TEN|SD
nflverse,football,NFL,2009-12-27,ATL,BUF,31.0,3.0,-350.0,,310.0,True,True,False,True,football|NFL|2009-12-27|ATL|BUF
nflverse,football,NFL,2009-12-27,CIN,KC,17.0,10.0,-650.0,,520.0,True,True,False,True,football|NFL|2009-12-27|CIN|KC
nflverse,football,NFL,2009-12-27,CLE,OAK,23.0,9.0,-173.0,,158.0,True,True,False,True,football|NFL|2009-12-27|CLE|OAK
nflverse,football,NFL,2009-12-27,GB,SEA,48.0,10.0,-700.0,,570.0,True,True,False,True,football|NFL|2009-12-27|GB|SEA
nflverse,football,NFL,2009-12-27,MIA,HOU,20.0,27.0,-124.0,,114.0,True,True,False,True,football|NFL|2009-12-27|MIA|HOU
nflverse,football,NFL,2009-12-27,NE,JAX,35.0,7.0,-432.0,,372.0,True,True,False,True,football|NFL|2009-12-27|NE|JAX
nflverse,football,NFL,2009-12-27,NO,TB,17.0,20.0,-770.0,,640.0,True,True,False,True,football|NFL|2009-12-27|NO|TB
nflverse,football,NFL,2009-12-27,NYG,CAR,9.0,41.0,-380.0,,330.0,True,True,False,True,football|NFL|2009-12-27|NYG|CAR
nflverse,football,NFL,2009-12-27,PIT,BAL,23.0,20.0,-139.0,,127.0,True,True,False,True,football|NFL|2009-12-27|PIT|BAL
nflverse,football,NFL,2009-12-27,ARI,STL,31.0,10.0,-1400.0,,1040.0,True,True,False,True,football|NFL|2009-12-27|ARI|STL
nflverse,football,NFL,2009-12-27,SF,DET,20.0,6.0,-835.0,,655.0,True,True,False,True,football|NFL|2009-12-27|SF|DET
nflverse,football,NFL,2009-12-27,IND,NYJ,15.0,29.0,-185.0,,167.0,True,True,False,True,football|NFL|2009-12-27|IND|NYJ
nflverse,football,NFL,2009-12-27,PHI,DEN,30.0,27.0,-300.0,,260.0,True,True,False,True,football|NFL|2009-12-27|PHI|DEN
nflverse,football,NFL,2009-12-27,WAS,DAL,0.0,17.0,273.0,,-313.0,True,True,False,True,football|NFL|2009-12-27|WAS|DAL
nflverse,football,NFL,2009-12-28,CHI,MIN,36.0,30.0,330.0,,-380.0,True,True,False,True,football|NFL|2009-12-28|CHI|MIN
nflverse,football,NFL,2010-01-03,BUF,IND,30.0,7.0,-360.0,,310.0,True,True,False,True,football|NFL|2010-01-03|BUF|IND
nflverse,football,NFL,2010-01-03,CAR,NO,23.0,10.0,-400.0,,350.0,True,True,False,True,football|NFL|2010-01-03|CAR|NO
nflverse,football,NFL,2010-01-03,CLE,JAX,23.0,17.0,-121.0,,111.0,True,True,False,True,football|NFL|2010-01-03|CLE|JAX
nflverse,football,NFL,2010-01-03,DET,CHI,23.0,37.0,189.0,,-215.0,True,True,False,True,football|NFL|2010-01-03|DET|CHI
nflverse,football,NFL,2010-01-03,HOU,NE,34.0,27.0,-285.0,,253.0,True,True,False,True,football|NFL|2010-01-03|HOU|NE
nflverse,football,NFL,2010-01-03,MIA,PIT,24.0,30.0,133.0,,-145.0,True,True,False,True,football|NFL|2010-01-03|MIA|PIT
nflverse,football,NFL,2010-01-03,MIN,NYG,44.0,7.0,-351.0,,311.0,True,True,False,True,football|NFL|2010-01-03|MIN|NYG
nflverse,football,NFL,2010-01-03,STL,SF,6.0,28.0,255.0,,-295.0,True,True,False,True,football|NFL|2010-01-03|STL|SF
nflverse,football,NFL,2010-01-03,TB,ATL,10.0,20.0,133.0,,-145.0,True,True,False,True,football|NFL|2010-01-03|TB|ATL
nflverse,football,NFL,2010-01-03,ARI,GB,7.0,33.0,-153.0,,138.0,True,True,False,True,football|NFL|2010-01-03|ARI|GB
nflverse,football,NFL,2010-01-03,DAL,PHI,24.0,0.0,-155.0,,140.0,True,True,False,True,football|NFL|2010-01-03|DAL|PHI
nflverse,football,NFL,2010-01-03,DEN,KC,24.0,44.0,-430.0,,370.0,True,True,False,True,football|NFL|2010-01-03|DEN|KC
nflverse,football,NFL,2010-01-03,OAK,BAL,13.0,21.0,420.0,,-490.0,True,True,False,True,football|NFL|2010-01-03|OAK|BAL
nflverse,football,NFL,2010-01-03,SD,WAS,23.0,20.0,-164.0,,149.0,True,True,False,True,football|NFL|2010-01-03|SD|WAS
nflverse,football,NFL,2010-01-03,SEA,TEN,13.0,17.0,219.0,,-245.0,True,True,False,True,football|NFL|2010-01-03|SEA|TEN
nflverse,football,NFL,2010-01-03,NYJ,CIN,37.0,0.0,-460.0,,400.0,True,True,False,True,football|NFL|2010-01-03|NYJ|CIN
nflverse,football,NFL,2010-01-09,CIN,NYJ,14.0,24.0,-143.0,,131.0,True,True,False,True,football|NFL|2010-01-09|CIN|NYJ
nflverse,football,NFL,2010-01-09,DAL,PHI,34.0,14.0,-200.0,,180.0,True,True,False,True,football|NFL|2010-01-09|DAL|PHI
nflverse,football,NFL,2010-01-10,NE,BAL,14.0,33.0,-195.0,,177.0,True,True,False,True,football|NFL|2010-01-10|NE|BAL
nflverse,football,NFL,2010-01-10,ARI,GB,51.0,45.0,117.0,,-127.0,True,True,False,True,football|NFL|2010-01-10|ARI|GB
nflverse,football,NFL,2010-01-16,NO,ARI,45.0,14.0,-320.0,,280.0,True,True,False,True,football|NFL|2010-01-16|NO|ARI
nflverse,football,NFL,2010-01-16,IND,BAL,20.0,3.0,-265.0,,233.0,True,True,False,True,football|NFL|2010-01-16|IND|BAL
nflverse,football,NFL,2010-01-17,MIN,DAL,34.0,3.0,-139.0,,127.0,True,True,False,True,football|NFL|2010-01-17|MIN|DAL
nflverse,football,NFL,2010-01-17,SD,NYJ,14.0,17.0,-400.0,,350.0,True,True,False,True,football|NFL|2010-01-17|SD|NYJ
nflverse,football,NFL,2010-01-24,IND,NYJ,30.0,17.0,-330.0,,290.0,True,True,False,True,football|NFL|2010-01-24|IND|NYJ
nflverse,football,NFL,2010-01-24,NO,MIN,31.0,28.0,-201.0,,181.0,True,True,False,True,football|NFL|2010-01-24|NO|MIN
nflverse,football,NFL,2010-02-07,IND,NO,17.0,31.0,-201.0,,181.0,True,True,False,True,football|NFL|2010-02-07|IND|NO
nflverse,football,NFL,2010-09-09,NO,MIN,14.0,9.0,-220.0,,197.0,True,True,False,True,football|NFL|2010-09-09|NO|MIN
nflverse,football,NFL,2010-09-12,BUF,MIA,10.0,15.0,140.0,,-155.0,True,True,False,True,football|NFL|2010-09-12|BUF|MIA
nflverse,football,NFL,2010-09-12,CHI,DET,19.0,14.0,-280.0,,248.0,True,True,False,True,football|NFL|2010-09-12|CHI|DET
nflverse,football,NFL,2010-09-12,HOU,IND,34.0,24.0,106.0,,-117.0,True,True,False,True,football|NFL|2010-09-12|HOU|IND
nflverse,football,NFL,2010-09-12,JAX,DEN,24.0,17.0,-185.0,,166.0,True,True,False,True,football|NFL|2010-09-12|JAX|DEN
nflverse,football,NFL,2010-09-12,NE,CIN,38.0,24.0,-230.0,,205.0,True,True,False,True,football|NFL|2010-09-12|NE|CIN
nflverse,football,NFL,2010-09-12,NYG,CAR,31.0,18.0,-240.0,,214.0,True,True,False,True,football|NFL|2010-09-12|NYG|CAR
nflverse,football,NFL,2010-09-12,PIT,ATL,15.0,9.0,102.0,,-112.0,True,True,False,True,football|NFL|2010-09-12|PIT|ATL
nflverse,football,NFL,2010-09-12,TB,CLE,17.0,14.0,-135.0,,122.0,True,True,False,True,football|NFL|2010-09-12|TB|CLE
nflverse,football,NFL,2010-09-12,TEN,OAK,38.0,13.0,-265.0,,235.0,True,True,False,True,football|NFL|2010-09-12|TEN|OAK
nflverse,football,NFL,2010-09-12,PHI,GB,20.0,27.0,125.0,,-138.0,True,True,False,True,football|NFL|2010-09-12|PHI|GB
nflverse,football,NFL,2010-09-12,SEA,SF,31.0,6.0,166.0,,-185.0,True,True,False,True,football|NFL|2010-09-12|SEA|SF
nflverse,football,NFL,2010-09-12,STL,ARI,13.0,17.0,147.0,,-163.0,True,True,False,True,football|NFL|2010-09-12|STL|ARI
nflverse,football,NFL,2010-09-12,WAS,DAL,13.0,7.0,166.0,,-185.0,True,True,False,True,football|NFL|2010-09-12|WAS|DAL
nflverse,football,NFL,2010-09-13,NYJ,BAL,9.0,10.0,-119.0,,108.0,True,True,False,True,football|NFL|2010-09-13|NYJ|BAL
nflverse,football,NFL,2010-09-13,KC,SD,21.0,14.0,180.0,,-200.0,True,True,False,True,football|NFL|2010-09-13|KC|SD
nflverse,football,NFL,2010-09-19,ATL,ARI,41.0,7.0,-280.0,,248.0,True,True,False,True,football|NFL|2010-09-19|ATL|ARI
nflverse,football,NFL,2010-09-19,CAR,TB,7.0,20.0,-210.0,,188.0,True,True,False,True,football|NFL|2010-09-19|CAR|TB
nflverse,football,NFL,2010-09-19,CIN,BAL,15.0,10.0,131.0,,-145.0,True,True,False,True,football|NFL|2010-09-19|CIN|BAL
nflverse,football,NFL,2010-09-19,CLE,KC,14.0,16.0,-175.0,,158.0,True,True,False,True,football|NFL|2010-09-19|CLE|KC
nflverse,football,NFL,2010-09-19,DAL,CHI,20.0,27.0,-315.0,,277.0,True,True,False,True,football|NFL|2010-09-19|DAL|CHI
nflverse,football,NFL,2010-09-19,DET,PHI,32.0,35.0,244.0,,-276.0,True,True,False,True,football|NFL|2010-09-19|DET|PHI
nflverse,football,NFL,2010-09-19,GB,BUF,34.0,7.0,-670.0,,548.0,True,True,False,True,football|NFL|2010-09-19|GB|BUF
nflverse,football,NFL,2010-09-19,MIN,MIA,10.0,14.0,-222.0,,199.0,True,True,False,True,football|NFL|2010-09-19|MIN|MIA
nflverse,football,NFL,2010-09-19,TEN,PIT,11.0,19.0,-260.0,,231.0,True,True,False,True,football|NFL|2010-09-19|TEN|PIT
nflverse,football,NFL,2010-09-19,DEN,SEA,31.0,14.0,-175.0,,158.0,True,True,False,True,football|NFL|2010-09-19|DEN|SEA
nflverse,football,NFL,2010-09-19,OAK,STL,16.0,14.0,-180.0,,162.0,True,True,False,True,football|NFL|2010-09-19|OAK|STL
nflverse,football,NFL,2010-09-19,NYJ,NE,28.0,14.0,140.0,,-155.0,True,True,False,True,football|NFL|2010-09-19|NYJ|NE
nflverse,football,NFL,2010-09-19,SD,JAX,38.0,13.0,-300.0,,264.0,True,True,False,True,football|NFL|2010-09-19|SD|JAX
nflverse,football,NFL,2010-09-19,WAS,HOU,27.0,30.0,129.0,,-143.0,True,True,False,True,football|NFL|2010-09-19|WAS|HOU
nflverse,football,NFL,2010-09-19,IND,NYG,38.0,14.0,-207.0,,186.0,True,True,False,True,football|NFL|2010-09-19|IND|NYG
nflverse,football,NFL,2010-09-20,SF,NO,22.0,25.0,193.0,,-215.0,True,True,False,True,football|NFL|2010-09-20|SF|NO
nflverse,football,NFL,2010-09-26,BAL,CLE,24.0,17.0,-700.0,,569.0,True,True,False,True,football|NFL|2010-09-26|BAL|CLE
nflverse,football,NFL,2010-09-26,CAR,CIN,7.0,20.0,147.0,,-163.0,True,True,False,True,football|NFL|2010-09-26|CAR|CIN
nflverse,football,NFL,2010-09-26,HOU,DAL,13.0,27.0,-131.0,,119.0,True,True,False,True,football|NFL|2010-09-26|HOU|DAL
nflverse,football,NFL,2010-09-26,KC,SF,31.0,10.0,125.0,,-138.0,True,True,False,True,football|NFL|2010-09-26|KC|SF
nflverse,football,NFL,2010-09-26,MIN,DET,24.0,10.0,-650.0,,534.0,True,True,False,True,football|NFL|2010-09-26|MIN|DET
nflverse,football,NFL,2010-09-26,NE,BUF,38.0,30.0,-890.0,,697.0,True,True,False,True,football|NFL|2010-09-26|NE|BUF
nflverse,football,NFL,2010-09-26,NO,ATL,24.0,27.0,-172.0,,155.0,True,True,False,True,football|NFL|2010-09-26|NO|ATL
nflverse,football,NFL,2010-09-26,NYG,TEN,10.0,29.0,-147.0,,133.0,True,True,False,True,football|NFL|2010-09-26|NYG|TEN
nflverse,football,NFL,2010-09-26,TB,PIT,13.0,38.0,127.0,,-140.0,True,True,False,True,football|NFL|2010-09-26|TB|PIT
nflverse,football,NFL,2010-09-26,JAX,PHI,3.0,28.0,115.0,,-127.0,True,True,False,True,football|NFL|2010-09-26|JAX|PHI
nflverse,football,NFL,2010-09-26,STL,WAS,30.0,16.0,197.0,,-220.0,True,True,False,True,football|NFL|2010-09-26|STL|WAS
nflverse,football,NFL,2010-09-26,ARI,OAK,24.0,23.0,-234.0,,209.0,True,True,False,True,football|NFL|2010-09-26|ARI|OAK
nflverse,football,NFL,2010-09-26,DEN,IND,13.0,27.0,225.0,,-253.0,True,True,False,True,football|NFL|2010-09-26|DEN|IND
nflverse,football,NFL,2010-09-26,SEA,SD,27.0,20.0,171.0,,-190.0,True,True,False,True,football|NFL|2010-09-26|SEA|SD
nflverse,football,NFL,2010-09-26,MIA,NYJ,23.0,31.0,-131.0,,119.0,True,True,False,True,football|NFL|2010-09-26|MIA|NYJ
nflverse,football,NFL,2010-09-27,CHI,GB,20.0,17.0,127.0,,-140.0,True,True,False,True,football|NFL|2010-09-27|CHI|GB
nflverse,football,NFL,2010-10-03,ATL,SF,16.0,14.0,-309.0,,272.0,True,True,False,True,football|NFL|2010-10-03|ATL|SF
nflverse,football,NFL,2010-10-03,BUF,NYJ,14.0,38.0,210.0,,-235.0,True,True,False,True,football|NFL|2010-10-03|BUF|NYJ
nflverse,football,NFL,2010-10-03,CLE,CIN,23.0,20.0,104.0,,-115.0,True,True,False,True,football|NFL|2010-10-03|CLE|CIN
nflverse,football,NFL,2010-10-03,GB,DET,28.0,26.0,-1100.0,,816.0,True,True,False,True,football|NFL|2010-10-03|GB|DET
nflverse,football,NFL,2010-10-03,NO,CAR,16.0,14.0,-650.0,,534.0,True,True,False,True,football|NFL|2010-10-03|NO|CAR
nflverse,football,NFL,2010-10-03,PIT,BAL,14.0,17.0,-124.0,,112.0,True,True,False,True,football|NFL|2010-10-03|PIT|BAL
nflverse,football,NFL,2010-10-03,STL,SEA,20.0,3.0,113.0,,-125.0,True,True,False,True,football|NFL|2010-10-03|STL|SEA
nflverse,football,NFL,2010-10-03,TEN,DEN,20.0,26.0,-275.0,,244.0,True,True,False,True,football|NFL|2010-10-03|TEN|DEN
nflverse,football,NFL,2010-10-03,JAX,IND,31.0,28.0,254.0,,-288.0,True,True,False,True,football|NFL|2010-10-03|JAX|IND
nflverse,football,NFL,2010-10-03,OAK,HOU,24.0,31.0,162.0,,-180.0,True,True,False,True,football|NFL|2010-10-03|OAK|HOU
nflverse,football,NFL,2010-10-03,PHI,WAS,12.0,17.0,-240.0,,214.0,True,True,False,True,football|NFL|2010-10-03|PHI|WAS
nflverse,football,NFL,2010-10-03,SD,ARI,41.0,10.0,-500.0,,423.0,True,True,False,True,football|NFL|2010-10-03|SD|ARI
nflverse,football,NFL,2010-10-03,NYG,CHI,17.0,3.0,-194.0,,174.0,True,True,False,True,football|NFL|2010-10-03|NYG|CHI
nflverse,football,NFL,2010-10-04,MIA,NE,14.0,41.0,-111.0,,101.0,True,True,False,True,football|NFL|2010-10-04|MIA|NE
nflverse,football,NFL,2010-10-10,BAL,DEN,31.0,17.0,-375.0,,326.0,True,True,False,True,football|NFL|2010-10-10|BAL|DEN
nflverse,football,NFL,2010-10-10,BUF,JAX,26.0,36.0,-131.0,,119.0,True,True,False,True,football|NFL|2010-10-10|BUF|JAX
nflverse,football,NFL,2010-10-10,CAR,CHI,6.0,23.0,-140.0,,127.0,True,True,False,True,football|NFL|2010-10-10|CAR|CHI
nflverse,football,NFL,2010-10-10,CIN,TB,21.0,24.0,-285.0,,252.0,True,True,False,True,football|NFL|2010-10-10|CIN|TB
nflverse,football,NFL,2010-10-10,CLE,ATL,10.0,20.0,144.0,,-160.0,True,True,False,True,football|NFL|2010-10-10|CLE|ATL
nflverse,football,NFL,2010-10-10,DET,STL,44.0,6.0,-143.0,,129.0,True,True,False,True,football|NFL|2010-10-10|DET|STL
nflverse,football,NFL,2010-10-10,HOU,NYG,10.0,34.0,-175.0,,158.0,True,True,False,True,football|NFL|2010-10-10|HOU|NYG
nflverse,football,NFL,2010-10-10,IND,KC,19.0,9.0,-355.0,,310.0,True,True,False,True,football|NFL|2010-10-10|IND|KC
nflverse,football,NFL,2010-10-10,WAS,GB,16.0,13.0,136.0,,-150.0,True,True,False,True,football|NFL|2010-10-10|WAS|GB
nflverse,football,NFL,2010-10-10,ARI,NO,30.0,20.0,252.0,,-285.0,True,True,False,True,football|NFL|2010-10-10|ARI|NO
nflverse,football,NFL,2010-10-10,DAL,TEN,27.0,34.0,-300.0,,264.0,True,True,False,True,football|NFL|2010-10-10|DAL|TEN
nflverse,football,NFL,2010-10-10,OAK,SD,35.0,27.0,256.0,,-290.0,True,True,False,True,football|NFL|2010-10-10|OAK|SD
nflverse,football,NFL,2010-10-10,SF,PHI,24.0,27.0,-175.0,,158.0,True,True,False,True,football|NFL|2010-10-10|SF|PHI
nflverse,football,NFL,2010-10-11,NYJ,MIN,29.0,20.0,-215.0,,193.0,True,True,False,True,football|NFL|2010-10-11|NYJ|MIN
nflverse,football,NFL,2010-10-17,CHI,SEA,20.0,23.0,-257.0,,228.0,True,True,False,True,football|NFL|2010-10-17|CHI|SEA
nflverse,football,NFL,2010-10-17,GB,MIA,20.0,23.0,-153.0,,138.0,True,True,False,True,football|NFL|2010-10-17|GB|MIA
nflverse,football,NFL,2010-10-17,HOU,KC,35.0,31.0,-222.0,,199.0,True,True,False,True,football|NFL|2010-10-17|HOU|KC
nflverse,football,NFL,2010-10-17,NE,BAL,23.0,20.0,-139.0,,126.0,True,True,False,True,football|NFL|2010-10-17|NE|BAL
nflverse,football,NFL,2010-10-17,NYG,DET,28.0,20.0,-500.0,,423.0,True,True,False,True,football|NFL|2010-10-17|NYG|DET
nflverse,football,NFL,2010-10-17,PHI,ATL,31.0,17.0,-118.0,,107.0,True,True,False,True,football|NFL|2010-10-17|PHI|ATL
nflverse,football,NFL,2010-10-17,PIT,CLE,28.0,10.0,-1000.0,,760.0,True,True,False,True,football|NFL|2010-10-17|PIT|CLE
nflverse,football,NFL,2010-10-17,STL,SD,20.0,17.0,326.0,,-376.0,True,True,False,True,football|NFL|2010-10-17|STL|SD
nflverse,football,NFL,2010-10-17,TB,NO,6.0,31.0,205.0,,-230.0,True,True,False,True,football|NFL|2010-10-17|TB|NO
nflverse,football,NFL,2010-10-17,DEN,NYJ,20.0,24.0,162.0,,-180.0,True,True,False,True,football|NFL|2010-10-17|DEN|NYJ
nflverse,football,NFL,2010-10-17,SF,OAK,17.0,9.0,-350.0,,305.0,True,True,False,True,football|NFL|2010-10-17|SF|OAK
nflverse,football,NFL,2010-10-17,MIN,DAL,24.0,21.0,-124.0,,112.0,True,True,False,True,football|NFL|2010-10-17|MIN|DAL
nflverse,football,NFL,2010-10-17,WAS,IND,24.0,27.0,148.0,,-164.0,True,True,False,True,football|NFL|2010-10-17|WAS|IND
nflverse,football,NFL,2010-10-18,JAX,TEN,3.0,30.0,129.0,,-143.0,True,True,False,True,football|NFL|2010-10-18|JAX|TEN
nflverse,football,NFL,2010-10-24,ATL,CIN,39.0,32.0,-195.0,,175.0,True,True,False,True,football|NFL|2010-10-24|ATL|CIN
nflverse,football,NFL,2010-10-24,BAL,BUF,37.0,34.0,-621.0,,513.0,True,True,False,True,football|NFL|2010-10-24|BAL|BUF
nflverse,football,NFL,2010-10-24,CAR,SF,23.0,20.0,113.0,,-125.0,True,True,False,True,football|NFL|2010-10-24|CAR|SF
nflverse,football,NFL,2010-10-24,CHI,WAS,14.0,17.0,-160.0,,144.0,True,True,False,True,football|NFL|2010-10-24|CHI|WAS
nflverse,football,NFL,2010-10-24,KC,JAX,42.0,20.0,-415.0,,358.0,True,True,False,True,football|NFL|2010-10-24|KC|JAX
nflverse,football,NFL,2010-10-24,MIA,PIT,22.0,23.0,129.0,,-142.0,True,True,False,True,football|NFL|2010-10-24|MIA|PIT
nflverse,football,NFL,2010-10-24,NO,CLE,17.0,30.0,-600.0,,498.0,True,True,False,True,football|NFL|2010-10-24|NO|CLE
nflverse,football,NFL,2010-10-24,TB,STL,18.0,17.0,-165.0,,149.0,True,True,False,True,football|NFL|2010-10-24|TB|STL
nflverse,football,NFL,2010-10-24,TEN,PHI,37.0,19.0,-142.0,,129.0,True,True,False,True,football|NFL|2010-10-24|TEN|PHI
nflverse,football,NFL,2010-10-24,SEA,ARI,22.0,10.0,-276.0,,244.0,True,True,False,True,football|NFL|2010-10-24|SEA|ARI
nflverse,football,NFL,2010-10-24,DEN,OAK,14.0,59.0,-300.0,,264.0,True,True,False,True,football|NFL|2010-10-24|DEN|OAK
nflverse,football,NFL,2010-10-24,SD,NE,20.0,23.0,-125.0,,113.0,True,True,False,True,football|NFL|2010-10-24|SD|NE
nflverse,football,NFL,2010-10-24,GB,MIN,28.0,24.0,-130.0,,118.0,True,True,False,True,football|NFL|2010-10-24|GB|MIN
nflverse,football,NFL,2010-10-25,DAL,NYG,35.0,41.0,-180.0,,162.0,True,True,False,True,football|NFL|2010-10-25|DAL|NYG
nflverse,football,NFL,2010-10-31,CIN,MIA,14.0,22.0,-102.0,,-108.0,True,True,False,True,football|NFL|2010-10-31|CIN|MIA
nflverse,football,NFL,2010-10-31,DAL,JAX,17.0,35.0,-278.0,,246.0,True,True,False,True,football|NFL|2010-10-31|DAL|JAX
nflverse,football,NFL,2010-10-31,DET,WAS,37.0,25.0,-135.0,,122.0,True,True,False,True,football|NFL|2010-10-31|DET|WAS
nflverse,football,NFL,2010-10-31,KC,BUF,13.0,10.0,-325.0,,285.0,True,True,False,True,football|NFL|2010-10-31|KC|BUF
nflverse,football,NFL,2010-10-31,NYJ,GB,0.0,9.0,-260.0,,231.0,True,True,False,True,football|NFL|2010-10-31|NYJ|GB
nflverse,football,NFL,2010-10-31,SF,DEN,24.0,16.0,-124.0,,112.0,True,True,False,True,football|NFL|2010-10-31|SF|DEN
nflverse,football,NFL,2010-10-31,STL,CAR,20.0,10.0,-145.0,,131.0,True,True,False,True,football|NFL|2010-10-31|STL|CAR
nflverse,football,NFL,2010-10-31,SD,TEN,33.0,25.0,-221.0,,198.0,True,True,False,True,football|NFL|2010-10-31|SD|TEN
nflverse,football,NFL,2010-10-31,ARI,TB,35.0,38.0,-174.0,,157.0,True,True,False,True,football|NFL|2010-10-31|ARI|TB
nflverse,football,NFL,2010-10-31,NE,MIN,28.0,18.0,-212.0,,190.0,True,True,False,True,football|NFL|2010-10-31|NE|MIN
nflverse,football,NFL,2010-10-31,OAK,SEA,33.0,3.0,-118.0,,107.0,True,True,False,True,football|NFL|2010-10-31|OAK|SEA
nflverse,football,NFL,2010-10-31,NO,PIT,20.0,10.0,-117.0,,106.0,True,True,False,True,football|NFL|2010-10-31|NO|PIT
nflverse,football,NFL,2010-11-01,IND,HOU,30.0,17.0,-230.0,,205.0,True,True,False,True,football|NFL|2010-11-01|IND|HOU
nflverse,football,NFL,2010-11-07,ATL,TB,27.0,21.0,-475.0,,404.0,True,True,False,True,football|NFL|2010-11-07|ATL|TB
nflverse,football,NFL,2010-11-07,BAL,MIA,26.0,10.0,-221.0,,198.0,True,True,False,True,football|NFL|2010-11-07|BAL|MIA
nflverse,football,NFL,2010-11-07,BUF,CHI,19.0,22.0,135.0,,-149.0,True,True,False,True,football|NFL|2010-11-07|BUF|CHI
nflverse,football,NFL,2010-11-07,CAR,NO,3.0,34.0,218.0,,-245.0,True,True,False,True,football|NFL|2010-11-07|CAR|NO
nflverse,football,NFL,2010-11-07,CLE,NE,34.0,14.0,180.0,,-200.0,True,True,False,True,football|NFL|2010-11-07|CLE|NE
nflverse,football,NFL,2010-11-07,DET,NYJ,20.0,23.0,214.0,,-240.0,True,True,False,True,football|NFL|2010-11-07|DET|NYJ
nflverse,football,NFL,2010-11-07,HOU,SD,23.0,29.0,123.0,,-136.0,True,True,False,True,football|NFL|2010-11-07|HOU|SD
nflverse,football,NFL,2010-11-07,MIN,ARI,27.0,24.0,-325.0,,285.0,True,True,False,True,football|NFL|2010-11-07|MIN|ARI
nflverse,football,NFL,2010-11-07,SEA,NYG,7.0,41.0,278.0,,-316.0,True,True,False,True,football|NFL|2010-11-07|SEA|NYG
nflverse,football,NFL,2010-11-07,OAK,KC,23.0,20.0,-103.0,,-107.0,True,True,False,True,football|NFL|2010-11-07|OAK|KC
nflverse,football,NFL,2010-11-07,PHI,IND,26.0,24.0,-162.0,,146.0,True,True,False,True,football|NFL|2010-11-07|PHI|IND
nflverse,football,NFL,2010-11-07,GB,DAL,45.0,7.0,-326.0,,286.0,True,True,False,True,football|NFL|2010-11-07|GB|DAL
nflverse,football,NFL,2010-11-08,CIN,PIT,21.0,27.0,210.0,,-235.0,True,True,False,True,football|NFL|2010-11-08|CIN|PIT
nflverse,football,NFL,2010-11-11,ATL,BAL,26.0,21.0,-125.0,,113.0,True,True,False,True,football|NFL|2010-11-11|ATL|BAL
nflverse,football,NFL,2010-11-14,BUF,DET,14.0,12.0,-119.0,,108.0,True,True,False,True,football|NFL|2010-11-14|BUF|DET
nflverse,football,NFL,2010-11-14,CHI,MIN,27.0,13.0,-110.0,,100.0,True,True,False,True,football|NFL|2010-11-14|CHI|MIN
nflverse,football,NFL,2010-11-14,CLE,NYJ,20.0,26.0,166.0,,-184.0,True,True,False,True,football|NFL|2010-11-14|CLE|NYJ
nflverse,football,NFL,2010-11-14,IND,CIN,23.0,17.0,-300.0,,264.0,True,True,False,True,football|NFL|2010-11-14|IND|CIN
nflverse,football,NFL,2010-11-14,JAX,HOU,31.0,24.0,-111.0,,101.0,True,True,False,True,football|NFL|2010-11-14|JAX|HOU
nflverse,football,NFL,2010-11-14,MIA,TEN,29.0,17.0,-123.0,,111.0,True,True,False,True,football|NFL|2010-11-14|MIA|TEN
nflverse,football,NFL,2010-11-14,TB,CAR,31.0,16.0,-282.0,,249.0,True,True,False,True,football|NFL|2010-11-14|TB|CAR
nflverse,football,NFL,2010-11-14,DEN,KC,49.0,29.0,-101.0,,-109.0,True,True,False,True,football|NFL|2010-11-14|DEN|KC
nflverse,football,NFL,2010-11-14,ARI,SEA,18.0,36.0,-200.0,,180.0,True,True,False,True,football|NFL|2010-11-14|ARI|SEA
nflverse,football,NFL,2010-11-14,NYG,DAL,20.0,33.0,-530.0,,446.0,True,True,False,True,football|NFL|2010-11-14|NYG|DAL
nflverse,football,NFL,2010-11-14,SF,STL,23.0,20.0,-220.0,,197.0,True,True,False,True,football|NFL|2010-11-14|SF|STL
nflverse,football,NFL,2010-11-14,PIT,NE,26.0,39.0,-190.0,,171.0,True,True,False,True,football|NFL|2010-11-14|PIT|NE
nflverse,football,NFL,2010-11-15,WAS,PHI,28.0,59.0,163.0,,-181.0,True,True,False,True,football|NFL|2010-11-15|WAS|PHI
nflverse,football,NFL,2010-11-18,MIA,CHI,0.0,16.0,-143.0,,129.0,True,True,False,True,football|NFL|2010-11-18|MIA|CHI
nflverse,football,NFL,2010-11-21,CAR,BAL,13.0,37.0,671.0,,-850.0,True,True,False,True,football|NFL|2010-11-21|CAR|BAL
nflverse,football,NFL,2010-11-21,CIN,BUF,31.0,49.0,-210.0,,188.0,True,True,False,True,football|NFL|2010-11-21|CIN|BUF
nflverse,football,NFL,2010-11-21,DAL,DET,35.0,19.0,-237.0,,211.0,True,True,False,True,football|NFL|2010-11-21|DAL|DET
nflverse,football,NFL,2010-11-21,JAX,CLE,24.0,20.0,-134.0,,121.0,True,True,False,True,football|NFL|2010-11-21|JAX|CLE
nflverse,football,NFL,2010-11-21,KC,ARI,31.0,13.0,-303.0,,267.0,True,True,False,True,football|NFL|2010-11-21|KC|ARI
nflverse,football,NFL,2010-11-21,MIN,GB,3.0,31.0,133.0,,-147.0,True,True,False,True,football|NFL|2010-11-21|MIN|GB
nflverse,football,NFL,2010-11-21,NYJ,HOU,30.0,27.0,-275.0,,244.0,True,True,False,True,football|NFL|2010-11-21|NYJ|HOU
nflverse,football,NFL,2010-11-21,PIT,OAK,35.0,3.0,-290.0,,256.0,True,True,False,True,football|NFL|2010-11-21|PIT|OAK
nflverse,football,NFL,2010-11-21,TEN,WAS,16.0,19.0,-310.0,,273.0,True,True,False,True,football|NFL|2010-11-21|TEN|WAS
nflverse,football,NFL,2010-11-21,NO,SEA,34.0,19.0,-510.0,,431.0,True,True,False,True,football|NFL|2010-11-21|NO|SEA
nflverse,football,NFL,2010-11-21,SF,TB,0.0,21.0,-199.0,,179.0,True,True,False,True,football|NFL|2010-11-21|SF|TB
nflverse,football,NFL,2010-11-21,STL,ATL,17.0,34.0,162.0,,-180.0,True,True,False,True,football|NFL|2010-11-21|STL|ATL
nflverse,football,NFL,2010-11-21,NE,IND,31.0,28.0,-198.0,,178.0,True,True,False,True,football|NFL|2010-11-21|NE|IND
nflverse,football,NFL,2010-11-21,PHI,NYG,27.0,17.0,-181.0,,163.0,True,True,False,True,football|NFL|2010-11-21|PHI|NYG
nflverse,football,NFL,2010-11-22,SD,DEN,35.0,14.0,-390.0,,338.0,True,True,False,True,football|NFL|2010-11-22|SD|DEN
nflverse,football,NFL,2010-11-25,DET,NE,24.0,45.0,244.0,,-275.0,True,True,False,True,football|NFL|2010-11-25|DET|NE
nflverse,football,NFL,2010-11-25,DAL,NO,27.0,30.0,185.0,,-206.0,True,True,False,True,football|NFL|2010-11-25|DAL|NO
nflverse,football,NFL,2010-11-25,NYJ,CIN,26.0,10.0,-450.0,,385.0,True,True,False,True,football|NFL|2010-11-25|NYJ|CIN
nflverse,football,NFL,2010-11-28,ATL,GB,20.0,17.0,-125.0,,113.0,True,True,False,True,football|NFL|2010-11-28|ATL|GB
nflverse,football,NFL,2010-11-28,BUF,PIT,16.0,19.0,249.0,,-282.0,True,True,False,True,football|NFL|2010-11-28|BUF|PIT
nflverse,football,NFL,2010-11-28,CLE,CAR,24.0,23.0,-360.0,,314.0,True,True,False,True,football|NFL|2010-11-28|CLE|CAR
nflverse,football,NFL,2010-11-28,HOU,TEN,20.0,0.0,-200.0,,180.0,True,True,False,True,football|NFL|2010-11-28|HOU|TEN
nflverse,football,NFL,2010-11-28,NYG,JAX,24.0,20.0,-315.0,,277.0,True,True,False,True,football|NFL|2010-11-28|NYG|JAX
nflverse,football,NFL,2010-11-28,WAS,MIN,13.0,17.0,115.0,,-127.0,True,True,False,True,football|NFL|2010-11-28|WAS|MIN
nflverse,football,NFL,2010-11-28,OAK,MIA,17.0,33.0,-140.0,,127.0,True,True,False,True,football|NFL|2010-11-28|OAK|MIA
nflverse,football,NFL,2010-11-28,SEA,KC,24.0,42.0,108.0,,-119.0,True,True,False,True,football|NFL|2010-11-28|SEA|KC
nflverse,football,NFL,2010-11-28,BAL,TB,17.0,10.0,-334.0,,292.0,True,True,False,True,football|NFL|2010-11-28|BAL|TB
nflverse,football,NFL,2010-11-28,CHI,PHI,31.0,26.0,144.0,,-160.0,True,True,False,True,football|NFL|2010-11-28|CHI|PHI
nflverse,football,NFL,2010-11-28,DEN,STL,33.0,36.0,-180.0,,162.0,True,True,False,True,football|NFL|2010-11-28|DEN|STL
nflverse,football,NFL,2010-11-28,IND,SD,14.0,36.0,-131.0,,119.0,True,True,False,True,football|NFL|2010-11-28|IND|SD
nflverse,football,NFL,2010-11-29,ARI,SF,6.0,27.0,113.0,,-125.0,True,True,False,True,football|NFL|2010-11-29|ARI|SF
nflverse,football,NFL,2010-12-02,PHI,HOU,34.0,24.0,-365.0,,318.0,True,True,False,True,football|NFL|2010-12-02|PHI|HOU
nflverse,football,NFL,2010-12-05,CIN,NO,30.0,34.0,239.0,,-270.0,True,True,False,True,football|NFL|2010-12-05|CIN|NO
nflverse,football,NFL,2010-12-05,DET,CHI,20.0,24.0,201.0,,-225.0,True,True,False,True,football|NFL|2010-12-05|DET|CHI
nflverse,football,NFL,2010-12-05,GB,SF,34.0,16.0,-420.0,,361.0,True,True,False,True,football|NFL|2010-12-05|GB|SF
nflverse,football,NFL,2010-12-05,KC,DEN,10.0,6.0,-360.0,,314.0,True,True,False,True,football|NFL|2010-12-05|KC|DEN
nflverse,football,NFL,2010-12-05,MIA,CLE,10.0,13.0,-240.0,,214.0,True,True,False,True,football|NFL|2010-12-05|MIA|CLE
nflverse,football,NFL,2010-12-05,MIN,BUF,38.0,14.0,-230.0,,205.0,True,True,False,True,football|NFL|2010-12-05|MIN|BUF
nflverse,football,NFL,2010-12-05,NYG,WAS,31.0,7.0,-355.0,,310.0,True,True,False,True,football|NFL|2010-12-05|NYG|WAS
nflverse,football,NFL,2010-12-05,TEN,JAX,6.0,17.0,-173.0,,156.0,True,True,False,True,football|NFL|2010-12-05|TEN|JAX
nflverse,football,NFL,2010-12-05,SD,OAK,13.0,28.0,-650.0,,525.0,True,True,False,True,football|NFL|2010-12-05|SD|OAK
nflverse,football,NFL,2010-12-05,ARI,STL,6.0,19.0,152.0,,-169.0,True,True,False,True,football|NFL|2010-12-05|ARI|STL
nflverse,football,NFL,2010-12-05,IND,DAL,35.0,38.0,-235.0,,210.0,True,True,False,True,football|NFL|2010-12-05|IND|DAL
nflverse,football,NFL,2010-12-05,SEA,CAR,31.0,14.0,-225.0,,201.0,True,True,False,True,football|NFL|2010-12-05|SEA|CAR
nflverse,football,NFL,2010-12-05,TB,ATL,24.0,28.0,139.0,,-154.0,True,True,False,True,football|NFL|2010-12-05|TB|ATL
nflverse,football,NFL,2010-12-05,BAL,PIT,10.0,13.0,-180.0,,162.0,True,True,False,True,football|NFL|2010-12-05|BAL|PIT
nflverse,football,NFL,2010-12-06,NE,NYJ,45.0,3.0,-201.0,,180.0,True,True,False,True,football|NFL|2010-12-06|NE|NYJ
nflverse,football,NFL,2010-12-09,TEN,IND,28.0,30.0,161.0,,-179.0,True,True,False,True,football|NFL|2010-12-09|TEN|IND
nflverse,football,NFL,2010-12-12,BUF,CLE,13.0,6.0,-113.0,,102.0,True,True,False,True,football|NFL|2010-12-12|BUF|CLE
nflverse,football,NFL,2010-12-12,CAR,ATL,10.0,31.0,264.0,,-300.0,True,True,False,True,football|NFL|2010-12-12|CAR|ATL
nflverse,football,NFL,2010-12-12,DET,GB,7.0,3.0,281.0,,-320.0,True,True,False,True,football|NFL|2010-12-12|DET|GB
nflverse,football,NFL,2010-12-12,JAX,OAK,38.0,31.0,-190.0,,171.0,True,True,False,True,football|NFL|2010-12-12|JAX|OAK
nflverse,football,NFL,2010-12-12,PIT,CIN,23.0,7.0,-370.0,,322.0,True,True,False,True,football|NFL|2010-12-12|PIT|CIN
nflverse,football,NFL,2010-12-12,WAS,TB,16.0,17.0,106.0,,-117.0,True,True,False,True,football|NFL|2010-12-12|WAS|TB
nflverse,football,NFL,2010-12-12,NO,STL,31.0,13.0,-425.0,,365.0,True,True,False,True,football|NFL|2010-12-12|NO|STL
nflverse,football,NFL,2010-12-12,SF,SEA,40.0,21.0,-203.0,,182.0,True,True,False,True,football|NFL|2010-12-12|SF|SEA
nflverse,football,NFL,2010-12-12,ARI,DEN,43.0,13.0,171.0,,-190.0,True,True,False,True,football|NFL|2010-12-12|ARI|DEN
nflverse,football,NFL,2010-12-12,CHI,NE,7.0,36.0,131.0,,-145.0,True,True,False,True,football|NFL|2010-12-12|CHI|NE
nflverse,football,NFL,2010-12-12,NYJ,MIA,6.0,10.0,-220.0,,197.0,True,True,False,True,football|NFL|2010-12-12|NYJ|MIA
nflverse,football,NFL,2010-12-12,SD,KC,31.0,0.0,-510.0,,431.0,True,True,False,True,football|NFL|2010-12-12|SD|KC
nflverse,football,NFL,2010-12-12,DAL,PHI,27.0,30.0,187.0,,-209.0,True,True,False,True,football|NFL|2010-12-12|DAL|PHI
nflverse,football,NFL,2010-12-13,MIN,NYG,3.0,21.0,205.0,,-230.0,True,True,False,True,football|NFL|2010-12-13|MIN|NYG
nflverse,football,NFL,2010-12-13,HOU,BAL,28.0,34.0,131.0,,-145.0,True,True,False,True,football|NFL|2010-12-13|HOU|BAL
nflverse,football,NFL,2010-12-16,SD,SF,34.0,7.0,-520.0,,439.0,True,True,False,True,football|NFL|2010-12-16|SD|SF
nflverse,football,NFL,2010-12-19,BAL,NO,30.0,24.0,-125.0,,113.0,True,True,False,True,football|NFL|2010-12-19|BAL|NO
nflverse,football,NFL,2010-12-19,CAR,ARI,19.0,12.0,-128.0,,116.0,True,True,False,True,football|NFL|2010-12-19|CAR|ARI
nflverse,football,NFL,2010-12-19,CIN,CLE,19.0,17.0,-104.0,,-106.0,True,True,False,True,football|NFL|2010-12-19|CIN|CLE
nflverse,football,NFL,2010-12-19,DAL,WAS,33.0,30.0,-450.0,,385.0,True,True,False,True,football|NFL|2010-12-19|DAL|WAS
nflverse,football,NFL,2010-12-19,IND,JAX,34.0,24.0,-218.0,,195.0,True,True,False,True,football|NFL|2010-12-19|IND|JAX
nflverse,football,NFL,2010-12-19,MIA,BUF,14.0,17.0,-235.0,,210.0,True,True,False,True,football|NFL|2010-12-19|MIA|BUF
nflverse,football,NFL,2010-12-19,NYG,PHI,31.0,38.0,-155.0,,140.0,True,True,False,True,football|NFL|2010-12-19|NYG|PHI
nflverse,football,NFL,2010-12-19,STL,KC,13.0,27.0,-138.0,,125.0,True,True,False,True,football|NFL|2010-12-19|STL|KC
nflverse,football,NFL,2010-12-19,TB,DET,20.0,23.0,-197.0,,177.0,True,True,False,True,football|NFL|2010-12-19|TB|DET
nflverse,football,NFL,2010-12-19,TEN,HOU,31.0,17.0,-121.0,,110.0,True,True,False,True,football|NFL|2010-12-19|TEN|HOU
nflverse,football,NFL,2010-12-19,SEA,ATL,18.0,34.0,205.0,,-229.0,True,True,False,True,football|NFL|2010-12-19|SEA|ATL
nflverse,football,NFL,2010-12-19,OAK,DEN,39.0,23.0,-345.0,,301.0,True,True,False,True,football|NFL|2010-12-19|OAK|DEN
nflverse,football,NFL,2010-12-19,PIT,NYJ,17.0,22.0,-194.0,,174.0,True,True,False,True,football|NFL|2010-12-19|PIT|NYJ
nflverse,football,NFL,2010-12-19,NE,GB,31.0,27.0,-950.0,,736.0,True,True,False,True,football|NFL|2010-12-19|NE|GB
nflverse,football,NFL,2010-12-20,MIN,CHI,14.0,40.0,201.0,,-225.0,True,True,False,True,football|NFL|2010-12-20|MIN|CHI
nflverse,football,NFL,2010-12-23,PIT,CAR,27.0,3.0,-1150.0,,850.0,True,True,False,True,football|NFL|2010-12-23|PIT|CAR
nflverse,football,NFL,2010-12-25,ARI,DAL,27.0,26.0,269.0,,-305.0,True,True,False,True,football|NFL|2010-12-25|ARI|DAL
nflverse,football,NFL,2010-12-26,BUF,NE,3.0,34.0,264.0,,-300.0,True,True,False,True,football|NFL|2010-12-26|BUF|NE
nflverse,football,NFL,2010-12-26,CHI,NYJ,38.0,34.0,-140.0,,127.0,True,True,False,True,football|NFL|2010-12-26|CHI|NYJ
nflverse,football,NFL,2010-12-26,CLE,BAL,10.0,20.0,171.0,,-190.0,True,True,False,True,football|NFL|2010-12-26|CLE|BAL
nflverse,football,NFL,2010-12-26,JAX,WAS,17.0,20.0,-305.0,,269.0,True,True,False,True,football|NFL|2010-12-26|JAX|WAS
nflverse,football,NFL,2010-12-26,KC,TEN,34.0,14.0,-190.0,,171.0,True,True,False,True,football|NFL|2010-12-26|KC|TEN
nflverse,football,NFL,2010-12-26,MIA,DET,27.0,34.0,-186.0,,167.0,True,True,False,True,football|NFL|2010-12-26|MIA|DET
nflverse,football,NFL,2010-12-26,STL,SF,25.0,17.0,-134.0,,121.0,True,True,False,True,football|NFL|2010-12-26|STL|SF
nflverse,football,NFL,2010-12-26,CIN,SD,34.0,20.0,305.0,,-350.0,True,True,False,True,football|NFL|2010-12-26|CIN|SD
nflverse,football,NFL,2010-12-26,DEN,HOU,24.0,23.0,110.0,,-121.0,True,True,False,True,football|NFL|2010-12-26|DEN|HOU
nflverse,football,NFL,2010-12-26,OAK,IND,26.0,31.0,112.0,,-124.0,True,True,False,True,football|NFL|2010-12-26|OAK|IND
nflverse,football,NFL,2010-12-26,GB,NYG,45.0,17.0,-154.0,,139.0,True,True,False,True,football|NFL|2010-12-26|GB|NYG
nflverse,football,NFL,2010-12-26,TB,SEA,38.0,15.0,-230.0,,205.0,True,True,False,True,football|NFL|2010-12-26|TB|SEA
nflverse,football,NFL,2010-12-27,ATL,NO,14.0,17.0,-129.0,,117.0,True,True,False,True,football|NFL|2010-12-27|ATL|NO
nflverse,football,NFL,2010-12-28,PHI,MIN,14.0,24.0,-1000.0,,760.0,True,True,False,True,football|NFL|2010-12-28|PHI|MIN
nflverse,football,NFL,2011-01-02,ATL,CAR,31.0,10.0,-940.0,,730.0,True,True,False,True,football|NFL|2011-01-02|ATL|CAR
nflverse,football,NFL,2011-01-02,BAL,CIN,13.0,7.0,-430.0,,369.0,True,True,False,True,football|NFL|2011-01-02|BAL|CIN
nflverse,football,NFL,2011-01-02,CLE,PIT,9.0,41.0,222.0,,-250.0,True,True,False,True,football|NFL|2011-01-02|CLE|PIT
nflverse,football,NFL,2011-01-02,DET,MIN,20.0,13.0,-190.0,,171.0,True,True,False,True,football|NFL|2011-01-02|DET|MIN
nflverse,football,NFL,2011-01-02,KC,OAK,10.0,31.0,-210.0,,188.0,True,True,False,True,football|NFL|2011-01-02|KC|OAK
nflverse,football,NFL,2011-01-02,NE,MIA,38.0,7.0,-205.0,,184.0,True,True,False,True,football|NFL|2011-01-02|NE|MIA
nflverse,football,NFL,2011-01-02,NO,TB,13.0,23.0,-280.0,,248.0,True,True,False,True,football|NFL|2011-01-02|NO|TB
nflverse,football,NFL,2011-01-02,NYJ,BUF,38.0,7.0,-125.0,,113.0,True,True,False,True,football|NFL|2011-01-02|NYJ|BUF
nflverse,football,NFL,2011-01-02,DEN,SD,28.0,33.0,200.0,,-224.0,True,True,False,True,football|NFL|2011-01-02|DEN|SD
nflverse,football,NFL,2011-01-02,GB,CHI,10.0,3.0,-700.0,,569.0,True,True,False,True,football|NFL|2011-01-02|GB|CHI
nflverse,football,NFL,2011-01-02,HOU,JAX,34.0,17.0,-208.0,,186.0,True,True,False,True,football|NFL|2011-01-02|HOU|JAX
nflverse,football,NFL,2011-01-02,IND,TEN,23.0,20.0,-434.0,,372.0,True,True,False,True,football|NFL|2011-01-02|IND|TEN
nflverse,football,NFL,2011-01-02,PHI,DAL,13.0,14.0,117.0,,-129.0,True,True,False,True,football|NFL|2011-01-02|PHI|DAL
nflverse,football,NFL,2011-01-02,SF,ARI,38.0,7.0,-230.0,,205.0,True,True,False,True,football|NFL|2011-01-02|SF|ARI
nflverse,football,NFL,2011-01-02,WAS,NYG,14.0,17.0,186.0,,-208.0,True,True,False,True,football|NFL|2011-01-02|WAS|NYG
nflverse,football,NFL,2011-01-02,SEA,STL,16.0,6.0,148.0,,-164.0,True,True,False,True,football|NFL|2011-01-02|SEA|STL
nflverse,football,NFL,2011-01-08,SEA,NO,41.0,36.0,423.0,,-500.0,True,True,False,True,football|NFL|2011-01-08|SEA|NO
nflverse,football,NFL,2011-01-08,IND,NYJ,16.0,17.0,-130.0,,118.0,True,True,False,True,football|NFL|2011-01-08|IND|NYJ
nflverse,football,NFL,2011-01-09,KC,BAL,7.0,30.0,139.0,,-154.0,True,True,False,True,football|NFL|2011-01-09|KC|BAL
nflverse,football,NFL,2011-01-09,PHI,GB,16.0,21.0,-116.0,,105.0,True,True,False,True,football|NFL|2011-01-09|PHI|GB
nflverse,football,NFL,2011-01-15,PIT,BAL,31.0,24.0,-184.0,,166.0,True,True,False,True,football|NFL|2011-01-15|PIT|BAL
nflverse,football,NFL,2011-01-15,ATL,GB,21.0,48.0,-114.0,,103.0,True,True,False,True,football|NFL|2011-01-15|ATL|GB
nflverse,football,NFL,2011-01-16,CHI,SEA,35.0,24.0,-460.0,,393.0,True,True,False,True,football|NFL|2011-01-16|CHI|SEA
nflverse,football,NFL,2011-01-16,NE,NYJ,21.0,28.0,-365.0,,318.0,True,True,False,True,football|NFL|2011-01-16|NE|NYJ
nflverse,football,NFL,2011-01-23,CHI,GB,14.0,21.0,167.0,,-186.0,True,True,False,True,football|NFL|2011-01-23|CHI|GB
nflverse,football,NFL,2011-01-23,PIT,NYJ,24.0,19.0,-202.0,,181.0,True,True,False,True,football|NFL|2011-01-23|PIT|NYJ
nflverse,football,NFL,2011-02-06,GB,PIT,31.0,25.0,-147.0,,136.0,True,True,False,True,football|NFL|2011-02-06|GB|PIT
nflverse,football,NFL,2011-09-08,GB,NO,42.0,34.0,-250.0,,222.0,True,True,False,True,football|NFL|2011-09-08|GB|NO
nflverse,football,NFL,2011-09-11,BAL,PIT,35.0,7.0,-125.0,,113.0,True,True,False,True,football|NFL|2011-09-11|BAL|PIT
nflverse,football,NFL,2011-09-11,CHI,ATL,30.0,12.0,105.0,,-116.0,True,True,False,True,football|NFL|2011-09-11|CHI|ATL
nflverse,football,NFL,2011-09-11,CLE,CIN,17.0,27.0,-310.0,,273.0,True,True,False,True,football|NFL|2011-09-11|CLE|CIN
nflverse,football,NFL,2011-09-11,HOU,IND,34.0,7.0,-430.0,,369.0,True,True,False,True,football|NFL|2011-09-11|HOU|IND
nflverse,football,NFL,2011-09-11,JAX,TEN,16.0,14.0,-102.0,,-108.0,True,True,False,True,football|NFL|2011-09-11|JAX|TEN
nflverse,football,NFL,2011-09-11,KC,BUF,7.0,41.0,-192.0,,173.0,True,True,False,True,football|NFL|2011-09-11|KC|BUF
nflverse,football,NFL,2011-09-11,STL,PHI,13.0,31.0,180.0,,-200.0,True,True,False,True,football|NFL|2011-09-11|STL|PHI
nflverse,football,NFL,2011-09-11,TB,DET,20.0,27.0,-125.0,,113.0,True,True,False,True,football|NFL|2011-09-11|TB|DET
nflverse,football,NFL,2011-09-11,ARI,CAR,28.0,21.0,-302.0,,266.0,True,True,False,True,football|NFL|2011-09-11|ARI|CAR
nflverse,football,NFL,2011-09-11,SD,MIN,24.0,17.0,-453.0,,387.0,True,True,False,True,football|NFL|2011-09-11|SD|MIN
nflverse,football,NFL,2011-09-11,SF,SEA,33.0,17.0,-239.0,,213.0,True,True,False,True,football|NFL|2011-09-11|SF|SEA
nflverse,football,NFL,2011-09-11,WAS,NYG,28.0,14.0,101.0,,-111.0,True,True,False,True,football|NFL|2011-09-11|WAS|NYG
nflverse,football,NFL,2011-09-11,NYJ,DAL,27.0,24.0,-270.0,,239.0,True,True,False,True,football|NFL|2011-09-11|NYJ|DAL
nflverse,football,NFL,2011-09-12,MIA,NE,24.0,38.0,289.0,,-330.0,True,True,False,True,football|NFL|2011-09-12|MIA|NE
nflverse,football,NFL,2011-09-12,DEN,OAK,20.0,23.0,-170.0,,153.0,True,True,False,True,football|NFL|2011-09-12|DEN|OAK
nflverse,football,NFL,2011-09-18,BUF,OAK,38.0,35.0,-190.0,,171.0,True,True,False,True,football|NFL|2011-09-18|BUF|OAK
nflverse,football,NFL,2011-09-18,CAR,GB,23.0,30.0,453.0,,-539.0,True,True,False,True,football|NFL|2011-09-18|CAR|GB
nflverse,football,NFL,2011-09-18,DET,KC,48.0,3.0,-325.0,,285.0,True,True,False,True,football|NFL|2011-09-18|DET|KC
nflverse,football,NFL,2011-09-18,IND,CLE,19.0,27.0,109.0,,-120.0,True,True,False,True,football|NFL|2011-09-18|IND|CLE
nflverse,football,NFL,2011-09-18,MIN,TB,20.0,24.0,-112.0,,102.0,True,True,False,True,football|NFL|2011-09-18|MIN|TB
nflverse,football,NFL,2011-09-18,NO,CHI,30.0,13.0,-228.0,,204.0,True,True,False,True,football|NFL|2011-09-18|NO|CHI
nflverse,football,NFL,2011-09-18,NYJ,JAX,32.0,3.0,-380.0,,330.0,True,True,False,True,football|NFL|2011-09-18|NYJ|JAX
nflverse,football,NFL,2011-09-18,PIT,SEA,24.0,0.0,-750.0,,604.0,True,True,False,True,football|NFL|2011-09-18|PIT|SEA
nflverse,football,NFL,2011-09-18,TEN,BAL,26.0,13.0,216.0,,-242.0,True,True,False,True,football|NFL|2011-09-18|TEN|BAL
nflverse,football,NFL,2011-09-18,WAS,ARI,22.0,21.0,-215.0,,193.0,True,True,False,True,football|NFL|2011-09-18|WAS|ARI
nflverse,football,NFL,2011-09-18,SF,DAL,24.0,27.0,151.0,,-167.0,True,True,False,True,football|NFL|2011-09-18|SF|DAL
nflverse,football,NFL,2011-09-18,DEN,CIN,24.0,22.0,-170.0,,153.0,True,True,False,True,football|NFL|2011-09-18|DEN|CIN
nflverse,football,NFL,2011-09-18,MIA,HOU,13.0,23.0,137.0,,-151.0,True,True,False,True,football|NFL|2011-09-18|MIA|HOU
nflverse,football,NFL,2011-09-18,NE,SD,35.0,21.0,-275.0,,244.0,True,True,False,True,football|NFL|2011-09-18|NE|SD
nflverse,football,NFL,2011-09-18,ATL,PHI,35.0,31.0,120.0,,-133.0,True,True,False,True,football|NFL|2011-09-18|ATL|PHI
nflverse,football,NFL,2011-09-19,NYG,STL,28.0,16.0,-310.0,,273.0,True,True,False,True,football|NFL|2011-09-19|NYG|STL
nflverse,football,NFL,2011-09-25,BUF,NE,34.0,31.0,273.0,,-310.0,True,True,False,True,football|NFL|2011-09-25|BUF|NE
nflverse,football,NFL,2011-09-25,CAR,JAX,16.0,10.0,-170.0,,153.0,True,True,False,True,football|NFL|2011-09-25|CAR|JAX
nflverse,football,NFL,2011-09-25,CIN,SF,8.0,13.0,-113.0,,102.0,True,True,False,True,football|NFL|2011-09-25|CIN|SF
nflverse,football,NFL,2011-09-25,CLE,MIA,17.0,16.0,113.0,,-125.0,True,True,False,True,football|NFL|2011-09-25|CLE|MIA
nflverse,football,NFL,2011-09-25,MIN,DET,23.0,26.0,144.0,,-160.0,True,True,False,True,football|NFL|2011-09-25|MIN|DET
nflverse,football,NFL,2011-09-25,NO,HOU,40.0,33.0,-174.0,,157.0,True,True,False,True,football|NFL|2011-09-25|NO|HOU
nflverse,football,NFL,2011-09-25,PHI,NYG,16.0,29.0,-389.0,,337.0,True,True,False,True,football|NFL|2011-09-25|PHI|NYG
nflverse,football,NFL,2011-09-25,TEN,DEN,17.0,14.0,-310.0,,273.0,True,True,False,True,football|NFL|2011-09-25|TEN|DEN
nflverse,football,NFL,2011-09-25,OAK,NYJ,34.0,24.0,120.0,,-133.0,True,True,False,True,football|NFL|2011-09-25|OAK|NYJ
nflverse,football,NFL,2011-09-25,SD,KC,20.0,17.0,-1035.0,,780.0,True,True,False,True,football|NFL|2011-09-25|SD|KC
nflverse,football,NFL,2011-09-25,STL,BAL,7.0,37.0,214.0,,-240.0,True,True,False,True,football|NFL|2011-09-25|STL|BAL
nflverse,football,NFL,2011-09-25,CHI,GB,17.0,27.0,188.0,,-210.0,True,True,False,True,football|NFL|2011-09-25|CHI|GB
nflverse,football,NFL,2011-09-25,SEA,ARI,13.0,10.0,140.0,,-155.0,True,True,False,True,football|NFL|2011-09-25|SEA|ARI
nflverse,football,NFL,2011-09-25,TB,ATL,16.0,13.0,-113.0,,102.0,True,True,False,True,football|NFL|2011-09-25|TB|ATL
nflverse,football,NFL,2011-09-25,IND,PIT,20.0,23.0,487.0,,-585.0,True,True,False,True,football|NFL|2011-09-25|IND|PIT
nflverse,football,NFL,2011-09-26,DAL,WAS,18.0,16.0,-175.0,,158.0,True,True,False,True,football|NFL|2011-09-26|DAL|WAS
nflverse,football,NFL,2011-10-02,CHI,CAR,34.0,29.0,-300.0,,264.0,True,True,False,True,football|NFL|2011-10-02|CHI|CAR
nflverse,football,NFL,2011-10-02,CIN,BUF,23.0,20.0,134.0,,-148.0,True,True,False,True,football|NFL|2011-10-02|CIN|BUF
nflverse,football,NFL,2011-10-02,CLE,TEN,13.0,31.0,-130.0,,118.0,True,True,False,True,football|NFL|2011-10-02|CLE|TEN
nflverse,football,NFL,2011-10-02,DAL,DET,30.0,34.0,-133.0,,120.0,True,True,False,True,football|NFL|2011-10-02|DAL|DET
nflverse,football,NFL,2011-10-02,HOU,PIT,17.0,10.0,-200.0,,180.0,True,True,False,True,football|NFL|2011-10-02|HOU|PIT
nflverse,football,NFL,2011-10-02,JAX,NO,10.0,23.0,326.0,,-375.0,True,True,False,True,football|NFL|2011-10-02|JAX|NO
nflverse,football,NFL,2011-10-02,KC,MIN,22.0,17.0,136.0,,-150.0,True,True,False,True,football|NFL|2011-10-02|KC|MIN
nflverse,football,NFL,2011-10-02,PHI,SF,23.0,24.0,-500.0,,423.0,True,True,False,True,football|NFL|2011-10-02|PHI|SF
nflverse,football,NFL,2011-10-02,STL,WAS,10.0,17.0,131.0,,-145.0,True,True,False,True,football|NFL|2011-10-02|STL|WAS
nflverse,football,NFL,2011-10-02,ARI,NYG,27.0,31.0,-103.0,,-107.0,True,True,False,True,football|NFL|2011-10-02|ARI|NYG
nflverse,football,NFL,2011-10-02,SEA,ATL,28.0,30.0,232.0,,-261.0,True,True,False,True,football|NFL|2011-10-02|SEA|ATL
nflverse,football,NFL,2011-10-02,GB,DEN,49.0,23.0,-605.0,,502.0,True,True,False,True,football|NFL|2011-10-02|GB|DEN
nflverse,football,NFL,2011-10-02,OAK,NE,19.0,31.0,231.0,,-260.0,True,True,False,True,football|NFL|2011-10-02|OAK|NE
nflverse,football,NFL,2011-10-02,SD,MIA,26.0,16.0,-305.0,,269.0,True,True,False,True,football|NFL|2011-10-02|SD|MIA
nflverse,football,NFL,2011-10-02,BAL,NYJ,34.0,17.0,-239.0,,213.0,True,True,False,True,football|NFL|2011-10-02|BAL|NYJ
nflverse,football,NFL,2011-10-03,TB,IND,24.0,17.0,-500.0,,423.0,True,True,False,True,football|NFL|2011-10-03|TB|IND
nflverse,football,NFL,2011-10-09,BUF,PHI,31.0,24.0,143.0,,-158.0,True,True,False,True,football|NFL|2011-10-09|BUF|PHI
nflverse,football,NFL,2011-10-09,CAR,NO,27.0,30.0,252.0,,-285.0,True,True,False,True,football|NFL|2011-10-09|CAR|NO
nflverse,football,NFL,2011-10-09,HOU,OAK,20.0,25.0,-220.0,,197.0,True,True,False,True,football|NFL|2011-10-09|HOU|OAK
nflverse,football,NFL,2011-10-09,IND,KC,24.0,28.0,-115.0,,104.0,True,True,False,True,football|NFL|2011-10-09|IND|KC
nflverse,football,NFL,2011-10-09,JAX,CIN,20.0,30.0,123.0,,-136.0,True,True,False,True,football|NFL|2011-10-09|JAX|CIN
nflverse,football,NFL,2011-10-09,MIN,ARI,34.0,10.0,-190.0,,171.0,True,True,False,True,football|NFL|2011-10-09|MIN|ARI
nflverse,football,NFL,2011-10-09,NYG,SEA,25.0,36.0,-450.0,,385.0,True,True,False,True,football|NFL|2011-10-09|NYG|SEA
nflverse,football,NFL,2011-10-09,PIT,TEN,38.0,17.0,-173.0,,156.0,True,True,False,True,football|NFL|2011-10-09|PIT|TEN
nflverse,football,NFL,2011-10-09,SF,TB,48.0,3.0,-140.0,,127.0,True,True,False,True,football|NFL|2011-10-09|SF|TB
nflverse,football,NFL,2011-10-09,DEN,SD,24.0,29.0,171.0,,-190.0,True,True,False,True,football|NFL|2011-10-09|DEN|SD
nflverse,football,NFL,2011-10-09,NE,NYJ,30.0,21.0,-360.0,,314.0,True,True,False,True,football|NFL|2011-10-09|NE|NYJ
nflverse,football,NFL,2011-10-09,ATL,GB,14.0,25.0,221.0,,-248.0,True,True,False,True,football|NFL|2011-10-09|ATL|GB
nflverse,football,NFL,2011-10-10,DET,CHI,24.0,13.0,-280.0,,248.0,True,True,False,True,football|NFL|2011-10-10|DET|CHI
nflverse,football,NFL,2011-10-16,ATL,CAR,31.0,17.0,-190.0,,171.0,True,True,False,True,football|NFL|2011-10-16|ATL|CAR
nflverse,football,NFL,2011-10-16,CIN,IND,27.0,17.0,-230.0,,205.0,True,True,False,True,football|NFL|2011-10-16|CIN|IND
nflverse,football,NFL,2011-10-16,DET,SF,19.0,25.0,-227.0,,203.0,True,True,False,True,football|NFL|2011-10-16|DET|SF
nflverse,football,NFL,2011-10-16,GB,STL,24.0,3.0,-973.0,,750.0,True,True,False,True,football|NFL|2011-10-16|GB|STL
nflverse,football,NFL,2011-10-16,NYG,BUF,27.0,24.0,-185.0,,166.0,True,True,False,True,football|NFL|2011-10-16|NYG|BUF
nflverse,football,NFL,2011-10-16,PIT,JAX,17.0,13.0,-606.0,,502.0,True,True,False,True,football|NFL|2011-10-16|PIT|JAX
nflverse,football,NFL,2011-10-16,WAS,PHI,13.0,20.0,133.0,,-147.0,True,True,False,True,football|NFL|2011-10-16|WAS|PHI
nflverse,football,NFL,2011-10-16,BAL,HOU,29.0,14.0,-311.0,,274.0,True,True,False,True,football|NFL|2011-10-16|BAL|HOU
nflverse,football,NFL,2011-10-16,OAK,CLE,24.0,17.0,-290.0,,256.0,True,True,False,True,football|NFL|2011-10-16|OAK|CLE
nflverse,football,NFL,2011-10-16,NE,DAL,20.0,16.0,-290.0,,256.0,True,True,False,True,football|NFL|2011-10-16|NE|DAL
nflverse,football,NFL,2011-10-16,TB,NO,26.0,20.0,228.0,,-257.0,True,True,False,True,football|NFL|2011-10-16|TB|NO
nflverse,football,NFL,2011-10-16,CHI,MIN,39.0,10.0,-128.0,,116.0,True,True,False,True,football|NFL|2011-10-16|CHI|MIN
nflverse,football,NFL,2011-10-17,NYJ,MIA,24.0,6.0,-372.0,,323.0,True,True,False,True,football|NFL|2011-10-17|NYJ|MIA
nflverse,football,NFL,2011-10-23,CAR,WAS,33.0,20.0,-133.0,,120.0,True,True,False,True,football|NFL|2011-10-23|CAR|WAS
nflverse,football,NFL,2011-10-23,CLE,SEA,6.0,3.0,-190.0,,171.0,True,True,False,True,football|NFL|2011-10-23|CLE|SEA
nflverse,football,NFL,2011-10-23,DET,ATL,16.0,23.0,-220.0,,197.0,True,True,False,True,football|NFL|2011-10-23|DET|ATL
nflverse,football,NFL,2011-10-23,MIA,DEN,15.0,18.0,-104.0,,-106.0,True,True,False,True,football|NFL|2011-10-23|MIA|DEN
nflverse,football,NFL,2011-10-23,NYJ,SD,27.0,21.0,-105.0,,-105.0,True,True,False,True,football|NFL|2011-10-23|NYJ|SD
nflverse,football,NFL,2011-10-23,TB,CHI,18.0,24.0,111.0,,-122.0,True,True,False,True,football|NFL|2011-10-23|TB|CHI
nflverse,football,NFL,2011-10-23,TEN,HOU,7.0,41.0,-138.0,,125.0,True,True,False,True,football|NFL|2011-10-23|TEN|HOU
nflverse,football,NFL,2011-10-23,ARI,PIT,20.0,32.0,193.0,,-215.0,True,True,False,True,football|NFL|2011-10-23|ARI|PIT
nflverse,football,NFL,2011-10-23,OAK,KC,0.0,28.0,-180.0,,162.0,True,True,False,True,football|NFL|2011-10-23|OAK|KC
nflverse,football,NFL,2011-10-23,DAL,STL,34.0,7.0,-1000.0,,760.0,True,True,False,True,football|NFL|2011-10-23|DAL|STL
nflverse,football,NFL,2011-10-23,MIN,GB,27.0,33.0,456.0,,-543.0,True,True,False,True,football|NFL|2011-10-23|MIN|GB
nflverse,football,NFL,2011-10-23,NO,IND,62.0,7.0,-1000.0,,760.0,True,True,False,True,football|NFL|2011-10-23|NO|IND
nflverse,football,NFL,2011-10-24,JAX,BAL,12.0,7.0,442.0,,-525.0,True,True,False,True,football|NFL|2011-10-24|JAX|BAL
nflverse,football,NFL,2011-10-30,BAL,ARI,30.0,27.0,-796.0,,635.0,True,True,False,True,football|NFL|2011-10-30|BAL|ARI
nflverse,football,NFL,2011-10-30,CAR,MIN,21.0,24.0,-175.0,,158.0,True,True,False,True,football|NFL|2011-10-30|CAR|MIN
nflverse,football,NFL,2011-10-30,HOU,JAX,24.0,14.0,-440.0,,377.0,True,True,False,True,football|NFL|2011-10-30|HOU|JAX
nflverse,football,NFL,2011-10-30,NYG,MIA,20.0,17.0,-500.0,,423.0,True,True,False,True,football|NFL|2011-10-30|NYG|MIA
nflverse,football,NFL,2011-10-30,STL,NO,31.0,21.0,704.0,,-900.0,True,True,False,True,football|NFL|2011-10-30|STL|NO
nflverse,football,NFL,2011-10-30,TEN,IND,27.0,10.0,-389.0,,337.0,True,True,False,True,football|NFL|2011-10-30|TEN|IND
nflverse,football,NFL,2011-10-30,BUF,WAS,23.0,0.0,-210.0,,188.0,True,True,False,True,football|NFL|2011-10-30|BUF|WAS
nflverse,football,NFL,2011-10-30,DEN,DET,10.0,45.0,154.0,,-171.0,True,True,False,True,football|NFL|2011-10-30|DEN|DET
nflverse,football,NFL,2011-10-30,PIT,NE,25.0,17.0,152.0,,-169.0,True,True,False,True,football|NFL|2011-10-30|PIT|NE
nflverse,football,NFL,2011-10-30,SEA,CIN,12.0,34.0,103.0,,-114.0,True,True,False,True,football|NFL|2011-10-30|SEA|CIN
nflverse,football,NFL,2011-10-30,SF,CLE,20.0,10.0,-431.0,,370.0,True,True,False,True,football|NFL|2011-10-30|SF|CLE
nflverse,football,NFL,2011-10-30,PHI,DAL,34.0,7.0,-162.0,,146.0,True,True,False,True,football|NFL|2011-10-30|PHI|DAL
nflverse,football,NFL,2011-10-31,KC,SD,23.0,20.0,143.0,,-158.0,True,True,False,True,football|NFL|2011-10-31|KC|SD
nflverse,football,NFL,2011-11-06,BUF,NYJ,11.0,27.0,-130.0,,118.0,True,True,False,True,football|NFL|2011-11-06|BUF|NYJ
nflverse,football,NFL,2011-11-06,DAL,SEA,23.0,13.0,-545.0,,457.0,True,True,False,True,football|NFL|2011-11-06|DAL|SEA
nflverse,football,NFL,2011-11-06,HOU,CLE,30.0,12.0,-530.0,,446.0,True,True,False,True,football|NFL|2011-11-06|HOU|CLE
nflverse,football,NFL,2011-11-06,IND,ATL,7.0,31.0,264.0,,-300.0,True,True,False,True,football|NFL|2011-11-06|IND|ATL
nflverse,football,NFL,2011-11-06,KC,MIA,3.0,31.0,-230.0,,205.0,True,True,False,True,football|NFL|2011-11-06|KC|MIA
nflverse,football,NFL,2011-11-06,NO,TB,27.0,16.0,-455.0,,389.0,True,True,False,True,football|NFL|2011-11-06|NO|TB
nflverse,football,NFL,2011-11-06,WAS,SF,11.0,19.0,214.0,,-240.0,True,True,False,True,football|NFL|2011-11-06|WAS|SF
nflverse,football,NFL,2011-11-06,OAK,DEN,24.0,38.0,-335.0,,293.0,True,True,False,True,football|NFL|2011-11-06|OAK|DEN
nflverse,football,NFL,2011-11-06,TEN,CIN,17.0,24.0,-136.0,,123.0,True,True,False,True,football|NFL|2011-11-06|TEN|CIN
nflverse,football,NFL,2011-11-06,ARI,STL,19.0,13.0,-117.0,,106.0,True,True,False,True,football|NFL|2011-11-06|ARI|STL
nflverse,football,NFL,2011-11-06,NE,NYG,20.0,24.0,-510.0,,431.0,True,True,False,True,football|NFL|2011-11-06|NE|NYG
nflverse,football,NFL,2011-11-06,SD,GB,38.0,45.0,199.0,,-223.0,True,True,False,True,football|NFL|2011-11-06|SD|GB
nflverse,football,NFL,2011-11-06,PIT,BAL,20.0,23.0,-196.0,,176.0,True,True,False,True,football|NFL|2011-11-06|PIT|BAL
nflverse,football,NFL,2011-11-07,PHI,CHI,24.0,30.0,-355.0,,310.0,True,True,False,True,football|NFL|2011-11-07|PHI|CHI
nflverse,football,NFL,2011-11-10,SD,OAK,17.0,24.0,-330.0,,289.0,True,True,False,True,football|NFL|2011-11-10|SD|OAK
nflverse,football,NFL,2011-11-13,ATL,NO,23.0,26.0,-114.0,,103.0,True,True,False,True,football|NFL|2011-11-13|ATL|NO
nflverse,football,NFL,2011-11-13,CAR,TEN,3.0,30.0,-190.0,,171.0,True,True,False,True,football|NFL|2011-11-13|CAR|TEN
nflverse,football,NFL,2011-11-13,CIN,PIT,17.0,24.0,171.0,,-190.0,True,True,False,True,football|NFL|2011-11-13|CIN|PIT
nflverse,football,NFL,2011-11-13,CLE,STL,12.0,13.0,-132.0,,120.0,True,True,False,True,football|NFL|2011-11-13|CLE|STL
nflverse,football,NFL,2011-11-13,DAL,BUF,44.0,7.0,-222.0,,199.0,True,True,False,True,football|NFL|2011-11-13|DAL|BUF
nflverse,football,NFL,2011-11-13,IND,JAX,3.0,17.0,132.0,,-146.0,True,True,False,True,football|NFL|2011-11-13|IND|JAX
nflverse,football,NFL,2011-11-13,KC,DEN,10.0,17.0,-184.0,,166.0,True,True,False,True,football|NFL|2011-11-13|KC|DEN
nflverse,football,NFL,2011-11-13,MIA,WAS,20.0,9.0,-213.0,,191.0,True,True,False,True,football|NFL|2011-11-13|MIA|WAS
nflverse,football,NFL,2011-11-13,PHI,ARI,17.0,21.0,-700.0,,569.0,True,True,False,True,football|NFL|2011-11-13|PHI|ARI
nflverse,football,NFL,2011-11-13,TB,HOU,9.0,37.0,165.0,,-183.0,True,True,False,True,football|NFL|2011-11-13|TB|HOU
nflverse,football,NFL,2011-11-13,SEA,BAL,22.0,17.0,264.0,,-300.0,True,True,False,True,football|NFL|2011-11-13|SEA|BAL
nflverse,football,NFL,2011-11-13,CHI,DET,37.0,13.0,-135.0,,122.0,True,True,False,True,football|NFL|2011-11-13|CHI|DET
nflverse,football,NFL,2011-11-13,SF,NYG,27.0,20.0,-205.0,,184.0,True,True,False,True,football|NFL|2011-11-13|SF|NYG
nflverse,football,NFL,2011-11-13,NYJ,NE,16.0,37.0,-136.0,,123.0,True,True,False,True,football|NFL|2011-11-13|NYJ|NE
nflverse,football,NFL,2011-11-14,GB,MIN,45.0,7.0,-655.0,,538.0,True,True,False,True,football|NFL|2011-11-14|GB|MIN
nflverse,football,NFL,2011-11-17,DEN,NYJ,17.0,13.0,248.0,,-280.0,True,True,False,True,football|NFL|2011-11-17|DEN|NYJ
nflverse,football,NFL,2011-11-20,BAL,CIN,31.0,24.0,-315.0,,277.0,True,True,False,True,football|NFL|2011-11-20|BAL|CIN
nflverse,football,NFL,2011-11-20,CLE,JAX,14.0,10.0,-110.0,,100.0,True,True,False,True,football|NFL|2011-11-20|CLE|JAX
nflverse,football,NFL,2011-11-20,DET,CAR,49.0,35.0,-325.0,,285.0,True,True,False,True,football|NFL|2011-11-20|DET|CAR
nflverse,football,NFL,2011-11-20,GB,TB,35.0,26.0,-720.0,,583.0,True,True,False,True,football|NFL|2011-11-20|GB|TB
nflverse,football,NFL,2011-11-20,MIA,BUF,35.0,8.0,-156.0,,141.0,True,True,False,True,football|NFL|2011-11-20|MIA|BUF
nflverse,football,NFL,2011-11-20,MIN,OAK,21.0,27.0,-127.0,,115.0,True,True,False,True,football|NFL|2011-11-20|MIN|OAK
nflverse,football,NFL,2011-11-20,WAS,DAL,24.0,27.0,289.0,,-330.0,True,True,False,True,football|NFL|2011-11-20|WAS|DAL
nflverse,football,NFL,2011-11-20,SF,ARI,23.0,7.0,-525.0,,442.0,True,True,False,True,football|NFL|2011-11-20|SF|ARI
nflverse,football,NFL,2011-11-20,STL,SEA,7.0,24.0,-158.0,,143.0,True,True,False,True,football|NFL|2011-11-20|STL|SEA
nflverse,football,NFL,2011-11-20,ATL,TEN,23.0,17.0,-250.0,,222.0,True,True,False,True,football|NFL|2011-11-20|ATL|TEN
nflverse,football,NFL,2011-11-20,CHI,SD,31.0,20.0,-232.0,,207.0,True,True,False,True,football|NFL|2011-11-20|CHI|SD
nflverse,football,NFL,2011-11-20,NYG,PHI,10.0,17.0,-225.0,,201.0,True,True,False,True,football|NFL|2011-11-20|NYG|PHI
nflverse,football,NFL,2011-11-21,NE,KC,34.0,3.0,-1700.0,,1125.0,True,True,False,True,football|NFL|2011-11-21|NE|KC
nflverse,football,NFL,2011-11-24,DET,GB,15.0,27.0,171.0,,-190.0,True,True,False,True,football|NFL|2011-11-24|DET|GB
nflverse,football,NFL,2011-11-24,DAL,MIA,20.0,19.0,-300.0,,264.0,True,True,False,True,football|NFL|2011-11-24|DAL|MIA
nflverse,football,NFL,2011-11-24,BAL,SF,16.0,6.0,-176.0,,159.0,True,True,False,True,football|NFL|2011-11-24|BAL|SF
nflverse,football,NFL,2011-11-27,ATL,MIN,24.0,14.0,-490.0,,416.0,True,True,False,True,football|NFL|2011-11-27|ATL|MIN
nflverse,football,NFL,2011-11-27,CIN,CLE,23.0,20.0,-275.0,,244.0,True,True,False,True,football|NFL|2011-11-27|CIN|CLE
nflverse,football,NFL,2011-11-27,IND,CAR,19.0,27.0,160.0,,-178.0,True,True,False,True,football|NFL|2011-11-27|IND|CAR
nflverse,football,NFL,2011-11-27,JAX,HOU,13.0,20.0,235.0,,-265.0,True,True,False,True,football|NFL|2011-11-27|JAX|HOU
nflverse,football,NFL,2011-11-27,NYJ,BUF,28.0,24.0,-450.0,,385.0,True,True,False,True,football|NFL|2011-11-27|NYJ|BUF
nflverse,football,NFL,2011-11-27,STL,ARI,20.0,23.0,-140.0,,127.0,True,True,False,True,football|NFL|2011-11-27|STL|ARI
nflverse,football,NFL,2011-11-27,TEN,TB,23.0,17.0,-170.0,,153.0,True,True,False,True,football|NFL|2011-11-27|TEN|TB
nflverse,football,NFL,2011-11-27,OAK,CHI,25.0,20.0,-140.0,,127.0,True,True,False,True,football|NFL|2011-11-27|OAK|CHI
nflverse,football,NFL,2011-11-27,SEA,WAS,17.0,23.0,-140.0,,127.0,True,True,False,True,football|NFL|2011-11-27|SEA|WAS
nflverse,football,NFL,2011-11-27,PHI,NE,20.0,38.0,129.0,,-143.0,True,True,False,True,football|NFL|2011-11-27|PHI|NE
nflverse,football,NFL,2011-11-27,SD,DEN,13.0,16.0,-210.0,,188.0,True,True,False,True,football|NFL|2011-11-27|SD|DEN
nflverse,football,NFL,2011-11-27,KC,PIT,9.0,13.0,423.0,,-500.0,True,True,False,True,football|NFL|2011-11-27|KC|PIT
nflverse,football,NFL,2011-11-28,NO,NYG,49.0,24.0,-310.0,,273.0,True,True,False,True,football|NFL|2011-11-28|NO|NYG
nflverse,football,NFL,2011-12-01,SEA,PHI,31.0,14.0,142.0,,-157.0,True,True,False,True,football|NFL|2011-12-01|SEA|PHI
nflverse,football,NFL,2011-12-04,BUF,TEN,17.0,23.0,-107.0,,-103.0,True,True,False,True,football|NFL|2011-12-04|BUF|TEN
nflverse,football,NFL,2011-12-04,CHI,KC,3.0,10.0,-390.0,,338.0,True,True,False,True,football|NFL|2011-12-04|CHI|KC
nflverse,football,NFL,2011-12-04,HOU,ATL,17.0,10.0,108.0,,-119.0,True,True,False,True,football|NFL|2011-12-04|HOU|ATL
nflverse,football,NFL,2011-12-04,MIA,OAK,34.0,14.0,-168.0,,152.0,True,True,False,True,football|NFL|2011-12-04|MIA|OAK
nflverse,football,NFL,2011-12-04,MIN,DEN,32.0,35.0,-130.0,,118.0,True,True,False,True,football|NFL|2011-12-04|MIN|DEN
nflverse,football,NFL,2011-12-04,NE,IND,31.0,24.0,-2400.0,,1300.0,True,True,False,True,football|NFL|2011-12-04|NE|IND
nflverse,football,NFL,2011-12-04,PIT,CIN,35.0,7.0,-320.0,,281.0,True,True,False,True,football|NFL|2011-12-04|PIT|CIN
nflverse,football,NFL,2011-12-04,TB,CAR,19.0,38.0,122.0,,-135.0,True,True,False,True,football|NFL|2011-12-04|TB|CAR
nflverse,football,NFL,2011-12-04,WAS,NYJ,19.0,34.0,152.0,,-168.0,True,True,False,True,football|NFL|2011-12-04|WAS|NYJ
nflverse,football,NFL,2011-12-04,CLE,BAL,10.0,24.0,257.0,,-291.0,True,True,False,True,football|NFL|2011-12-04|CLE|BAL
nflverse,football,NFL,2011-12-04,ARI,DAL,19.0,13.0,180.0,,-200.0,True,True,False,True,football|NFL|2011-12-04|ARI|DAL
nflverse,football,NFL,2011-12-04,NYG,GB,35.0,38.0,260.0,,-295.0,True,True,False,True,football|NFL|2011-12-04|NYG|GB
nflverse,football,NFL,2011-12-04,SF,STL,26.0,0.0,-800.0,,638.0,True,True,False,True,football|NFL|2011-12-04|SF|STL
nflverse,football,NFL,2011-12-04,NO,DET,31.0,17.0,-345.0,,301.0,True,True,False,True,football|NFL|2011-12-04|NO|DET
nflverse,football,NFL,2011-12-05,JAX,SD,14.0,38.0,146.0,,-162.0,True,True,False,True,football|NFL|2011-12-05|JAX|SD
nflverse,football,NFL,2011-12-08,PIT,CLE,14.0,3.0,-1100.0,,816.0,True,True,False,True,football|NFL|2011-12-08|PIT|CLE
nflverse,football,NFL,2011-12-11,BAL,IND,24.0,10.0,-1350.0,,925.0,True,True,False,True,football|NFL|2011-12-11|BAL|IND
nflverse,football,NFL,2011-12-11,CAR,ATL,23.0,31.0,131.0,,-145.0,True,True,False,True,football|NFL|2011-12-11|CAR|ATL
nflverse,football,NFL,2011-12-11,CIN,HOU,19.0,20.0,-139.0,,126.0,True,True,False,True,football|NFL|2011-12-11|CIN|HOU
nflverse,football,NFL,2011-12-11,DET,MIN,34.0,28.0,-500.0,,423.0,True,True,False,True,football|NFL|2011-12-11|DET|MIN
nflverse,football,NFL,2011-12-11,JAX,TB,41.0,14.0,132.0,,-146.0,True,True,False,True,football|NFL|2011-12-11|JAX|TB
nflverse,football,NFL,2011-12-11,MIA,PHI,10.0,26.0,-130.0,,118.0,True,True,False,True,football|NFL|2011-12-11|MIA|PHI
nflverse,football,NFL,2011-12-11,NYJ,KC,37.0,10.0,-550.0,,461.0,True,True,False,True,football|NFL|2011-12-11|NYJ|KC
nflverse,football,NFL,2011-12-11,TEN,NO,17.0,22.0,158.0,,-175.0,True,True,False,True,football|NFL|2011-12-11|TEN|NO
nflverse,football,NFL,2011-12-11,WAS,NE,27.0,34.0,282.0,,-321.0,True,True,False,True,football|NFL|2011-12-11|WAS|NE
nflverse,football,NFL,2011-12-11,ARI,SF,21.0,19.0,149.0,,-165.0,True,True,False,True,football|NFL|2011-12-11|ARI|SF
nflverse,football,NFL,2011-12-11,DEN,CHI,13.0,10.0,-170.0,,153.0,True,True,False,True,football|NFL|2011-12-11|DEN|CHI
nflverse,football,NFL,2011-12-11,GB,OAK,46.0,16.0,-684.0,,558.0,True,True,False,True,football|NFL|2011-12-11|GB|OAK
nflverse,football,NFL,2011-12-11,SD,BUF,37.0,10.0,-309.0,,272.0,True,True,False,True,football|NFL|2011-12-11|SD|BUF
nflverse,football,NFL,2011-12-11,DAL,NYG,34.0,37.0,-214.0,,192.0,True,True,False,True,football|NFL|2011-12-11|DAL|NYG
nflverse,football,NFL,2011-12-12,SEA,STL,30.0,13.0,-370.0,,322.0,True,True,False,True,football|NFL|2011-12-12|SEA|STL
nflverse,football,NFL,2011-12-15,ATL,JAX,41.0,14.0,-960.0,,742.0,True,True,False,True,football|NFL|2011-12-15|ATL|JAX
nflverse,football,NFL,2011-12-17,TB,DAL,15.0,31.0,293.0,,-335.0,True,True,False,True,football|NFL|2011-12-17|TB|DAL
nflverse,football,NFL,2011-12-18,BUF,MIA,23.0,30.0,-103.0,,-107.0,True,True,False,True,football|NFL|2011-12-18|BUF|MIA
nflverse,football,NFL,2011-12-18,CHI,SEA,14.0,38.0,-195.0,,175.0,True,True,False,True,football|NFL|2011-12-18|CHI|SEA
nflverse,football,NFL,2011-12-18,HOU,CAR,13.0,28.0,-240.0,,214.0,True,True,False,True,football|NFL|2011-12-18|HOU|CAR
nflverse,football,NFL,2011-12-18,IND,TEN,27.0,13.0,252.0,,-285.0,True,True,False,True,football|NFL|2011-12-18|IND|TEN
nflverse,football,NFL,2011-12-18,KC,GB,19.0,14.0,483.0,,-579.0,True,True,False,True,football|NFL|2011-12-18|KC|GB
nflverse,football,NFL,2011-12-18,MIN,NO,20.0,42.0,281.0,,-320.0,True,True,False,True,football|NFL|2011-12-18|MIN|NO
nflverse,football,NFL,2011-12-18,NYG,WAS,10.0,23.0,-260.0,,231.0,True,True,False,True,football|NFL|2011-12-18|NYG|WAS
nflverse,football,NFL,2011-12-18,STL,CIN,13.0,20.0,264.0,,-300.0,True,True,False,True,football|NFL|2011-12-18|STL|CIN
nflverse,football,NFL,2011-12-18,OAK,DET,27.0,28.0,130.0,,-144.0,True,True,False,True,football|NFL|2011-12-18|OAK|DET
nflverse,football,NFL,2011-12-18,ARI,CLE,20.0,17.0,-245.0,,218.0,True,True,False,True,football|NFL|2011-12-18|ARI|CLE
nflverse,football,NFL,2011-12-18,DEN,NE,23.0,41.0,264.0,,-300.0,True,True,False,True,football|NFL|2011-12-18|DEN|NE
nflverse,football,NFL,2011-12-18,PHI,NYJ,45.0,19.0,-163.0,,147.0,True,True,False,True,football|NFL|2011-12-18|PHI|NYJ
nflverse,football,NFL,2011-12-18,SD,BAL,34.0,14.0,-101.0,,-109.0,True,True,False,True,football|NFL|2011-12-18|SD|BAL
nflverse,football,NFL,2011-12-19,SF,PIT,20.0,3.0,-160.0,,144.0,True,True,False,True,football|NFL|2011-12-19|SF|PIT
nflverse,football,NFL,2011-12-22,IND,HOU,19.0,16.0,264.0,,-300.0,True,True,False,True,football|NFL|2011-12-22|IND|HOU
nflverse,football,NFL,2011-12-24,BAL,CLE,20.0,14.0,-617.0,,510.0,True,True,False,True,football|NFL|2011-12-24|BAL|CLE
nflverse,football,NFL,2011-12-24,BUF,DEN,40.0,14.0,127.0,,-140.0,True,True,False,True,football|NFL|2011-12-24|BUF|DEN
nflverse,football,NFL,2011-12-24,CAR,TB,48.0,16.0,-350.0,,305.0,True,True,False,True,football|NFL|2011-12-24|CAR|TB
nflverse,football,NFL,2011-12-24,CIN,ARI,23.0,16.0,-200.0,,180.0,True,True,False,True,football|NFL|2011-12-24|CIN|ARI
nflverse,football,NFL,2011-12-24,KC,OAK,13.0,16.0,-145.0,,131.0,True,True,False,True,football|NFL|2011-12-24|KC|OAK
nflverse,football,NFL,2011-12-24,NE,MIA,27.0,24.0,-350.0,,305.0,True,True,False,True,football|NFL|2011-12-24|NE|MIA
nflverse,football,NFL,2011-12-24,NYJ,NYG,14.0,29.0,-150.0,,136.0,True,True,False,True,football|NFL|2011-12-24|NYJ|NYG
nflverse,football,NFL,2011-12-24,PIT,STL,27.0,0.0,-485.0,,412.0,True,True,False,True,football|NFL|2011-12-24|PIT|STL
nflverse,football,NFL,2011-12-24,TEN,JAX,23.0,17.0,-385.0,,334.0,True,True,False,True,football|NFL|2011-12-24|TEN|JAX
nflverse,football,NFL,2011-12-24,WAS,MIN,26.0,33.0,-255.0,,227.0,True,True,False,True,football|NFL|2011-12-24|WAS|MIN
nflverse,football,NFL,2011-12-24,DET,SD,38.0,10.0,-110.0,,100.0,True,True,False,True,football|NFL|2011-12-24|DET|SD
nflverse,football,NFL,2011-12-24,DAL,PHI,7.0,20.0,118.0,,-130.0,True,True,False,True,football|NFL|2011-12-24|DAL|PHI
nflverse,football,NFL,2011-12-24,SEA,SF,17.0,19.0,111.0,,-123.0,True,True,False,True,football|NFL|2011-12-24|SEA|SF
nflverse,football,NFL,2011-12-25,GB,CHI,35.0,21.0,-804.0,,641.0,True,True,False,True,football|NFL|2011-12-25|GB|CHI
nflverse,football,NFL,2011-12-26,NO,ATL,45.0,16.0,-310.0,,273.0,True,True,False,True,football|NFL|2011-12-26|NO|ATL
nflverse,football,NFL,2012-01-01,GB,DET,45.0,41.0,231.0,,-260.0,True,True,False,True,football|NFL|2012-01-01|GB|DET
nflverse,football,NFL,2012-01-01,HOU,TEN,22.0,23.0,120.0,,-133.0,True,True,False,True,football|NFL|2012-01-01|HOU|TEN
nflverse,football,NFL,2012-01-01,JAX,IND,19.0,13.0,-166.0,,150.0,True,True,False,True,football|NFL|2012-01-01|JAX|IND
nflverse,football,NFL,2012-01-01,MIA,NYJ,19.0,17.0,-120.0,,109.0,True,True,False,True,football|NFL|2012-01-01|MIA|NYJ
nflverse,football,NFL,2012-01-01,MIN,CHI,13.0,17.0,-146.0,,132.0,True,True,False,True,football|NFL|2012-01-01|MIN|CHI
nflverse,football,NFL,2012-01-01,NE,BUF,49.0,21.0,-568.0,,474.0,True,True,False,True,football|NFL|2012-01-01|NE|BUF
nflverse,football,NFL,2012-01-01,NO,CAR,45.0,17.0,-300.0,,264.0,True,True,False,True,football|NFL|2012-01-01|NO|CAR
nflverse,football,NFL,2012-01-01,PHI,WAS,34.0,10.0,-320.0,,281.0,True,True,False,True,football|NFL|2012-01-01|PHI|WAS
nflverse,football,NFL,2012-01-01,STL,SF,27.0,34.0,577.0,,-711.0,True,True,False,True,football|NFL|2012-01-01|STL|SF
nflverse,football,NFL,2012-01-01,ARI,SEA,23.0,20.0,-136.0,,123.0,True,True,False,True,football|NFL|2012-01-01|ARI|SEA
nflverse,football,NFL,2012-01-01,ATL,TB,45.0,24.0,-470.0,,400.0,True,True,False,True,football|NFL|2012-01-01|ATL|TB
nflverse,football,NFL,2012-01-01,CIN,BAL,16.0,24.0,138.0,,-153.0,True,True,False,True,football|NFL|2012-01-01|CIN|BAL
nflverse,football,NFL,2012-01-01,CLE,PIT,9.0,13.0,285.0,,-325.0,True,True,False,True,football|NFL|2012-01-01|CLE|PIT
nflverse,football,NFL,2012-01-01,DEN,KC,3.0,7.0,-125.0,,113.0,True,True,False,True,football|NFL|2012-01-01|DEN|KC
nflverse,football,NFL,2012-01-01,OAK,SD,26.0,38.0,-130.0,,118.0,True,True,False,True,football|NFL|2012-01-01|OAK|SD
nflverse,football,NFL,2012-01-01,NYG,DAL,31.0,14.0,-161.0,,145.0,True,True,False,True,football|NFL|2012-01-01|NYG|DAL
nflverse,football,NFL,2012-01-07,HOU,CIN,31.0,10.0,-226.0,,202.0,True,True,False,True,football|NFL|2012-01-07|HOU|CIN
nflverse,football,NFL,2012-01-07,NO,DET,45.0,28.0,-520.0,,439.0,True,True,False,True,football|NFL|2012-01-07|NO|DET
nflverse,football,NFL,2012-01-08,NYG,ATL,24.0,2.0,-144.0,,130.0,True,True,False,True,football|NFL|2012-01-08|NYG|ATL
nflverse,football,NFL,2012-01-08,DEN,PIT,29.0,23.0,293.0,,-335.0,True,True,False,True,football|NFL|2012-01-08|DEN|PIT
nflverse,football,NFL,2012-01-14,SF,NO,36.0,32.0,149.0,,-165.0,True,True,False,True,football|NFL|2012-01-14|SF|NO
nflverse,football,NFL,2012-01-14,NE,DEN,45.0,10.0,-674.0,,551.0,True,True,False,True,football|NFL|2012-01-14|NE|DEN
nflverse,football,NFL,2012-01-15,BAL,HOU,20.0,13.0,-355.0,,310.0,True,True,False,True,football|NFL|2012-01-15|BAL|HOU
nflverse,football,NFL,2012-01-15,GB,NYG,20.0,37.0,-402.0,,347.0,True,True,False,True,football|NFL|2012-01-15|GB|NYG
nflverse,football,NFL,2012-01-22,NE,BAL,23.0,20.0,-310.0,,273.0,True,True,False,True,football|NFL|2012-01-22|NE|BAL
nflverse,football,NFL,2012-01-22,SF,NYG,17.0,20.0,-135.0,,122.0,True,True,False,True,football|NFL|2012-01-22|SF|NYG
nflverse,football,NFL,2012-02-05,NE,NYG,17.0,21.0,-149.0,,137.0,True,True,False,True,football|NFL|2012-02-05|NE|NYG
nflverse,football,NFL,2012-09-05,NYG,DAL,17.0,24.0,-182.0,,164.0,True,True,False,True,football|NFL|2012-09-05|NYG|DAL
nflverse,football,NFL,2012-09-09,CHI,IND,41.0,21.0,-450.0,,385.0,True,True,False,True,football|NFL|2012-09-09|CHI|IND
nflverse,football,NFL,2012-09-09,CLE,PHI,16.0,17.0,361.0,,-420.0,True,True,False,True,football|NFL|2012-09-09|CLE|PHI
nflverse,football,NFL,2012-09-09,DET,STL,27.0,23.0,-394.0,,341.0,True,True,False,True,football|NFL|2012-09-09|DET|STL
nflverse,football,NFL,2012-09-09,HOU,MIA,30.0,10.0,-720.0,,583.0,True,True,False,True,football|NFL|2012-09-09|HOU|MIA
nflverse,football,NFL,2012-09-09,KC,ATL,24.0,40.0,118.0,,-130.0,True,True,False,True,football|NFL|2012-09-09|KC|ATL
nflverse,football,NFL,2012-09-09,MIN,JAX,26.0,23.0,-194.0,,174.0,True,True,False,True,football|NFL|2012-09-09|MIN|JAX
nflverse,football,NFL,2012-09-09,NO,WAS,32.0,40.0,-385.0,,334.0,True,True,False,True,football|NFL|2012-09-09|NO|WAS
nflverse,football,NFL,2012-09-09,NYJ,BUF,48.0,28.0,-144.0,,130.0,True,True,False,True,football|NFL|2012-09-09|NYJ|BUF
nflverse,football,NFL,2012-09-09,TEN,NE,13.0,34.0,200.0,,-224.0,True,True,False,True,football|NFL|2012-09-09|TEN|NE
nflverse,football,NFL,2012-09-09,ARI,SEA,20.0,16.0,122.0,,-135.0,True,True,False,True,football|NFL|2012-09-09|ARI|SEA
nflverse,football,NFL,2012-09-09,GB,SF,22.0,30.0,-256.0,,228.0,True,True,False,True,football|NFL|2012-09-09|GB|SF
nflverse,football,NFL,2012-09-09,TB,CAR,16.0,10.0,145.0,,-161.0,True,True,False,True,football|NFL|2012-09-09|TB|CAR
nflverse,football,NFL,2012-09-09,DEN,PIT,31.0,19.0,-155.0,,140.0,True,True,False,True,football|NFL|2012-09-09|DEN|PIT
nflverse,football,NFL,2012-09-10,BAL,CIN,44.0,13.0,-320.0,,281.0,True,True,False,True,football|NFL|2012-09-10|BAL|CIN
nflverse,football,NFL,2012-09-10,OAK,SD,14.0,22.0,-114.0,,103.0,True,True,False,True,football|NFL|2012-09-10|OAK|SD
nflverse,football,NFL,2012-09-13,GB,CHI,23.0,10.0,-230.0,,205.0,True,True,False,True,football|NFL|2012-09-13|GB|CHI
nflverse,football,NFL,2012-09-16,BUF,KC,35.0,17.0,-163.0,,147.0,True,True,False,True,football|NFL|2012-09-16|BUF|KC
nflverse,football,NFL,2012-09-16,CAR,NO,35.0,27.0,137.0,,-152.0,True,True,False,True,football|NFL|2012-09-16|CAR|NO
nflverse,football,NFL,2012-09-16,CIN,CLE,34.0,27.0,-309.0,,272.0,True,True,False,True,football|NFL|2012-09-16|CIN|CLE
nflverse,football,NFL,2012-09-16,IND,MIN,23.0,20.0,128.0,,-141.0,True,True,False,True,football|NFL|2012-09-16|IND|MIN
nflverse,football,NFL,2012-09-16,JAX,HOU,7.0,27.0,244.0,,-275.0,True,True,False,True,football|NFL|2012-09-16|JAX|HOU
nflverse,football,NFL,2012-09-16,MIA,OAK,35.0,13.0,113.0,,-125.0,True,True,False,True,football|NFL|2012-09-16|MIA|OAK
nflverse,football,NFL,2012-09-16,NE,ARI,18.0,20.0,-650.0,,534.0,True,True,False,True,football|NFL|2012-09-16|NE|ARI
nflverse,football,NFL,2012-09-16,NYG,TB,41.0,34.0,-360.0,,314.0,True,True,False,True,football|NFL|2012-09-16|NYG|TB
nflverse,football,NFL,2012-09-16,PHI,BAL,24.0,23.0,-160.0,,144.0,True,True,False,True,football|NFL|2012-09-16|PHI|BAL
nflverse,football,NFL,2012-09-16,SEA,DAL,27.0,7.0,144.0,,-160.0,True,True,False,True,football|NFL|2012-09-16|SEA|DAL
nflverse,football,NFL,2012-09-16,STL,WAS,31.0,28.0,171.0,,-190.0,True,True,False,True,football|NFL|2012-09-16|STL|WAS
nflverse,football,NFL,2012-09-16,PIT,NYJ,27.0,10.0,-210.0,,188.0,True,True,False,True,football|NFL|2012-09-16|PIT|NYJ
nflverse,football,NFL,2012-09-16,SD,TEN,38.0,10.0,-243.0,,217.0,True,True,False,True,football|NFL|2012-09-16|SD|TEN
nflverse,football,NFL,2012-09-16,SF,DET,27.0,19.0,-270.0,,239.0,True,True,False,True,football|NFL|2012-09-16|SF|DET
nflverse,football,NFL,2012-09-17,ATL,DEN,27.0,21.0,-157.0,,142.0,True,True,False,True,football|NFL|2012-09-17|ATL|DEN
nflverse,football,NFL,2012-09-20,CAR,NYG,7.0,36.0,-155.0,,140.0,True,True,False,True,football|NFL|2012-09-20|CAR|NYG
nflverse,football,NFL,2012-09-23,CHI,STL,23.0,6.0,-300.0,,264.0,True,True,False,True,football|NFL|2012-09-23|CHI|STL
nflverse,football,NFL,2012-09-23,CLE,BUF,14.0,24.0,127.0,,-140.0,True,True,False,True,football|NFL|2012-09-23|CLE|BUF
nflverse,football,NFL,2012-09-23,DAL,TB,16.0,10.0,-345.0,,301.0,True,True,False,True,football|NFL|2012-09-23|DAL|TB
nflverse,football,NFL,2012-09-23,IND,JAX,17.0,22.0,-173.0,,156.0,True,True,False,True,football|NFL|2012-09-23|IND|JAX
nflverse,football,NFL,2012-09-23,MIA,NYJ,20.0,23.0,129.0,,-143.0,True,True,False,True,football|NFL|2012-09-23|MIA|NYJ
nflverse,football,NFL,2012-09-23,MIN,SF,24.0,13.0,252.0,,-285.0,True,True,False,True,football|NFL|2012-09-23|MIN|SF
nflverse,football,NFL,2012-09-23,NO,KC,24.0,27.0,-373.0,,324.0,True,True,False,True,football|NFL|2012-09-23|NO|KC
nflverse,football,NFL,2012-09-23,TEN,DET,44.0,41.0,175.0,,-195.0,True,True,False,True,football|NFL|2012-09-23|TEN|DET
nflverse,football,NFL,2012-09-23,WAS,CIN,31.0,38.0,-187.0,,168.0,True,True,False,True,football|NFL|2012-09-23|WAS|CIN
nflverse,football,NFL,2012-09-23,ARI,PHI,27.0,6.0,159.0,,-177.0,True,True,False,True,football|NFL|2012-09-23|ARI|PHI
nflverse,football,NFL,2012-09-23,SD,ATL,3.0,27.0,-161.0,,145.0,True,True,False,True,football|NFL|2012-09-23|SD|ATL
nflverse,football,NFL,2012-09-23,DEN,HOU,25.0,31.0,105.0,,-116.0,True,True,False,True,football|NFL|2012-09-23|DEN|HOU
nflverse,football,NFL,2012-09-23,OAK,PIT,34.0,31.0,180.0,,-200.0,True,True,False,True,football|NFL|2012-09-23|OAK|PIT
nflverse,football,NFL,2012-09-23,BAL,NE,31.0,30.0,-152.0,,137.0,True,True,False,True,football|NFL|2012-09-23|BAL|NE
nflverse,football,NFL,2012-09-24,SEA,GB,14.0,12.0,155.0,,-172.0,True,True,False,True,football|NFL|2012-09-24|SEA|GB
nflverse,football,NFL,2012-09-27,BAL,CLE,23.0,16.0,-560.0,,468.0,True,True,False,True,football|NFL|2012-09-27|BAL|CLE
nflverse,football,NFL,2012-09-30,ATL,CAR,30.0,28.0,-305.0,,269.0,True,True,False,True,football|NFL|2012-09-30|ATL|CAR
nflverse,football,NFL,2012-09-30,BUF,NE,28.0,52.0,175.0,,-195.0,True,True,False,True,football|NFL|2012-09-30|BUF|NE
nflverse,football,NFL,2012-09-30,DET,MIN,13.0,20.0,-190.0,,171.0,True,True,False,True,football|NFL|2012-09-30|DET|MIN
nflverse,football,NFL,2012-09-30,HOU,TEN,38.0,14.0,-700.0,,569.0,True,True,False,True,football|NFL|2012-09-30|HOU|TEN
nflverse,football,NFL,2012-09-30,KC,SD,20.0,37.0,118.0,,-130.0,True,True,False,True,football|NFL|2012-09-30|KC|SD
nflverse,football,NFL,2012-09-30,NYJ,SF,0.0,34.0,171.0,,-190.0,True,True,False,True,football|NFL|2012-09-30|NYJ|SF
nflverse,football,NFL,2012-09-30,STL,SEA,19.0,13.0,118.0,,-130.0,True,True,False,True,football|NFL|2012-09-30|STL|SEA
nflverse,football,NFL,2012-09-30,ARI,MIA,24.0,21.0,-208.0,,186.0,True,True,False,True,football|NFL|2012-09-30|ARI|MIA
nflverse,football,NFL,2012-09-30,DEN,OAK,37.0,6.0,-275.0,,244.0,True,True,False,True,football|NFL|2012-09-30|DEN|OAK
nflverse,football,NFL,2012-09-30,JAX,CIN,10.0,27.0,-120.0,,109.0,True,True,False,True,football|NFL|2012-09-30|JAX|CIN
nflverse,football,NFL,2012-09-30,GB,NO,28.0,27.0,-350.0,,305.0,True,True,False,True,football|NFL|2012-09-30|GB|NO
nflverse,football,NFL,2012-09-30,TB,WAS,22.0,24.0,-135.0,,122.0,True,True,False,True,football|NFL|2012-09-30|TB|WAS
nflverse,football,NFL,2012-09-30,PHI,NYG,19.0,17.0,-117.0,,106.0,True,True,False,True,football|NFL|2012-09-30|PHI|NYG
nflverse,football,NFL,2012-10-01,DAL,CHI,18.0,34.0,-160.0,,144.0,True,True,False,True,football|NFL|2012-10-01|DAL|CHI
nflverse,football,NFL,2012-10-04,STL,ARI,17.0,3.0,102.0,,-113.0,True,True,False,True,football|NFL|2012-10-04|STL|ARI
nflverse,football,NFL,2012-10-07,CIN,MIA,13.0,17.0,-154.0,,139.0,True,True,False,True,football|NFL|2012-10-07|CIN|MIA
nflverse,football,NFL,2012-10-07,IND,GB,30.0,27.0,231.0,,-260.0,True,True,False,True,football|NFL|2012-10-07|IND|GB
nflverse,football,NFL,2012-10-07,KC,BAL,6.0,9.0,231.0,,-260.0,True,True,False,True,football|NFL|2012-10-07|KC|BAL
nflverse,football,NFL,2012-10-07,NYG,CLE,41.0,27.0,-400.0,,346.0,True,True,False,True,football|NFL|2012-10-07|NYG|CLE
nflverse,football,NFL,2012-10-07,PIT,PHI,16.0,14.0,-195.0,,175.0,True,True,False,True,football|NFL|2012-10-07|PIT|PHI
nflverse,football,NFL,2012-10-07,WAS,ATL,17.0,24.0,142.0,,-157.0,True,True,False,True,football|NFL|2012-10-07|WAS|ATL
nflverse,football,NFL,2012-10-07,CAR,SEA,12.0,16.0,-119.0,,108.0,True,True,False,True,football|NFL|2012-10-07|CAR|SEA
nflverse,football,NFL,2012-10-07,JAX,CHI,3.0,41.0,218.0,,-245.0,True,True,False,True,football|NFL|2012-10-07|JAX|CHI
nflverse,football,NFL,2012-10-07,MIN,TEN,30.0,7.0,-260.0,,231.0,True,True,False,True,football|NFL|2012-10-07|MIN|TEN
nflverse,football,NFL,2012-10-07,NE,DEN,31.0,21.0,-270.0,,239.0,True,True,False,True,football|NFL|2012-10-07|NE|DEN
nflverse,football,NFL,2012-10-07,SF,BUF,45.0,3.0,-460.0,,393.0,True,True,False,True,football|NFL|2012-10-07|SF|BUF
nflverse,football,NFL,2012-10-07,NO,SD,31.0,24.0,-175.0,,158.0,True,True,False,True,football|NFL|2012-10-07|NO|SD
nflverse,football,NFL,2012-10-08,NYJ,HOU,17.0,23.0,354.0,,-410.0,True,True,False,True,football|NFL|2012-10-08|NYJ|HOU
nflverse,football,NFL,2012-10-11,TEN,PIT,26.0,23.0,214.0,,-240.0,True,True,False,True,football|NFL|2012-10-11|TEN|PIT
nflverse,football,NFL,2012-10-14,ATL,OAK,23.0,20.0,-450.0,,385.0,True,True,False,True,football|NFL|2012-10-14|ATL|OAK
nflverse,football,NFL,2012-10-14,BAL,DAL,31.0,29.0,-167.0,,151.0,True,True,False,True,football|NFL|2012-10-14|BAL|DAL
nflverse,football,NFL,2012-10-14,CLE,CIN,34.0,24.0,107.0,,-118.0,True,True,False,True,football|NFL|2012-10-14|CLE|CIN
nflverse,football,NFL,2012-10-14,MIA,STL,17.0,14.0,-225.0,,201.0,True,True,False,True,football|NFL|2012-10-14|MIA|STL
nflverse,football,NFL,2012-10-14,NYJ,IND,35.0,9.0,-185.0,,166.0,True,True,False,True,football|NFL|2012-10-14|NYJ|IND
nflverse,football,NFL,2012-10-14,PHI,DET,23.0,26.0,-186.0,,167.0,True,True,False,True,football|NFL|2012-10-14|PHI|DET
nflverse,football,NFL,2012-10-14,TB,KC,38.0,10.0,-235.0,,210.0,True,True,False,True,football|NFL|2012-10-14|TB|KC
nflverse,football,NFL,2012-10-14,ARI,BUF,16.0,19.0,-235.0,,210.0,True,True,False,True,football|NFL|2012-10-14|ARI|BUF
nflverse,football,NFL,2012-10-14,SEA,NE,24.0,23.0,169.0,,-188.0,True,True,False,True,football|NFL|2012-10-14|SEA|NE
nflverse,football,NFL,2012-10-14,SF,NYG,3.0,26.0,-313.0,,275.0,True,True,False,True,football|NFL|2012-10-14|SF|NYG
nflverse,football,NFL,2012-10-14,WAS,MIN,38.0,26.0,107.0,,-118.0,True,True,False,True,football|NFL|2012-10-14|WAS|MIN
nflverse,football,NFL,2012-10-14,HOU,GB,24.0,42.0,-196.0,,176.0,True,True,False,True,football|NFL|2012-10-14|HOU|GB
nflverse,football,NFL,2012-10-15,SD,DEN,24.0,35.0,-109.0,,-101.0,True,True,False,True,football|NFL|2012-10-15|SD|DEN
nflverse,football,NFL,2012-10-18,SF,SEA,13.0,6.0,-360.0,,314.0,True,True,False,True,football|NFL|2012-10-18|SF|SEA
nflverse,football,NFL,2012-10-21,BUF,TEN,34.0,35.0,-210.0,,188.0,True,True,False,True,football|NFL|2012-10-21|BUF|TEN
nflverse,football,NFL,2012-10-21,CAR,DAL,14.0,19.0,124.0,,-137.0,True,True,False,True,football|NFL|2012-10-21|CAR|DAL
nflverse,football,NFL,2012-10-21,HOU,BAL,43.0,13.0,-255.0,,227.0,True,True,False,True,football|NFL|2012-10-21|HOU|BAL
nflverse,football,NFL,2012-10-21,IND,CLE,17.0,13.0,-114.0,,103.0,True,True,False,True,football|NFL|2012-10-21|IND|CLE
nflverse,football,NFL,2012-10-21,MIN,ARI,21.0,14.0,-290.0,,256.0,True,True,False,True,football|NFL|2012-10-21|MIN|ARI
nflverse,football,NFL,2012-10-21,NYG,WAS,27.0,23.0,-260.0,,231.0,True,True,False,True,football|NFL|2012-10-21|NYG|WAS
nflverse,football,NFL,2012-10-21,STL,GB,20.0,30.0,193.0,,-215.0,True,True,False,True,football|NFL|2012-10-21|STL|GB
nflverse,football,NFL,2012-10-21,TB,NO,28.0,35.0,105.0,,-116.0,True,True,False,True,football|NFL|2012-10-21|TB|NO
nflverse,football,NFL,2012-10-21,NE,NYJ,29.0,26.0,-635.0,,523.0,True,True,False,True,football|NFL|2012-10-21|NE|NYJ
nflverse,football,NFL,2012-10-21,OAK,JAX,26.0,23.0,-270.0,,239.0,True,True,False,True,football|NFL|2012-10-21|OAK|JAX
nflverse,football,NFL,2012-10-21,CIN,PIT,17.0,24.0,102.0,,-113.0,True,True,False,True,football|NFL|2012-10-21|CIN|PIT
nflverse,football,NFL,2012-10-22,CHI,DET,13.0,7.0,-265.0,,235.0,True,True,False,True,football|NFL|2012-10-22|CHI|DET
nflverse,football,NFL,2012-10-25,MIN,TB,17.0,36.0,-235.0,,210.0,True,True,False,True,football|NFL|2012-10-25|MIN|TB
nflverse,football,NFL,2012-10-28,CHI,CAR,23.0,22.0,-310.0,,273.0,True,True,False,True,football|NFL|2012-10-28|CHI|CAR
nflverse,football,NFL,2012-10-28,CLE,SD,7.0,6.0,131.0,,-145.0,True,True,False,True,football|NFL|2012-10-28|CLE|SD
nflverse,football,NFL,2012-10-28,DET,SEA,28.0,24.0,-147.0,,133.0,True,True,False,True,football|NFL|2012-10-28|DET|SEA
nflverse,football,NFL,2012-10-28,GB,JAX,24.0,15.0,-900.0,,704.0,True,True,False,True,football|NFL|2012-10-28|GB|JAX
nflverse,football,NFL,2012-10-28,NYJ,MIA,9.0,30.0,-110.0,,100.0,True,True,False,True,football|NFL|2012-10-28|NYJ|MIA
nflverse,football,NFL,2012-10-28,PHI,ATL,17.0,30.0,-140.0,,127.0,True,True,False,True,football|NFL|2012-10-28|PHI|ATL
nflverse,football,NFL,2012-10-28,PIT,WAS,27.0,12.0,-210.0,,188.0,True,True,False,True,football|NFL|2012-10-28|PIT|WAS
nflverse,football,NFL,2012-10-28,STL,NE,7.0,45.0,269.0,,-305.0,True,True,False,True,football|NFL|2012-10-28|STL|NE
nflverse,football,NFL,2012-10-28,TEN,IND,13.0,19.0,-170.0,,153.0,True,True,False,True,football|NFL|2012-10-28|TEN|IND
nflverse,football,NFL,2012-10-28,KC,OAK,16.0,26.0,-116.0,,105.0,True,True,False,True,football|NFL|2012-10-28|KC|OAK
nflverse,football,NFL,2012-10-28,DAL,NYG,24.0,29.0,130.0,,-144.0,True,True,False,True,football|NFL|2012-10-28|DAL|NYG
nflverse,football,NFL,2012-10-28,DEN,NO,34.0,14.0,-260.0,,231.0,True,True,False,True,football|NFL|2012-10-28|DEN|NO
nflverse,football,NFL,2012-10-29,ARI,SF,3.0,24.0,285.0,,-325.0,True,True,False,True,football|NFL|2012-10-29|ARI|SF
nflverse,football,NFL,2012-11-01,SD,KC,31.0,13.0,-300.0,,264.0,True,True,False,True,football|NFL|2012-11-01|SD|KC
nflverse,football,NFL,2012-11-04,CIN,DEN,23.0,31.0,201.0,,-225.0,True,True,False,True,football|NFL|2012-11-04|CIN|DEN
nflverse,football,NFL,2012-11-04,CLE,BAL,15.0,25.0,159.0,,-176.0,True,True,False,True,football|NFL|2012-11-04|CLE|BAL
nflverse,football,NFL,2012-11-04,GB,ARI,31.0,17.0,-470.0,,400.0,True,True,False,True,football|NFL|2012-11-04|GB|ARI
nflverse,football,NFL,2012-11-04,HOU,BUF,21.0,9.0,-510.0,,431.0,True,True,False,True,football|NFL|2012-11-04|HOU|BUF
nflverse,football,NFL,2012-11-04,IND,MIA,23.0,20.0,118.0,,-130.0,True,True,False,True,football|NFL|2012-11-04|IND|MIA
nflverse,football,NFL,2012-11-04,JAX,DET,14.0,31.0,218.0,,-245.0,True,True,False,True,football|NFL|2012-11-04|JAX|DET
nflverse,football,NFL,2012-11-04,TEN,CHI,20.0,51.0,193.0,,-215.0,True,True,False,True,football|NFL|2012-11-04|TEN|CHI
nflverse,football,NFL,2012-11-04,WAS,CAR,13.0,21.0,-168.0,,152.0,True,True,False,True,football|NFL|2012-11-04|WAS|CAR
nflverse,football,NFL,2012-11-04,OAK,TB,32.0,42.0,-111.0,,101.0,True,True,False,True,football|NFL|2012-11-04|OAK|TB
nflverse,football,NFL,2012-11-04,SEA,MIN,30.0,20.0,-225.0,,201.0,True,True,False,True,football|NFL|2012-11-04|SEA|MIN
nflverse,football,NFL,2012-11-04,NYG,PIT,20.0,24.0,-174.0,,157.0,True,True,False,True,football|NFL|2012-11-04|NYG|PIT
nflverse,football,NFL,2012-11-04,ATL,DAL,19.0,13.0,-185.0,,166.0,True,True,False,True,football|NFL|2012-11-04|ATL|DAL
nflverse,football,NFL,2012-11-05,NO,PHI,28.0,13.0,-135.0,,122.0,True,True,False,True,football|NFL|2012-11-05|NO|PHI
nflverse,football,NFL,2012-11-08,JAX,IND,10.0,27.0,149.0,,-165.0,True,True,False,True,football|NFL|2012-11-08|JAX|IND
nflverse,football,NFL,2012-11-11,BAL,OAK,55.0,20.0,-320.0,,281.0,True,True,False,True,football|NFL|2012-11-11|BAL|OAK
nflverse,football,NFL,2012-11-11,CAR,DEN,14.0,36.0,167.0,,-186.0,True,True,False,True,football|NFL|2012-11-11|CAR|DEN
nflverse,football,NFL,2012-11-11,CIN,NYG,31.0,13.0,172.0,,-191.0,True,True,False,True,football|NFL|2012-11-11|CIN|NYG
nflverse,football,NFL,2012-11-11,MIA,TEN,3.0,37.0,-275.0,,244.0,True,True,False,True,football|NFL|2012-11-11|MIA|TEN
nflverse,football,NFL,2012-11-11,MIN,DET,34.0,24.0,154.0,,-171.0,True,True,False,True,football|NFL|2012-11-11|MIN|DET
nflverse,football,NFL,2012-11-11,NE,BUF,37.0,31.0,-665.0,,545.0,True,True,False,True,football|NFL|2012-11-11|NE|BUF
nflverse,football,NFL,2012-11-11,NO,ATL,31.0,27.0,111.0,,-122.0,True,True,False,True,football|NFL|2012-11-11|NO|ATL
nflverse,football,NFL,2012-11-11,TB,SD,34.0,24.0,-168.0,,152.0,True,True,False,True,football|NFL|2012-11-11|TB|SD
nflverse,football,NFL,2012-11-11,SEA,NYJ,28.0,7.0,-229.0,,205.0,True,True,False,True,football|NFL|2012-11-11|SEA|NYJ
nflverse,football,NFL,2012-11-11,PHI,DAL,23.0,38.0,119.0,,-131.0,True,True,False,True,football|NFL|2012-11-11|PHI|DAL
nflverse,football,NFL,2012-11-11,SF,STL,24.0,24.0,-660.0,,541.0,True,True,False,True,football|NFL|2012-11-11|SF|STL
nflverse,football,NFL,2012-11-11,CHI,HOU,6.0,13.0,-116.0,,105.0,True,True,False,True,football|NFL|2012-11-11|CHI|HOU
nflverse,football,NFL,2012-11-12,PIT,KC,16.0,13.0,-610.0,,505.0,True,True,False,True,football|NFL|2012-11-12|PIT|KC
nflverse,football,NFL,2012-11-15,BUF,MIA,19.0,14.0,-134.0,,121.0,True,True,False,True,football|NFL|2012-11-15|BUF|MIA
nflverse,football,NFL,2012-11-18,ATL,ARI,23.0,19.0,-420.0,,361.0,True,True,False,True,football|NFL|2012-11-18|ATL|ARI
nflverse,football,NFL,2012-11-18,CAR,TB,21.0,27.0,100.0,,-110.0,True,True,False,True,football|NFL|2012-11-18|CAR|TB
nflverse,football,NFL,2012-11-18,DAL,CLE,23.0,20.0,-320.0,,281.0,True,True,False,True,football|NFL|2012-11-18|DAL|CLE
nflverse,football,NFL,2012-11-18,DET,GB,20.0,24.0,144.0,,-160.0,True,True,False,True,football|NFL|2012-11-18|DET|GB
nflverse,football,NFL,2012-11-18,HOU,JAX,43.0,37.0,-1350.0,,925.0,True,True,False,True,football|NFL|2012-11-18|HOU|JAX
nflverse,football,NFL,2012-11-18,KC,CIN,6.0,28.0,149.0,,-165.0,True,True,False,True,football|NFL|2012-11-18|KC|CIN
nflverse,football,NFL,2012-11-18,STL,NYJ,13.0,27.0,-182.0,,164.0,True,True,False,True,football|NFL|2012-11-18|STL|NYJ
nflverse,football,NFL,2012-11-18,WAS,PHI,31.0,6.0,-178.0,,160.0,True,True,False,True,football|NFL|2012-11-18|WAS|PHI
nflverse,football,NFL,2012-11-18,OAK,NO,17.0,38.0,211.0,,-236.0,True,True,False,True,football|NFL|2012-11-18|OAK|NO
nflverse,football,NFL,2012-11-18,DEN,SD,30.0,23.0,-360.0,,314.0,True,True,False,True,football|NFL|2012-11-18|DEN|SD
nflverse,football,NFL,2012-11-18,NE,IND,59.0,24.0,-470.0,,400.0,True,True,False,True,football|NFL|2012-11-18|NE|IND
nflverse,football,NFL,2012-11-18,PIT,BAL,10.0,13.0,141.0,,-156.0,True,True,False,True,football|NFL|2012-11-18|PIT|BAL
nflverse,football,NFL,2012-11-19,SF,CHI,32.0,7.0,-190.0,,171.0,True,True,False,True,football|NFL|2012-11-19|SF|CHI
nflverse,football,NFL,2012-11-22,DET,HOU,31.0,34.0,153.0,,-170.0,True,True,False,True,football|NFL|2012-11-22|DET|HOU
nflverse,football,NFL,2012-11-22,DAL,WAS,31.0,38.0,-185.0,,166.0,True,True,False,True,football|NFL|2012-11-22|DAL|WAS
nflverse,football,NFL,2012-11-22,NYJ,NE,19.0,49.0,245.0,,-277.0,True,True,False,True,football|NFL|2012-11-22|NYJ|NE
nflverse,football,NFL,2012-11-25,CHI,MIN,28.0,10.0,-255.0,,227.0,True,True,False,True,football|NFL|2012-11-25|CHI|MIN
nflverse,football,NFL,2012-11-25,CIN,OAK,34.0,10.0,-390.0,,338.0,True,True,False,True,football|NFL|2012-11-25|CIN|OAK
nflverse,football,NFL,2012-11-25,CLE,PIT,20.0,14.0,103.0,,-114.0,True,True,False,True,football|NFL|2012-11-25|CLE|PIT
nflverse,football,NFL,2012-11-25,IND,BUF,20.0,13.0,-132.0,,120.0,True,True,False,True,football|NFL|2012-11-25|IND|BUF
nflverse,football,NFL,2012-11-25,JAX,TEN,24.0,19.0,144.0,,-160.0,True,True,False,True,football|NFL|2012-11-25|JAX|TEN
nflverse,football,NFL,2012-11-25,KC,DEN,9.0,17.0,400.0,,-470.0,True,True,False,True,football|NFL|2012-11-25|KC|DEN
nflverse,football,NFL,2012-11-25,MIA,SEA,24.0,21.0,159.0,,-176.0,True,True,False,True,football|NFL|2012-11-25|MIA|SEA
nflverse,football,NFL,2012-11-25,TB,ATL,23.0,24.0,105.0,,-116.0,True,True,False,True,football|NFL|2012-11-25|TB|ATL
nflverse,football,NFL,2012-11-25,SD,BAL,13.0,16.0,-101.0,,-109.0,True,True,False,True,football|NFL|2012-11-25|SD|BAL
nflverse,football,NFL,2012-11-25,ARI,STL,17.0,31.0,-116.0,,105.0,True,True,False,True,football|NFL|2012-11-25|ARI|STL
nflverse,football,NFL,2012-11-25,NO,SF,21.0,31.0,115.0,,-127.0,True,True,False,True,football|NFL|2012-11-25|NO|SF
nflverse,football,NFL,2012-11-25,NYG,GB,38.0,10.0,-132.0,,120.0,True,True,False,True,football|NFL|2012-11-25|NYG|GB
nflverse,football,NFL,2012-11-26,PHI,CAR,22.0,30.0,146.0,,-162.0,True,True,False,True,football|NFL|2012-11-26|PHI|CAR
nflverse,football,NFL,2012-11-29,ATL,NO,23.0,13.0,-182.0,,164.0,True,True,False,True,football|NFL|2012-11-29|ATL|NO
nflverse,football,NFL,2012-12-02,BUF,JAX,34.0,18.0,-270.0,,239.0,True,True,False,True,football|NFL|2012-12-02|BUF|JAX
nflverse,football,NFL,2012-12-02,CHI,SEA,17.0,23.0,-156.0,,141.0,True,True,False,True,football|NFL|2012-12-02|CHI|SEA
nflverse,football,NFL,2012-12-02,DET,IND,33.0,35.0,-310.0,,273.0,True,True,False,True,football|NFL|2012-12-02|DET|IND
nflverse,football,NFL,2012-12-02,GB,MIN,23.0,14.0,-365.0,,318.0,True,True,False,True,football|NFL|2012-12-02|GB|MIN
nflverse,football,NFL,2012-12-02,KC,CAR,27.0,21.0,188.0,,-210.0,True,True,False,True,football|NFL|2012-12-02|KC|CAR
nflverse,football,NFL,2012-12-02,MIA,NE,16.0,23.0,289.0,,-330.0,True,True,False,True,football|NFL|2012-12-02|MIA|NE
nflverse,football,NFL,2012-12-02,NYJ,ARI,7.0,6.0,-250.0,,222.0,True,True,False,True,football|NFL|2012-12-02|NYJ|ARI
nflverse,football,NFL,2012-12-02,STL,SF,16.0,13.0,289.0,,-330.0,True,True,False,True,football|NFL|2012-12-02|STL|SF
nflverse,football,NFL,2012-12-02,TEN,HOU,10.0,24.0,260.0,,-295.0,True,True,False,True,football|NFL|2012-12-02|TEN|HOU
nflverse,football,NFL,2012-12-02,DEN,TB,31.0,23.0,-400.0,,346.0,True,True,False,True,football|NFL|2012-12-02|DEN|TB
nflverse,football,NFL,2012-12-02,BAL,PIT,20.0,23.0,-300.0,,264.0,True,True,False,True,football|NFL|2012-12-02|BAL|PIT
nflverse,football,NFL,2012-12-02,OAK,CLE,17.0,20.0,122.0,,-135.0,True,True,False,True,football|NFL|2012-12-02|OAK|CLE
nflverse,football,NFL,2012-12-02,SD,CIN,13.0,20.0,-116.0,,105.0,True,True,False,True,football|NFL|2012-12-02|SD|CIN
nflverse,football,NFL,2012-12-02,DAL,PHI,38.0,33.0,-550.0,,461.0,True,True,False,True,football|NFL|2012-12-02|DAL|PHI
nflverse,football,NFL,2012-12-03,WAS,NYG,17.0,16.0,121.0,,-134.0,True,True,False,True,football|NFL|2012-12-03|WAS|NYG
nflverse,football,NFL,2012-12-06,OAK,DEN,13.0,26.0,423.0,,-500.0,True,True,False,True,football|NFL|2012-12-06|OAK|DEN
nflverse,football,NFL,2012-12-09,BUF,STL,12.0,15.0,-190.0,,171.0,True,True,False,True,football|NFL|2012-12-09|BUF|STL
nflverse,football,NFL,2012-12-09,CAR,ATL,30.0,20.0,146.0,,-162.0,True,True,False,True,football|NFL|2012-12-09|CAR|ATL
nflverse,football,NFL,2012-12-09,CIN,DAL,19.0,20.0,-180.0,,162.0,True,True,False,True,football|NFL|2012-12-09|CIN|DAL
nflverse,football,NFL,2012-12-09,CLE,KC,30.0,7.0,-305.0,,269.0,True,True,False,True,football|NFL|2012-12-09|CLE|KC
nflverse,football,NFL,2012-12-09,IND,TEN,27.0,23.0,-190.0,,171.0,True,True,False,True,football|NFL|2012-12-09|IND|TEN
nflverse,football,NFL,2012-12-09,JAX,NYJ,10.0,17.0,146.0,,-162.0,True,True,False,True,football|NFL|2012-12-09|JAX|NYJ
nflverse,football,NFL,2012-12-09,MIN,CHI,21.0,14.0,116.0,,-128.0,True,True,False,True,football|NFL|2012-12-09|MIN|CHI
nflverse,football,NFL,2012-12-09,PIT,SD,24.0,34.0,-350.0,,305.0,True,True,False,True,football|NFL|2012-12-09|PIT|SD
nflverse,football,NFL,2012-12-09,TB,PHI,21.0,23.0,-330.0,,289.0,True,True,False,True,football|NFL|2012-12-09|TB|PHI
nflverse,football,NFL,2012-12-09,WAS,BAL,31.0,28.0,-119.0,,108.0,True,True,False,True,football|NFL|2012-12-09|WAS|BAL
nflverse,football,NFL,2012-12-09,SF,MIA,27.0,13.0,-560.0,,468.0,True,True,False,True,football|NFL|2012-12-09|SF|MIA
nflverse,football,NFL,2012-12-09,NYG,NO,52.0,27.0,-205.0,,184.0,True,True,False,True,football|NFL|2012-12-09|NYG|NO
nflverse,football,NFL,2012-12-09,SEA,ARI,58.0,0.0,-545.0,,457.0,True,True,False,True,football|NFL|2012-12-09|SEA|ARI
nflverse,football,NFL,2012-12-09,GB,DET,27.0,20.0,-244.0,,217.0,True,True,False,True,football|NFL|2012-12-09|GB|DET
nflverse,football,NFL,2012-12-10,NE,HOU,42.0,14.0,-232.0,,207.0,True,True,False,True,football|NFL|2012-12-10|NE|HOU
nflverse,football,NFL,2012-12-13,PHI,CIN,13.0,34.0,196.0,,-219.0,True,True,False,True,football|NFL|2012-12-13|PHI|CIN
nflverse,football,NFL,2012-12-16,ATL,NYG,34.0,0.0,-110.0,,100.0,True,True,False,True,football|NFL|2012-12-16|ATL|NYG
nflverse,football,NFL,2012-12-16,BAL,DEN,17.0,34.0,131.0,,-145.0,True,True,False,True,football|NFL|2012-12-16|BAL|DEN
nflverse,football,NFL,2012-12-16,CHI,GB,13.0,21.0,132.0,,-146.0,True,True,False,True,football|NFL|2012-12-16|CHI|GB
nflverse,football,NFL,2012-12-16,CLE,WAS,21.0,38.0,-212.0,,190.0,True,True,False,True,football|NFL|2012-12-16|CLE|WAS
nflverse,football,NFL,2012-12-16,HOU,IND,29.0,17.0,-500.0,,423.0,True,True,False,True,football|NFL|2012-12-16|HOU|IND
nflverse,football,NFL,2012-12-16,MIA,JAX,24.0,3.0,-355.0,,310.0,True,True,False,True,football|NFL|2012-12-16|MIA|JAX
nflverse,football,NFL,2012-12-16,NO,TB,41.0,0.0,-192.0,,173.0,True,True,False,True,football|NFL|2012-12-16|NO|TB
nflverse,football,NFL,2012-12-16,STL,MIN,22.0,36.0,-133.0,,120.0,True,True,False,True,football|NFL|2012-12-16|STL|MIN
nflverse,football,NFL,2012-12-16,ARI,DET,38.0,10.0,200.0,,-224.0,True,True,False,True,football|NFL|2012-12-16|ARI|DET
nflverse,football,NFL,2012-12-16,BUF,SEA,17.0,50.0,190.0,,-212.0,True,True,False,True,football|NFL|2012-12-16|BUF|SEA
nflverse,football,NFL,2012-12-16,SD,CAR,7.0,31.0,-160.0,,144.0,True,True,False,True,football|NFL|2012-12-16|SD|CAR
nflverse,football,NFL,2012-12-16,DAL,PIT,27.0,24.0,120.0,,-132.0,True,True,False,True,football|NFL|2012-12-16|DAL|PIT
nflverse,football,NFL,2012-12-16,OAK,KC,15.0,0.0,-210.0,,188.0,True,True,False,True,football|NFL|2012-12-16|OAK|KC
nflverse,football,NFL,2012-12-16,NE,SF,34.0,41.0,-199.0,,179.0,True,True,False,True,football|NFL|2012-12-16|NE|SF
nflverse,football,NFL,2012-12-17,TEN,NYJ,14.0,10.0,-107.0,,-103.0,True,True,False,True,football|NFL|2012-12-17|TEN|NYJ
nflverse,football,NFL,2012-12-22,DET,ATL,18.0,31.0,171.0,,-190.0,True,True,False,True,football|NFL|2012-12-22|DET|ATL
nflverse,football,NFL,2012-12-23,CAR,OAK,17.0,6.0,-420.0,,361.0,True,True,False,True,football|NFL|2012-12-23|CAR|OAK
nflverse,football,NFL,2012-12-23,DAL,NO,31.0,34.0,-145.0,,131.0,True,True,False,True,football|NFL|2012-12-23|DAL|NO
nflverse,football,NFL,2012-12-23,GB,TEN,55.0,7.0,-584.0,,486.0,True,True,False,True,football|NFL|2012-12-23|GB|TEN
nflverse,football,NFL,2012-12-23,HOU,MIN,6.0,23.0,-350.0,,305.0,True,True,False,True,football|NFL|2012-12-23|HOU|MIN
nflverse,football,NFL,2012-12-23,JAX,NE,16.0,23.0,638.0,,-800.0,True,True,False,True,football|NFL|2012-12-23|JAX|NE
nflverse,football,NFL,2012-12-23,KC,IND,13.0,20.0,186.0,,-208.0,True,True,False,True,football|NFL|2012-12-23|KC|IND
nflverse,football,NFL,2012-12-23,MIA,BUF,24.0,10.0,-225.0,,201.0,True,True,False,True,football|NFL|2012-12-23|MIA|BUF
nflverse,football,NFL,2012-12-23,NYJ,SD,17.0,27.0,-160.0,,144.0,True,True,False,True,football|NFL|2012-12-23|NYJ|SD
nflverse,football,NFL,2012-12-23,PHI,WAS,20.0,27.0,181.0,,-202.0,True,True,False,True,football|NFL|2012-12-23|PHI|WAS
nflverse,football,NFL,2012-12-23,PIT,CIN,10.0,13.0,-170.0,,153.0,True,True,False,True,football|NFL|2012-12-23|PIT|CIN
nflverse,football,NFL,2012-12-23,TB,STL,13.0,28.0,-155.0,,140.0,True,True,False,True,football|NFL|2012-12-23|TB|STL
nflverse,football,NFL,2012-12-23,DEN,CLE,34.0,12.0,-595.0,,494.0,True,True,False,True,football|NFL|2012-12-23|DEN|CLE
nflverse,football,NFL,2012-12-23,ARI,CHI,13.0,28.0,256.0,,-290.0,True,True,False,True,football|NFL|2012-12-23|ARI|CHI
nflverse,football,NFL,2012-12-23,BAL,NYG,33.0,14.0,118.0,,-130.0,True,True,False,True,football|NFL|2012-12-23|BAL|NYG
nflverse,football,NFL,2012-12-23,SEA,SF,42.0,13.0,-135.0,,122.0,True,True,False,True,football|NFL|2012-12-23|SEA|SF
nflverse,football,NFL,2012-12-30,ATL,TB,17.0,22.0,-145.0,,131.0,True,True,False,True,football|NFL|2012-12-30|ATL|TB
nflverse,football,NFL,2012-12-30,BUF,NYJ,28.0,9.0,-172.0,,155.0,True,True,False,True,football|NFL|2012-12-30|BUF|NYJ
nflverse,football,NFL,2012-12-30,CIN,BAL,23.0,17.0,-242.0,,216.0,True,True,False,True,football|NFL|2012-12-30|CIN|BAL
nflverse,football,NFL,2012-12-30,DET,CHI,24.0,26.0,147.0,,-163.0,True,True,False,True,football|NFL|2012-12-30|DET|CHI
nflverse,football,NFL,2012-12-30,IND,HOU,28.0,16.0,241.0,,-272.0,True,True,False,True,football|NFL|2012-12-30|IND|HOU
nflverse,football,NFL,2012-12-30,NO,CAR,38.0,44.0,-195.0,,175.0,True,True,False,True,football|NFL|2012-12-30|NO|CAR
nflverse,football,NFL,2012-12-30,NYG,PHI,42.0,7.0,-265.0,,235.0,True,True,False,True,football|NFL|2012-12-30|NYG|PHI
nflverse,football,NFL,2012-12-30,PIT,CLE,24.0,10.0,-450.0,,385.0,True,True,False,True,football|NFL|2012-12-30|PIT|CLE
nflverse,football,NFL,2012-12-30,TEN,JAX,38.0,20.0,-255.0,,227.0,True,True,False,True,football|NFL|2012-12-30|TEN|JAX
nflverse,football,NFL,2012-12-30,DEN,KC,38.0,3.0,-1600.0,,1075.0,True,True,False,True,football|NFL|2012-12-30|DEN|KC
nflverse,football,NFL,2012-12-30,MIN,GB,37.0,34.0,155.0,,-172.0,True,True,False,True,football|NFL|2012-12-30|MIN|GB
nflverse,football,NFL,2012-12-30,NE,MIA,28.0,0.0,-600.0,,498.0,True,True,False,True,football|NFL|2012-12-30|NE|MIA
nflverse,football,NFL,2012-12-30,SD,OAK,24.0,21.0,-350.0,,305.0,True,True,False,True,football|NFL|2012-12-30|SD|OAK
nflverse,football,NFL,2012-12-30,SEA,STL,20.0,13.0,-485.0,,412.0,True,True,False,True,football|NFL|2012-12-30|SEA|STL
nflverse,football,NFL,2012-12-30,SF,ARI,27.0,13.0,-1200.0,,865.0,True,True,False,True,football|NFL|2012-12-30|SF|ARI
nflverse,football,NFL,2012-12-30,WAS,DAL,28.0,18.0,-174.0,,157.0,True,True,False,True,football|NFL|2012-12-30|WAS|DAL
nflverse,football,NFL,2013-01-05,HOU,CIN,19.0,13.0,-202.0,,181.0,True,True,False,True,football|NFL|2013-01-05|HOU|CIN
nflverse,football,NFL,2013-01-05,GB,MIN,24.0,10.0,-535.0,,450.0,True,True,False,True,football|NFL|2013-01-05|GB|MIN
nflverse,football,NFL,2013-01-06,BAL,IND,24.0,9.0,-335.0,,293.0,True,True,False,True,football|NFL|2013-01-06|BAL|IND
nflverse,football,NFL,2013-01-06,WAS,SEA,14.0,24.0,144.0,,-160.0,True,True,False,True,football|NFL|2013-01-06|WAS|SEA
nflverse,football,NFL,2013-01-12,DEN,BAL,35.0,38.0,-390.0,,338.0,True,True,False,True,football|NFL|2013-01-12|DEN|BAL
nflverse,football,NFL,2013-01-12,SF,GB,45.0,31.0,-162.0,,146.0,True,True,False,True,football|NFL|2013-01-12|SF|GB
nflverse,football,NFL,2013-01-13,ATL,SEA,30.0,28.0,-139.0,,126.0,True,True,False,True,football|NFL|2013-01-13|ATL|SEA
nflverse,football,NFL,2013-01-13,NE,HOU,41.0,28.0,-435.0,,373.0,True,True,False,True,football|NFL|2013-01-13|NE|HOU
nflverse,football,NFL,2013-01-20,ATL,SF,24.0,28.0,167.0,,-186.0,True,True,False,True,football|NFL|2013-01-20|ATL|SF
nflverse,football,NFL,2013-01-20,NE,BAL,13.0,28.0,-345.0,,301.0,True,True,False,True,football|NFL|2013-01-20|NE|BAL
nflverse,football,NFL,2013-02-03,SF,BAL,31.0,34.0,-210.0,,188.0,True,True,False,True,football|NFL|2013-02-03|SF|BAL
nflverse,football,NFL,2013-09-05,DEN,BAL,49.0,27.0,-319.0,,280.0,True,True,False,True,football|NFL|2013-09-05|DEN|BAL
nflverse,football,NFL,2013-09-08,BUF,NE,21.0,23.0,361.0,,-420.0,True,True,False,True,football|NFL|2013-09-08|BUF|NE
nflverse,football,NFL,2013-09-08,CAR,SEA,7.0,12.0,136.0,,-150.0,True,True,False,True,football|NFL|2013-09-08|CAR|SEA
nflverse,football,NFL,2013-09-08,CHI,CIN,24.0,21.0,-155.0,,140.0,True,True,False,True,football|NFL|2013-09-08|CHI|CIN
nflverse,football,NFL,2013-09-08,CLE,MIA,10.0,23.0,-130.0,,118.0,True,True,False,True,football|NFL|2013-09-08|CLE|MIA
nflverse,football,NFL,2013-09-08,DET,MIN,34.0,24.0,-208.0,,186.0,True,True,False,True,football|NFL|2013-09-08|DET|MIN
nflverse,football,NFL,2013-09-08,IND,OAK,21.0,17.0,-560.0,,468.0,True,True,False,True,football|NFL|2013-09-08|IND|OAK
nflverse,football,NFL,2013-09-08,JAX,KC,2.0,28.0,153.0,,-170.0,True,True,False,True,football|NFL|2013-09-08|JAX|KC
nflverse,football,NFL,2013-09-08,NO,ATL,23.0,17.0,-185.0,,166.0,True,True,False,True,football|NFL|2013-09-08|NO|ATL
nflverse,football,NFL,2013-09-08,NYJ,TB,18.0,17.0,179.0,,-199.0,True,True,False,True,football|NFL|2013-09-08|NYJ|TB
nflverse,football,NFL,2013-09-08,PIT,TEN,9.0,16.0,-245.0,,218.0,True,True,False,True,football|NFL|2013-09-08|PIT|TEN
nflverse,football,NFL,2013-09-08,SF,GB,34.0,28.0,-222.0,,199.0,True,True,False,True,football|NFL|2013-09-08|SF|GB
nflverse,football,NFL,2013-09-08,STL,ARI,27.0,24.0,-185.0,,166.0,True,True,False,True,football|NFL|2013-09-08|STL|ARI
nflverse,football,NFL,2013-09-08,DAL,NYG,36.0,31.0,-180.0,,162.0,True,True,False,True,football|NFL|2013-09-08|DAL|NYG
nflverse,football,NFL,2013-09-09,WAS,PHI,27.0,33.0,-202.0,,181.0,True,True,False,True,football|NFL|2013-09-09|WAS|PHI
nflverse,football,NFL,2013-09-09,SD,HOU,28.0,31.0,193.0,,-215.0,True,True,False,True,football|NFL|2013-09-09|SD|HOU
nflverse,football,NFL,2013-09-12,NE,NYJ,13.0,10.0,-580.0,,483.0,True,True,False,True,football|NFL|2013-09-12|NE|NYJ
nflverse,football,NFL,2013-09-15,ATL,STL,31.0,24.0,-204.0,,183.0,True,True,False,True,football|NFL|2013-09-15|ATL|STL
nflverse,football,NFL,2013-09-15,BAL,CLE,14.0,6.0,-250.0,,222.0,True,True,False,True,football|NFL|2013-09-15|BAL|CLE
nflverse,football,NFL,2013-09-15,BUF,CAR,24.0,23.0,162.0,,-180.0,True,True,False,True,football|NFL|2013-09-15|BUF|CAR
nflverse,football,NFL,2013-09-15,CHI,MIN,31.0,30.0,-260.0,,231.0,True,True,False,True,football|NFL|2013-09-15|CHI|MIN
nflverse,football,NFL,2013-09-15,GB,WAS,38.0,20.0,-355.0,,310.0,True,True,False,True,football|NFL|2013-09-15|GB|WAS
nflverse,football,NFL,2013-09-15,HOU,TEN,30.0,24.0,-325.0,,285.0,True,True,False,True,football|NFL|2013-09-15|HOU|TEN
nflverse,football,NFL,2013-09-15,IND,MIA,20.0,24.0,-119.0,,108.0,True,True,False,True,football|NFL|2013-09-15|IND|MIA
nflverse,football,NFL,2013-09-15,KC,DAL,17.0,16.0,-170.0,,153.0,True,True,False,True,football|NFL|2013-09-15|KC|DAL
nflverse,football,NFL,2013-09-15,PHI,SD,30.0,33.0,-325.0,,285.0,True,True,False,True,football|NFL|2013-09-15|PHI|SD
nflverse,football,NFL,2013-09-15,ARI,DET,25.0,21.0,-101.0,,-109.0,True,True,False,True,football|NFL|2013-09-15|ARI|DET
nflverse,football,NFL,2013-09-15,TB,NO,14.0,16.0,143.0,,-158.0,True,True,False,True,football|NFL|2013-09-15|TB|NO
nflverse,football,NFL,2013-09-15,NYG,DEN,23.0,41.0,158.0,,-175.0,True,True,False,True,football|NFL|2013-09-15|NYG|DEN
nflverse,football,NFL,2013-09-15,OAK,JAX,19.0,9.0,-195.0,,175.0,True,True,False,True,football|NFL|2013-09-15|OAK|JAX
nflverse,football,NFL,2013-09-15,SEA,SF,29.0,3.0,-153.0,,138.0,True,True,False,True,football|NFL|2013-09-15|SEA|SF
nflverse,football,NFL,2013-09-16,CIN,PIT,20.0,10.0,-275.0,,244.0,True,True,False,True,football|NFL|2013-09-16|CIN|PIT
nflverse,football,NFL,2013-09-19,PHI,KC,16.0,26.0,-166.0,,150.0,True,True,False,True,football|NFL|2013-09-19|PHI|KC
nflverse,football,NFL,2013-09-22,BAL,HOU,30.0,9.0,-116.0,,105.0,True,True,False,True,football|NFL|2013-09-22|BAL|HOU
nflverse,football,NFL,2013-09-22,CAR,NYG,38.0,0.0,113.0,,-125.0,True,True,False,True,football|NFL|2013-09-22|CAR|NYG
nflverse,football,NFL,2013-09-22,CIN,GB,34.0,30.0,133.0,,-147.0,True,True,False,True,football|NFL|2013-09-22|CIN|GB
nflverse,football,NFL,2013-09-22,DAL,STL,31.0,7.0,-170.0,,153.0,True,True,False,True,football|NFL|2013-09-22|DAL|STL
nflverse,football,NFL,2013-09-22,MIN,CLE,27.0,31.0,-290.0,,256.0,True,True,False,True,football|NFL|2013-09-22|MIN|CLE
nflverse,football,NFL,2013-09-22,NE,TB,23.0,3.0,-325.0,,285.0,True,True,False,True,football|NFL|2013-09-22|NE|TB
nflverse,football,NFL,2013-09-22,NO,ARI,31.0,7.0,-355.0,,310.0,True,True,False,True,football|NFL|2013-09-22|NO|ARI
nflverse,football,NFL,2013-09-22,TEN,SD,20.0,17.0,-147.0,,133.0,True,True,False,True,football|NFL|2013-09-22|TEN|SD
nflverse,football,NFL,2013-09-22,WAS,DET,20.0,27.0,102.0,,-113.0,True,True,False,True,football|NFL|2013-09-22|WAS|DET
nflverse,football,NFL,2013-09-22,MIA,ATL,27.0,23.0,-140.0,,127.0,True,True,False,True,football|NFL|2013-09-22|MIA|ATL
nflverse,football,NFL,2013-09-22,NYJ,BUF,27.0,20.0,-132.0,,120.0,True,True,False,True,football|NFL|2013-09-22|NYJ|BUF
nflverse,football,NFL,2013-09-22,SEA,JAX,45.0,17.0,-4500.0,,2000.0,True,True,False,True,football|NFL|2013-09-22|SEA|JAX
nflverse,football,NFL,2013-09-22,SF,IND,7.0,27.0,-510.0,,431.0,True,True,False,True,football|NFL|2013-09-22|SF|IND
nflverse,football,NFL,2013-09-22,PIT,CHI,23.0,40.0,115.0,,-127.0,True,True,False,True,football|NFL|2013-09-22|PIT|CHI
nflverse,football,NFL,2013-09-23,DEN,OAK,37.0,21.0,-1500.0,,1025.0,True,True,False,True,football|NFL|2013-09-23|DEN|OAK
nflverse,football,NFL,2013-09-26,STL,SF,11.0,35.0,161.0,,-179.0,True,True,False,True,football|NFL|2013-09-26|STL|SF
nflverse,football,NFL,2013-09-29,BUF,BAL,23.0,20.0,175.0,,-195.0,True,True,False,True,football|NFL|2013-09-29|BUF|BAL
nflverse,football,NFL,2013-09-29,CLE,CIN,17.0,6.0,166.0,,-185.0,True,True,False,True,football|NFL|2013-09-29|CLE|CIN
nflverse,football,NFL,2013-09-29,DET,CHI,40.0,32.0,-148.0,,134.0,True,True,False,True,football|NFL|2013-09-29|DET|CHI
nflverse,football,NFL,2013-09-29,HOU,SEA,20.0,23.0,103.0,,-114.0,True,True,False,True,football|NFL|2013-09-29|HOU|SEA
nflverse,football,NFL,2013-09-29,JAX,IND,3.0,37.0,305.0,,-350.0,True,True,False,True,football|NFL|2013-09-29|JAX|IND
nflverse,football,NFL,2013-09-29,KC,NYG,31.0,7.0,-177.0,,159.0,True,True,False,True,football|NFL|2013-09-29|KC|NYG
nflverse,football,NFL,2013-09-29,MIN,PIT,34.0,27.0,139.0,,-154.0,True,True,False,True,football|NFL|2013-09-29|MIN|PIT
nflverse,football,NFL,2013-09-29,TB,ARI,10.0,13.0,-134.0,,121.0,True,True,False,True,football|NFL|2013-09-29|TB|ARI
nflverse,football,NFL,2013-09-29,TEN,NYJ,38.0,13.0,-179.0,,161.0,True,True,False,True,football|NFL|2013-09-29|TEN|NYJ
nflverse,football,NFL,2013-09-29,DEN,PHI,52.0,20.0,-470.0,,400.0,True,True,False,True,football|NFL|2013-09-29|DEN|PHI
nflverse,football,NFL,2013-09-29,OAK,WAS,14.0,24.0,166.0,,-185.0,True,True,False,True,football|NFL|2013-09-29|OAK|WAS
nflverse,football,NFL,2013-09-29,SD,DAL,30.0,21.0,-105.0,,-105.0,True,True,False,True,football|NFL|2013-09-29|SD|DAL
nflverse,football,NFL,2013-09-29,ATL,NE,23.0,30.0,-156.0,,141.0,True,True,False,True,football|NFL|2013-09-29|ATL|NE
nflverse,football,NFL,2013-09-30,NO,MIA,38.0,17.0,-321.0,,282.0,True,True,False,True,football|NFL|2013-09-30|NO|MIA
nflverse,football,NFL,2013-10-03,CLE,BUF,37.0,24.0,-185.0,,166.0,True,True,False,True,football|NFL|2013-10-03|CLE|BUF
nflverse,football,NFL,2013-10-06,CHI,NO,18.0,26.0,-115.0,,104.0,True,True,False,True,football|NFL|2013-10-06|CHI|NO
nflverse,football,NFL,2013-10-06,CIN,NE,13.0,6.0,127.0,,-140.0,True,True,False,True,football|NFL|2013-10-06|CIN|NE
nflverse,football,NFL,2013-10-06,GB,DET,22.0,9.0,-445.0,,381.0,True,True,False,True,football|NFL|2013-10-06|GB|DET
nflverse,football,NFL,2013-10-06,IND,SEA,34.0,28.0,130.0,,-144.0,True,True,False,True,football|NFL|2013-10-06|IND|SEA
nflverse,football,NFL,2013-10-06,MIA,BAL,23.0,26.0,-138.0,,125.0,True,True,False,True,football|NFL|2013-10-06|MIA|BAL
nflverse,football,NFL,2013-10-06,NYG,PHI,21.0,36.0,111.0,,-123.0,True,True,False,True,football|NFL|2013-10-06|NYG|PHI
nflverse,football,NFL,2013-10-06,STL,JAX,34.0,20.0,-535.0,,450.0,True,True,False,True,football|NFL|2013-10-06|STL|JAX
nflverse,football,NFL,2013-10-06,TEN,KC,17.0,26.0,119.0,,-131.0,True,True,False,True,football|NFL|2013-10-06|TEN|KC
nflverse,football,NFL,2013-10-06,ARI,CAR,22.0,6.0,151.0,,-167.0,True,True,False,True,football|NFL|2013-10-06|ARI|CAR
nflverse,football,NFL,2013-10-06,DAL,DEN,48.0,51.0,269.0,,-305.0,True,True,False,True,football|NFL|2013-10-06|DAL|DEN
nflverse,football,NFL,2013-10-06,SF,HOU,34.0,3.0,-213.0,,191.0,True,True,False,True,football|NFL|2013-10-06|SF|HOU
nflverse,football,NFL,2013-10-06,OAK,SD,27.0,17.0,205.0,,-230.0,True,True,False,True,football|NFL|2013-10-06|OAK|SD
nflverse,football,NFL,2013-10-07,ATL,NYJ,28.0,30.0,-467.0,,398.0,True,True,False,True,football|NFL|2013-10-07|ATL|NYJ
nflverse,football,NFL,2013-10-10,CHI,NYG,27.0,21.0,-370.0,,322.0,True,True,False,True,football|NFL|2013-10-10|CHI|NYG
nflverse,football,NFL,2013-10-13,BAL,GB,17.0,19.0,111.0,,-123.0,True,True,False,True,football|NFL|2013-10-13|BAL|GB
nflverse,football,NFL,2013-10-13,BUF,CIN,24.0,27.0,214.0,,-240.0,True,True,False,True,football|NFL|2013-10-13|BUF|CIN
nflverse,football,NFL,2013-10-13,CLE,DET,17.0,31.0,113.0,,-125.0,True,True,False,True,football|NFL|2013-10-13|CLE|DET
nflverse,football,NFL,2013-10-13,HOU,STL,13.0,38.0,-395.0,,342.0,True,True,False,True,football|NFL|2013-10-13|HOU|STL
nflverse,football,NFL,2013-10-13,KC,OAK,24.0,7.0,-360.0,,314.0,True,True,False,True,football|NFL|2013-10-13|KC|OAK
nflverse,football,NFL,2013-10-13,MIN,CAR,10.0,35.0,-140.0,,127.0,True,True,False,True,football|NFL|2013-10-13|MIN|CAR
nflverse,football,NFL,2013-10-13,NYJ,PIT,6.0,19.0,102.0,,-113.0,True,True,False,True,football|NFL|2013-10-13|NYJ|PIT
nflverse,football,NFL,2013-10-13,TB,PHI,20.0,31.0,126.0,,-139.0,True,True,False,True,football|NFL|2013-10-13|TB|PHI
nflverse,football,NFL,2013-10-13,DEN,JAX,35.0,19.0,-5000.0,,2173.0,True,True,False,True,football|NFL|2013-10-13|DEN|JAX
nflverse,football,NFL,2013-10-13,SEA,TEN,20.0,13.0,-564.0,,471.0,True,True,False,True,football|NFL|2013-10-13|SEA|TEN
nflverse,football,NFL,2013-10-13,NE,NO,30.0,27.0,-144.0,,130.0,True,True,False,True,football|NFL|2013-10-13|NE|NO
nflverse,football,NFL,2013-10-13,SF,ARI,32.0,20.0,-430.0,,369.0,True,True,False,True,football|NFL|2013-10-13|SF|ARI
nflverse,football,NFL,2013-10-13,DAL,WAS,31.0,16.0,-230.0,,205.0,True,True,False,True,football|NFL|2013-10-13|DAL|WAS
nflverse,football,NFL,2013-10-14,SD,IND,19.0,9.0,105.0,,-116.0,True,True,False,True,football|NFL|2013-10-14|SD|IND
nflverse,football,NFL,2013-10-17,ARI,SEA,22.0,34.0,203.0,,-227.0,True,True,False,True,football|NFL|2013-10-17|ARI|SEA
nflverse,football,NFL,2013-10-20,ATL,TB,31.0,23.0,-250.0,,222.0,True,True,False,True,football|NFL|2013-10-20|ATL|TB
nflverse,football,NFL,2013-10-20,CAR,STL,30.0,15.0,-326.0,,286.0,True,True,False,True,football|NFL|2013-10-20|CAR|STL
nflverse,football,NFL,2013-10-20,DET,CIN,24.0,27.0,-150.0,,136.0,True,True,False,True,football|NFL|2013-10-20|DET|CIN
nflverse,football,NFL,2013-10-20,JAX,SD,6.0,24.0,273.0,,-310.0,True,True,False,True,football|NFL|2013-10-20|JAX|SD
nflverse,football,NFL,2013-10-20,MIA,BUF,21.0,23.0,-255.0,,227.0,True,True,False,True,football|NFL|2013-10-20|MIA|BUF
nflverse,football,NFL,2013-10-20,NYJ,NE,30.0,27.0,162.0,,-180.0,True,True,False,True,football|NFL|2013-10-20|NYJ|NE
nflverse,football,NFL,2013-10-20,PHI,DAL,3.0,17.0,-170.0,,153.0,True,True,False,True,football|NFL|2013-10-20|PHI|DAL
nflverse,football,NFL,2013-10-20,WAS,CHI,45.0,41.0,108.0,,-119.0,True,True,False,True,football|NFL|2013-10-20|WAS|CHI
nflverse,football,NFL,2013-10-20,TEN,SF,17.0,31.0,139.0,,-154.0,True,True,False,True,football|NFL|2013-10-20|TEN|SF
nflverse,football,NFL,2013-10-20,GB,CLE,31.0,13.0,-380.0,,330.0,True,True,False,True,football|NFL|2013-10-20|GB|CLE
nflverse,football,NFL,2013-10-20,KC,HOU,17.0,16.0,-280.0,,248.0,True,True,False,True,football|NFL|2013-10-20|KC|HOU
nflverse,football,NFL,2013-10-20,PIT,BAL,19.0,16.0,-127.0,,115.0,True,True,False,True,football|NFL|2013-10-20|PIT|BAL
nflverse,football,NFL,2013-10-20,IND,DEN,39.0,33.0,226.0,,-254.0,True,True,False,True,football|NFL|2013-10-20|IND|DEN
nflverse,football,NFL,2013-10-21,NYG,MIN,23.0,7.0,-199.0,,179.0,True,True,False,True,football|NFL|2013-10-21|NYG|MIN
nflverse,football,NFL,2013-10-24,TB,CAR,13.0,31.0,239.0,,-270.0,True,True,False,True,football|NFL|2013-10-24|TB|CAR
nflverse,football,NFL,2013-10-27,DET,DAL,31.0,30.0,-155.0,,140.0,True,True,False,True,football|NFL|2013-10-27|DET|DAL
nflverse,football,NFL,2013-10-27,JAX,SF,10.0,42.0,925.0,,-1350.0,True,True,False,True,football|NFL|2013-10-27|JAX|SF
nflverse,football,NFL,2013-10-27,KC,CLE,23.0,17.0,-310.0,,273.0,True,True,False,True,football|NFL|2013-10-27|KC|CLE
nflverse,football,NFL,2013-10-27,NE,MIA,27.0,17.0,-278.0,,246.0,True,True,False,True,football|NFL|2013-10-27|NE|MIA
nflverse,football,NFL,2013-10-27,NO,BUF,35.0,17.0,-520.0,,439.0,True,True,False,True,football|NFL|2013-10-27|NO|BUF
nflverse,football,NFL,2013-10-27,PHI,NYG,7.0,15.0,-230.0,,205.0,True,True,False,True,football|NFL|2013-10-27|PHI|NYG
nflverse,football,NFL,2013-10-27,CIN,NYJ,49.0,9.0,-255.0,,227.0,True,True,False,True,football|NFL|2013-10-27|CIN|NYJ
nflverse,football,NFL,2013-10-27,OAK,PIT,21.0,18.0,126.0,,-139.0,True,True,False,True,football|NFL|2013-10-27|OAK|PIT
nflverse,football,NFL,2013-10-27,ARI,ATL,27.0,13.0,-150.0,,136.0,True,True,False,True,football|NFL|2013-10-27|ARI|ATL
nflverse,football,NFL,2013-10-27,DEN,WAS,45.0,21.0,-538.0,,452.0,True,True,False,True,football|NFL|2013-10-27|DEN|WAS
nflverse,football,NFL,2013-10-27,MIN,GB,31.0,44.0,269.0,,-305.0,True,True,False,True,football|NFL|2013-10-27|MIN|GB
nflverse,football,NFL,2013-10-28,STL,SEA,9.0,14.0,534.0,,-650.0,True,True,False,True,football|NFL|2013-10-28|STL|SEA
nflverse,football,NFL,2013-10-31,MIA,CIN,22.0,20.0,136.0,,-150.0,True,True,False,True,football|NFL|2013-10-31|MIA|CIN
nflverse,football,NFL,2013-11-03,BUF,KC,13.0,23.0,201.0,,-225.0,True,True,False,True,football|NFL|2013-11-03|BUF|KC
nflverse,football,NFL,2013-11-03,CAR,ATL,34.0,10.0,-420.0,,361.0,True,True,False,True,football|NFL|2013-11-03|CAR|ATL
nflverse,football,NFL,2013-11-03,DAL,MIN,27.0,23.0,-450.0,,385.0,True,True,False,True,football|NFL|2013-11-03|DAL|MIN
nflverse,football,NFL,2013-11-03,NYJ,NO,26.0,20.0,222.0,,-250.0,True,True,False,True,football|NFL|2013-11-03|NYJ|NO
nflverse,football,NFL,2013-11-03,STL,TEN,21.0,28.0,144.0,,-160.0,True,True,False,True,football|NFL|2013-11-03|STL|TEN
nflverse,football,NFL,2013-11-03,WAS,SD,30.0,24.0,-123.0,,111.0,True,True,False,True,football|NFL|2013-11-03|WAS|SD
nflverse,football,NFL,2013-11-03,OAK,PHI,20.0,49.0,102.0,,-113.0,True,True,False,True,football|NFL|2013-11-03|OAK|PHI
nflverse,football,NFL,2013-11-03,SEA,TB,27.0,24.0,-1500.0,,1025.0,True,True,False,True,football|NFL|2013-11-03|SEA|TB
nflverse,football,NFL,2013-11-03,CLE,BAL,24.0,18.0,102.0,,-113.0,True,True,False,True,football|NFL|2013-11-03|CLE|BAL
nflverse,football,NFL,2013-11-03,NE,PIT,55.0,31.0,-248.0,,221.0,True,True,False,True,football|NFL|2013-11-03|NE|PIT
nflverse,football,NFL,2013-11-03,HOU,IND,24.0,27.0,-103.0,,-107.0,True,True,False,True,football|NFL|2013-11-03|HOU|IND
nflverse,football,NFL,2013-11-04,GB,CHI,20.0,27.0,-475.0,,404.0,True,True,False,True,football|NFL|2013-11-04|GB|CHI
nflverse,football,NFL,2013-11-07,MIN,WAS,34.0,27.0,-102.0,,-108.0,True,True,False,True,football|NFL|2013-11-07|MIN|WAS
nflverse,football,NFL,2013-11-10,ATL,SEA,10.0,33.0,159.0,,-177.0,True,True,False,True,football|NFL|2013-11-10|ATL|SEA
nflverse,football,NFL,2013-11-10,BAL,CIN,20.0,17.0,-116.0,,105.0,True,True,False,True,football|NFL|2013-11-10|BAL|CIN
nflverse,football,NFL,2013-11-10,CHI,DET,19.0,21.0,-103.0,,-107.0,True,True,False,True,football|NFL|2013-11-10|CHI|DET
nflverse,football,NFL,2013-11-10,GB,PHI,13.0,27.0,102.0,,-113.0,True,True,False,True,football|NFL|2013-11-10|GB|PHI
nflverse,football,NFL,2013-11-10,IND,STL,8.0,38.0,-335.0,,293.0,True,True,False,True,football|NFL|2013-11-10|IND|STL
nflverse,football,NFL,2013-11-10,NYG,OAK,24.0,20.0,-290.0,,256.0,True,True,False,True,football|NFL|2013-11-10|NYG|OAK
nflverse,football,NFL,2013-11-10,PIT,BUF,23.0,10.0,-143.0,,129.0,True,True,False,True,football|NFL|2013-11-10|PIT|BUF
nflverse,football,NFL,2013-11-10,TEN,JAX,27.0,29.0,-520.0,,439.0,True,True,False,True,football|NFL|2013-11-10|TEN|JAX
nflverse,football,NFL,2013-11-10,SF,CAR,9.0,10.0,-235.0,,210.0,True,True,False,True,football|NFL|2013-11-10|SF|CAR
nflverse,football,NFL,2013-11-10,ARI,HOU,27.0,24.0,-213.0,,191.0,True,True,False,True,football|NFL|2013-11-10|ARI|HOU
nflverse,football,NFL,2013-11-10,SD,DEN,20.0,28.0,248.0,,-280.0,True,True,False,True,football|NFL|2013-11-10|SD|DEN
nflverse,football,NFL,2013-11-10,NO,DAL,49.0,17.0,-255.0,,227.0,True,True,False,True,football|NFL|2013-11-10|NO|DAL
nflverse,football,NFL,2013-11-11,TB,MIA,22.0,19.0,113.0,,-125.0,True,True,False,True,football|NFL|2013-11-11|TB|MIA
nflverse,football,NFL,2013-11-14,TEN,IND,27.0,30.0,127.0,,-140.0,True,True,False,True,football|NFL|2013-11-14|TEN|IND
nflverse,football,NFL,2013-11-17,BUF,NYJ,37.0,14.0,118.0,,-130.0,True,True,False,True,football|NFL|2013-11-17|BUF|NYJ
nflverse,football,NFL,2013-11-17,CHI,BAL,23.0,20.0,-202.0,,181.0,True,True,False,True,football|NFL|2013-11-17|CHI|BAL
nflverse,football,NFL,2013-11-17,CIN,CLE,41.0,20.0,-212.0,,190.0,True,True,False,True,football|NFL|2013-11-17|CIN|CLE
nflverse,football,NFL,2013-11-17,HOU,OAK,23.0,28.0,-470.0,,400.0,True,True,False,True,football|NFL|2013-11-17|HOU|OAK
nflverse,football,NFL,2013-11-17,JAX,ARI,14.0,27.0,334.0,,-385.0,True,True,False,True,football|NFL|2013-11-17|JAX|ARI
nflverse,football,NFL,2013-11-17,PHI,WAS,24.0,16.0,-208.0,,186.0,True,True,False,True,football|NFL|2013-11-17|PHI|WAS
nflverse,football,NFL,2013-11-17,PIT,DET,37.0,27.0,139.0,,-154.0,True,True,False,True,football|NFL|2013-11-17|PIT|DET
nflverse,football,NFL,2013-11-17,TB,ATL,41.0,28.0,-127.0,,115.0,True,True,False,True,football|NFL|2013-11-17|TB|ATL
nflverse,football,NFL,2013-11-17,MIA,SD,20.0,16.0,126.0,,-139.0,True,True,False,True,football|NFL|2013-11-17|MIA|SD
nflverse,football,NFL,2013-11-17,NO,SF,23.0,20.0,-177.0,,159.0,True,True,False,True,football|NFL|2013-11-17|NO|SF
nflverse,football,NFL,2013-11-17,NYG,GB,27.0,13.0,-178.0,,160.0,True,True,False,True,football|NFL|2013-11-17|NYG|GB
nflverse,football,NFL,2013-11-17,SEA,MIN,41.0,20.0,-700.0,,569.0,True,True,False,True,football|NFL|2013-11-17|SEA|MIN
nflverse,football,NFL,2013-11-17,DEN,KC,27.0,17.0,-320.0,,281.0,True,True,False,True,football|NFL|2013-11-17|DEN|KC
nflverse,football,NFL,2013-11-18,CAR,NE,24.0,20.0,-172.0,,155.0,True,True,False,True,football|NFL|2013-11-18|CAR|NE
nflverse,football,NFL,2013-11-21,ATL,NO,13.0,17.0,289.0,,-330.0,True,True,False,True,football|NFL|2013-11-21|ATL|NO
nflverse,football,NFL,2013-11-24,BAL,NYJ,19.0,3.0,-208.0,,186.0,True,True,False,True,football|NFL|2013-11-24|BAL|NYJ
nflverse,football,NFL,2013-11-24,CLE,PIT,11.0,27.0,-145.0,,131.0,True,True,False,True,football|NFL|2013-11-24|CLE|PIT
nflverse,football,NFL,2013-11-24,DET,TB,21.0,24.0,-310.0,,273.0,True,True,False,True,football|NFL|2013-11-24|DET|TB
nflverse,football,NFL,2013-11-24,GB,MIN,26.0,26.0,-254.0,,226.0,True,True,False,True,football|NFL|2013-11-24|GB|MIN
nflverse,football,NFL,2013-11-24,HOU,JAX,6.0,13.0,-470.0,,400.0,True,True,False,True,football|NFL|2013-11-24|HOU|JAX
nflverse,football,NFL,2013-11-24,KC,SD,38.0,41.0,-173.0,,156.0,True,True,False,True,football|NFL|2013-11-24|KC|SD
nflverse,football,NFL,2013-11-24,MIA,CAR,16.0,20.0,181.0,,-202.0,True,True,False,True,football|NFL|2013-11-24|MIA|CAR
nflverse,football,NFL,2013-11-24,STL,CHI,42.0,21.0,-123.0,,111.0,True,True,False,True,football|NFL|2013-11-24|STL|CHI
nflverse,football,NFL,2013-11-24,ARI,IND,40.0,11.0,-185.0,,166.0,True,True,False,True,football|NFL|2013-11-24|ARI|IND
nflverse,football,NFL,2013-11-24,OAK,TEN,19.0,23.0,136.0,,-150.0,True,True,False,True,football|NFL|2013-11-24|OAK|TEN
nflverse,football,NFL,2013-11-24,NYG,DAL,21.0,24.0,-129.0,,117.0,True,True,False,True,football|NFL|2013-11-24|NYG|DAL
nflverse,football,NFL,2013-11-24,NE,DEN,34.0,31.0,-116.0,,105.0,True,True,False,True,football|NFL|2013-11-24|NE|DEN
nflverse,football,NFL,2013-11-25,WAS,SF,6.0,27.0,222.0,,-250.0,True,True,False,True,football|NFL|2013-11-25|WAS|SF
nflverse,football,NFL,2013-11-28,DET,GB,40.0,10.0,-265.0,,235.0,True,True,False,True,football|NFL|2013-11-28|DET|GB
nflverse,football,NFL,2013-11-28,DAL,OAK,31.0,24.0,-443.0,,379.0,True,True,False,True,football|NFL|2013-11-28|DAL|OAK
nflverse,football,NFL,2013-11-28,BAL,PIT,22.0,20.0,-160.0,,144.0,True,True,False,True,football|NFL|2013-11-28|BAL|PIT
nflverse,football,NFL,2013-12-01,CAR,TB,27.0,6.0,-335.0,,293.0,True,True,False,True,football|NFL|2013-12-01|CAR|TB
nflverse,football,NFL,2013-12-01,CLE,JAX,28.0,32.0,-315.0,,277.0,True,True,False,True,football|NFL|2013-12-01|CLE|JAX
nflverse,football,NFL,2013-12-01,HOU,NE,31.0,34.0,264.0,,-300.0,True,True,False,True,football|NFL|2013-12-01|HOU|NE
nflverse,football,NFL,2013-12-01,IND,TEN,22.0,14.0,-185.0,,166.0,True,True,False,True,football|NFL|2013-12-01|IND|TEN
nflverse,football,NFL,2013-12-01,MIN,CHI,23.0,20.0,-137.0,,124.0,True,True,False,True,football|NFL|2013-12-01|MIN|CHI
nflverse,football,NFL,2013-12-01,NYJ,MIA,3.0,23.0,-105.0,,-105.0,True,True,False,True,football|NFL|2013-12-01|NYJ|MIA
nflverse,football,NFL,2013-12-01,PHI,ARI,24.0,21.0,-185.0,,166.0,True,True,False,True,football|NFL|2013-12-01|PHI|ARI
nflverse,football,NFL,2013-12-01,BUF,ATL,31.0,34.0,-212.0,,190.0,True,True,False,True,football|NFL|2013-12-01|BUF|ATL
nflverse,football,NFL,2013-12-01,SF,STL,23.0,13.0,-325.0,,285.0,True,True,False,True,football|NFL|2013-12-01|SF|STL
nflverse,football,NFL,2013-12-01,KC,DEN,28.0,35.0,193.0,,-215.0,True,True,False,True,football|NFL|2013-12-01|KC|DEN
nflverse,football,NFL,2013-12-01,SD,CIN,10.0,17.0,118.0,,-130.0,True,True,False,True,football|NFL|2013-12-01|SD|CIN
nflverse,football,NFL,2013-12-01,WAS,NYG,17.0,24.0,-107.0,,-103.0,True,True,False,True,football|NFL|2013-12-01|WAS|NYG
nflverse,football,NFL,2013-12-02,SEA,NO,34.0,7.0,-275.0,,244.0,True,True,False,True,football|NFL|2013-12-02|SEA|NO
nflverse,football,NFL,2013-12-05,JAX,HOU,27.0,20.0,152.0,,-168.0,True,True,False,True,football|NFL|2013-12-05|JAX|HOU
nflverse,football,NFL,2013-12-08,BAL,MIN,29.0,26.0,-250.0,,222.0,True,True,False,True,football|NFL|2013-12-08|BAL|MIN
nflverse,football,NFL,2013-12-08,CIN,IND,42.0,28.0,-302.0,,266.0,True,True,False,True,football|NFL|2013-12-08|CIN|IND
nflverse,football,NFL,2013-12-08,GB,ATL,22.0,21.0,-185.0,,166.0,True,True,False,True,football|NFL|2013-12-08|GB|ATL
nflverse,football,NFL,2013-12-08,NE,CLE,27.0,26.0,-500.0,,423.0,True,True,False,True,football|NFL|2013-12-08|NE|CLE
nflverse,football,NFL,2013-12-08,NYJ,OAK,37.0,27.0,-155.0,,140.0,True,True,False,True,football|NFL|2013-12-08|NYJ|OAK
nflverse,football,NFL,2013-12-08,PHI,DET,34.0,20.0,-139.0,,126.0,True,True,False,True,football|NFL|2013-12-08|PHI|DET
nflverse,football,NFL,2013-12-08,PIT,MIA,28.0,34.0,-160.0,,144.0,True,True,False,True,football|NFL|2013-12-08|PIT|MIA
nflverse,football,NFL,2013-12-08,TB,BUF,27.0,6.0,-178.0,,160.0,True,True,False,True,football|NFL|2013-12-08|TB|BUF
nflverse,football,NFL,2013-12-08,WAS,KC,10.0,45.0,166.0,,-185.0,True,True,False,True,football|NFL|2013-12-08|WAS|KC
nflverse,football,NFL,2013-12-08,DEN,TEN,51.0,28.0,-630.0,,520.0,True,True,False,True,football|NFL|2013-12-08|DEN|TEN
nflverse,football,NFL,2013-12-08,ARI,STL,30.0,10.0,-199.0,,179.0,True,True,False,True,football|NFL|2013-12-08|ARI|STL
nflverse,football,NFL,2013-12-08,SD,NYG,37.0,14.0,-220.0,,197.0,True,True,False,True,football|NFL|2013-12-08|SD|NYG
nflverse,football,NFL,2013-12-08,SF,SEA,19.0,17.0,-130.0,,118.0,True,True,False,True,football|NFL|2013-12-08|SF|SEA
nflverse,football,NFL,2013-12-08,NO,CAR,31.0,13.0,-173.0,,156.0,True,True,False,True,football|NFL|2013-12-08|NO|CAR
nflverse,football,NFL,2013-12-09,CHI,DAL,45.0,28.0,-127.0,,115.0,True,True,False,True,football|NFL|2013-12-09|CHI|DAL
nflverse,football,NFL,2013-12-12,DEN,SD,20.0,27.0,-470.0,,400.0,True,True,False,True,football|NFL|2013-12-12|DEN|SD
nflverse,football,NFL,2013-12-15,ATL,WAS,27.0,26.0,-230.0,,205.0,True,True,False,True,football|NFL|2013-12-15|ATL|WAS
nflverse,football,NFL,2013-12-15,CLE,CHI,31.0,38.0,-104.0,,-106.0,True,True,False,True,football|NFL|2013-12-15|CLE|CHI
nflverse,football,NFL,2013-12-15,IND,HOU,25.0,3.0,-260.0,,231.0,True,True,False,True,football|NFL|2013-12-15|IND|HOU
nflverse,football,NFL,2013-12-15,JAX,BUF,20.0,27.0,181.0,,-202.0,True,True,False,True,football|NFL|2013-12-15|JAX|BUF
nflverse,football,NFL,2013-12-15,MIA,NE,24.0,20.0,-134.0,,121.0,True,True,False,True,football|NFL|2013-12-15|MIA|NE
nflverse,football,NFL,2013-12-15,MIN,PHI,48.0,30.0,239.0,,-270.0,True,True,False,True,football|NFL|2013-12-15|MIN|PHI
nflverse,football,NFL,2013-12-15,NYG,SEA,0.0,23.0,346.0,,-400.0,True,True,False,True,football|NFL|2013-12-15|NYG|SEA
nflverse,football,NFL,2013-12-15,TB,SF,14.0,33.0,196.0,,-219.0,True,True,False,True,football|NFL|2013-12-15|TB|SF
nflverse,football,NFL,2013-12-15,CAR,NYJ,30.0,20.0,-390.0,,338.0,True,True,False,True,football|NFL|2013-12-15|CAR|NYJ
nflverse,football,NFL,2013-12-15,OAK,KC,31.0,56.0,235.0,,-265.0,True,True,False,True,football|NFL|2013-12-15|OAK|KC
nflverse,football,NFL,2013-12-15,DAL,GB,36.0,37.0,-199.0,,179.0,True,True,False,True,football|NFL|2013-12-15|DAL|GB
nflverse,football,NFL,2013-12-15,STL,NO,27.0,16.0,256.0,,-290.0,True,True,False,True,football|NFL|2013-12-15|STL|NO
nflverse,football,NFL,2013-12-15,TEN,ARI,34.0,37.0,130.0,,-144.0,True,True,False,True,football|NFL|2013-12-15|TEN|ARI
nflverse,football,NFL,2013-12-15,PIT,CIN,30.0,20.0,111.0,,-123.0,True,True,False,True,football|NFL|2013-12-15|PIT|CIN
nflverse,football,NFL,2013-12-16,DET,BAL,16.0,18.0,-213.0,,191.0,True,True,False,True,football|NFL|2013-12-16|DET|BAL
nflverse,football,NFL,2013-12-22,BUF,MIA,19.0,0.0,-108.0,,-102.0,True,True,False,True,football|NFL|2013-12-22|BUF|MIA
nflverse,football,NFL,2013-12-22,CAR,NO,17.0,13.0,-173.0,,156.0,True,True,False,True,football|NFL|2013-12-22|CAR|NO
nflverse,football,NFL,2013-12-22,CIN,MIN,42.0,14.0,-373.0,,324.0,True,True,False,True,football|NFL|2013-12-22|CIN|MIN
nflverse,football,NFL,2013-12-22,HOU,DEN,13.0,37.0,361.0,,-420.0,True,True,False,True,football|NFL|2013-12-22|HOU|DEN
nflverse,football,NFL,2013-12-22,JAX,TEN,16.0,20.0,179.0,,-199.0,True,True,False,True,football|NFL|2013-12-22|JAX|TEN
nflverse,football,NFL,2013-12-22,KC,IND,7.0,23.0,-345.0,,301.0,True,True,False,True,football|NFL|2013-12-22|KC|IND
nflverse,football,NFL,2013-12-22,NYJ,CLE,24.0,13.0,-125.0,,113.0,True,True,False,True,football|NFL|2013-12-22|NYJ|CLE
nflverse,football,NFL,2013-12-22,STL,TB,23.0,13.0,-172.0,,155.0,True,True,False,True,football|NFL|2013-12-22|STL|TB
nflverse,football,NFL,2013-12-22,WAS,DAL,23.0,24.0,150.0,,-166.0,True,True,False,True,football|NFL|2013-12-22|WAS|DAL
nflverse,football,NFL,2013-12-22,DET,NYG,20.0,23.0,-450.0,,385.0,True,True,False,True,football|NFL|2013-12-22|DET|NYG
nflverse,football,NFL,2013-12-22,SEA,ARI,10.0,17.0,-425.0,,365.0,True,True,False,True,football|NFL|2013-12-22|SEA|ARI
nflverse,football,NFL,2013-12-22,BAL,NE,7.0,41.0,-101.0,,-109.0,True,True,False,True,football|NFL|2013-12-22|BAL|NE
nflverse,football,NFL,2013-12-22,GB,PIT,31.0,38.0,103.0,,-114.0,True,True,False,True,football|NFL|2013-12-22|GB|PIT
nflverse,football,NFL,2013-12-22,SD,OAK,26.0,13.0,-521.0,,439.0,True,True,False,True,football|NFL|2013-12-22|SD|OAK
nflverse,football,NFL,2013-12-22,PHI,CHI,54.0,11.0,-139.0,,126.0,True,True,False,True,football|NFL|2013-12-22|PHI|CHI
nflverse,football,NFL,2013-12-23,SF,ATL,34.0,24.0,-1000.0,,760.0,True,True,False,True,football|NFL|2013-12-23|SF|ATL
nflverse,football,NFL,2013-12-29,ATL,CAR,20.0,21.0,205.0,,-230.0,True,True,False,True,football|NFL|2013-12-29|ATL|CAR
nflverse,football,NFL,2013-12-29,CIN,BAL,34.0,17.0,-285.0,,252.0,True,True,False,True,football|NFL|2013-12-29|CIN|BAL
nflverse,football,NFL,2013-12-29,IND,JAX,30.0,10.0,-550.0,,461.0,True,True,False,True,football|NFL|2013-12-29|IND|JAX
nflverse,football,NFL,2013-12-29,MIA,NYJ,7.0,20.0,-280.0,,248.0,True,True,False,True,football|NFL|2013-12-29|MIA|NYJ
nflverse,football,NFL,2013-12-29,MIN,DET,14.0,13.0,118.0,,-130.0,True,True,False,True,football|NFL|2013-12-29|MIN|DET
nflverse,football,NFL,2013-12-29,NYG,WAS,20.0,6.0,-179.0,,161.0,True,True,False,True,football|NFL|2013-12-29|NYG|WAS
nflverse,football,NFL,2013-12-29,PIT,CLE,20.0,7.0,-360.0,,314.0,True,True,False,True,football|NFL|2013-12-29|PIT|CLE
nflverse,football,NFL,2013-12-29,TEN,HOU,16.0,10.0,-280.0,,248.0,True,True,False,True,football|NFL|2013-12-29|TEN|HOU
nflverse,football,NFL,2013-12-29,ARI,SF,20.0,23.0,-160.0,,144.0,True,True,False,True,football|NFL|2013-12-29|ARI|SF
nflverse,football,NFL,2013-12-29,CHI,GB,28.0,33.0,140.0,,-155.0,True,True,False,True,football|NFL|2013-12-29|CHI|GB
nflverse,football,NFL,2013-12-29,NE,BUF,34.0,20.0,-335.0,,293.0,True,True,False,True,football|NFL|2013-12-29|NE|BUF
nflverse,football,NFL,2013-12-29,NO,TB,42.0,17.0,-630.0,,520.0,True,True,False,True,football|NFL|2013-12-29|NO|TB
nflverse,football,NFL,2013-12-29,OAK,DEN,14.0,34.0,423.0,,-500.0,True,True,False,True,football|NFL|2013-12-29|OAK|DEN
nflverse,football,NFL,2013-12-29,SD,KC,27.0,24.0,-850.0,,671.0,True,True,False,True,football|NFL|2013-12-29|SD|KC
nflverse,football,NFL,2013-12-29,SEA,STL,27.0,9.0,-600.0,,498.0,True,True,False,True,football|NFL|2013-12-29|SEA|STL
nflverse,football,NFL,2013-12-29,DAL,PHI,22.0,24.0,264.0,,-300.0,True,True,False,True,football|NFL|2013-12-29|DAL|PHI
nflverse,football,NFL,2014-01-04,IND,KC,45.0,44.0,111.0,,-123.0,True,True,False,True,football|NFL|2014-01-04|IND|KC
nflverse,football,NFL,2014-01-04,PHI,NO,24.0,26.0,-160.0,,144.0,True,True,False,True,football|NFL|2014-01-04|PHI|NO
nflverse,football,NFL,2014-01-05,CIN,SD,10.0,27.0,-255.0,,227.0,True,True,False,True,football|NFL|2014-01-05|CIN|SD
nflverse,football,NFL,2014-01-05,GB,SF,20.0,23.0,153.0,,-170.0,True,True,False,True,football|NFL|2014-01-05|GB|SF
nflverse,football,NFL,2014-01-11,SEA,NO,23.0,15.0,-390.0,,338.0,True,True,False,True,football|NFL|2014-01-11|SEA|NO
nflverse,football,NFL,2014-01-11,NE,IND,43.0,22.0,-295.0,,260.0,True,True,False,True,football|NFL|2014-01-11|NE|IND
nflverse,football,NFL,2014-01-12,CAR,SF,10.0,23.0,-107.0,,-103.0,True,True,False,True,football|NFL|2014-01-12|CAR|SF
nflverse,football,NFL,2014-01-12,DEN,SD,24.0,17.0,-335.0,,293.0,True,True,False,True,football|NFL|2014-01-12|DEN|SD
nflverse,football,NFL,2014-01-19,DEN,NE,26.0,16.0,-228.0,,204.0,True,True,False,True,football|NFL|2014-01-19|DEN|NE
nflverse,football,NFL,2014-01-19,SEA,SF,23.0,17.0,-203.0,,182.0,True,True,False,True,football|NFL|2014-01-19|SEA|SF
nflverse,football,NFL,2014-02-02,DEN,SEA,8.0,43.0,-122.0,,113.0,True,True,False,True,football|NFL|2014-02-02|DEN|SEA
nflverse,football,NFL,2014-09-04,SEA,GB,36.0,16.0,-230.0,,205.0,True,True,False,True,football|NFL|2014-09-04|SEA|GB
nflverse,football,NFL,2014-09-07,ATL,NO,37.0,34.0,144.0,,-160.0,True,True,False,True,football|NFL|2014-09-07|ATL|NO
nflverse,football,NFL,2014-09-07,BAL,CIN,16.0,23.0,-113.0,,102.0,True,True,False,True,football|NFL|2014-09-07|BAL|CIN
nflverse,football,NFL,2014-09-07,CHI,BUF,20.0,23.0,-270.0,,239.0,True,True,False,True,football|NFL|2014-09-07|CHI|BUF
nflverse,football,NFL,2014-09-07,HOU,WAS,17.0,6.0,-177.0,,159.0,True,True,False,True,football|NFL|2014-09-07|HOU|WAS
nflverse,football,NFL,2014-09-07,KC,TEN,10.0,26.0,-160.0,,144.0,True,True,False,True,football|NFL|2014-09-07|KC|TEN
nflverse,football,NFL,2014-09-07,MIA,NE,33.0,20.0,161.0,,-179.0,True,True,False,True,football|NFL|2014-09-07|MIA|NE
nflverse,football,NFL,2014-09-07,NYJ,OAK,19.0,14.0,-278.0,,246.0,True,True,False,True,football|NFL|2014-09-07|NYJ|OAK
nflverse,football,NFL,2014-09-07,PHI,JAX,34.0,17.0,-515.0,,435.0,True,True,False,True,football|NFL|2014-09-07|PHI|JAX
nflverse,football,NFL,2014-09-07,PIT,CLE,30.0,27.0,-242.0,,216.0,True,True,False,True,football|NFL|2014-09-07|PIT|CLE
nflverse,football,NFL,2014-09-07,STL,MIN,6.0,34.0,-155.0,,140.0,True,True,False,True,football|NFL|2014-09-07|STL|MIN
nflverse,football,NFL,2014-09-07,DAL,SF,17.0,28.0,139.0,,-154.0,True,True,False,True,football|NFL|2014-09-07|DAL|SF
nflverse,football,NFL,2014-09-07,TB,CAR,14.0,20.0,-225.0,,201.0,True,True,False,True,football|NFL|2014-09-07|TB|CAR
nflverse,football,NFL,2014-09-07,DEN,IND,31.0,24.0,-380.0,,330.0,True,True,False,True,football|NFL|2014-09-07|DEN|IND
nflverse,football,NFL,2014-09-08,DET,NYG,35.0,14.0,-272.0,,241.0,True,True,False,True,football|NFL|2014-09-08|DET|NYG
nflverse,football,NFL,2014-09-08,ARI,SD,18.0,17.0,-154.0,,139.0,True,True,False,True,football|NFL|2014-09-08|ARI|SD
nflverse,football,NFL,2014-09-11,BAL,PIT,26.0,6.0,-150.0,,136.0,True,True,False,True,football|NFL|2014-09-11|BAL|PIT
nflverse,football,NFL,2014-09-14,BUF,MIA,29.0,10.0,-113.0,,102.0,True,True,False,True,football|NFL|2014-09-14|BUF|MIA
nflverse,football,NFL,2014-09-14,CAR,DET,24.0,7.0,-113.0,,102.0,True,True,False,True,football|NFL|2014-09-14|CAR|DET
nflverse,football,NFL,2014-09-14,CIN,ATL,24.0,10.0,-242.0,,216.0,True,True,False,True,football|NFL|2014-09-14|CIN|ATL
nflverse,football,NFL,2014-09-14,CLE,NO,26.0,24.0,197.0,,-220.0,True,True,False,True,football|NFL|2014-09-14|CLE|NO
nflverse,football,NFL,2014-09-14,MIN,NE,7.0,30.0,148.0,,-164.0,True,True,False,True,football|NFL|2014-09-14|MIN|NE
nflverse,football,NFL,2014-09-14,NYG,ARI,14.0,25.0,-115.0,,104.0,True,True,False,True,football|NFL|2014-09-14|NYG|ARI
nflverse,football,NFL,2014-09-14,TEN,DAL,10.0,26.0,-167.0,,151.0,True,True,False,True,football|NFL|2014-09-14|TEN|DAL
nflverse,football,NFL,2014-09-14,WAS,JAX,41.0,10.0,-220.0,,197.0,True,True,False,True,football|NFL|2014-09-14|WAS|JAX
nflverse,football,NFL,2014-09-14,SD,SEA,30.0,21.0,201.0,,-225.0,True,True,False,True,football|NFL|2014-09-14|SD|SEA
nflverse,football,NFL,2014-09-14,TB,STL,17.0,19.0,-205.0,,184.0,True,True,False,True,football|NFL|2014-09-14|TB|STL
nflverse,football,NFL,2014-09-14,DEN,KC,24.0,17.0,-900.0,,704.0,True,True,False,True,football|NFL|2014-09-14|DEN|KC
nflverse,football,NFL,2014-09-14,GB,NYJ,31.0,24.0,-310.0,,273.0,True,True,False,True,football|NFL|2014-09-14|GB|NYJ
nflverse,football,NFL,2014-09-14,OAK,HOU,14.0,30.0,140.0,,-155.0,True,True,False,True,football|NFL|2014-09-14|OAK|HOU
nflverse,football,NFL,2014-09-14,SF,CHI,20.0,28.0,-300.0,,264.0,True,True,False,True,football|NFL|2014-09-14|SF|CHI
nflverse,football,NFL,2014-09-15,IND,PHI,27.0,30.0,-146.0,,132.0,True,True,False,True,football|NFL|2014-09-15|IND|PHI
nflverse,football,NFL,2014-09-18,ATL,TB,56.0,14.0,-277.0,,245.0,True,True,False,True,football|NFL|2014-09-18|ATL|TB
nflverse,football,NFL,2014-09-21,BUF,SD,10.0,22.0,-130.0,,118.0,True,True,False,True,football|NFL|2014-09-21|BUF|SD
nflverse,football,NFL,2014-09-21,CIN,TEN,33.0,7.0,-265.0,,235.0,True,True,False,True,football|NFL|2014-09-21|CIN|TEN
nflverse,football,NFL,2014-09-21,CLE,BAL,21.0,23.0,111.0,,-123.0,True,True,False,True,football|NFL|2014-09-21|CLE|BAL
nflverse,football,NFL,2014-09-21,DET,GB,19.0,7.0,-123.0,,111.0,True,True,False,True,football|NFL|2014-09-21|DET|GB
nflverse,football,NFL,2014-09-21,JAX,IND,17.0,44.0,231.0,,-260.0,True,True,False,True,football|NFL|2014-09-21|JAX|IND
nflverse,football,NFL,2014-09-21,NE,OAK,16.0,9.0,-900.0,,704.0,True,True,False,True,football|NFL|2014-09-21|NE|OAK
nflverse,football,NFL,2014-09-21,NO,MIN,20.0,9.0,-525.0,,442.0,True,True,False,True,football|NFL|2014-09-21|NO|MIN
nflverse,football,NFL,2014-09-21,NYG,HOU,30.0,17.0,-114.0,,103.0,True,True,False,True,football|NFL|2014-09-21|NYG|HOU
nflverse,football,NFL,2014-09-21,PHI,WAS,37.0,34.0,-209.0,,187.0,True,True,False,True,football|NFL|2014-09-21|PHI|WAS
nflverse,football,NFL,2014-09-21,STL,DAL,31.0,34.0,109.0,,-120.0,True,True,False,True,football|NFL|2014-09-21|STL|DAL
nflverse,football,NFL,2014-09-21,ARI,SF,23.0,14.0,136.0,,-150.0,True,True,False,True,football|NFL|2014-09-21|ARI|SF
nflverse,football,NFL,2014-09-21,MIA,KC,15.0,34.0,-242.0,,216.0,True,True,False,True,football|NFL|2014-09-21|MIA|KC
nflverse,football,NFL,2014-09-21,SEA,DEN,26.0,20.0,-208.0,,186.0,True,True,False,True,football|NFL|2014-09-21|SEA|DEN
nflverse,football,NFL,2014-09-21,CAR,PIT,19.0,37.0,-190.0,,171.0,True,True,False,True,football|NFL|2014-09-21|CAR|PIT
nflverse,football,NFL,2014-09-22,NYJ,CHI,19.0,27.0,-119.0,,108.0,True,True,False,True,football|NFL|2014-09-22|NYJ|CHI
nflverse,football,NFL,2014-09-25,WAS,NYG,14.0,45.0,-174.0,,157.0,True,True,False,True,football|NFL|2014-09-25|WAS|NYG
nflverse,football,NFL,2014-09-28,BAL,CAR,38.0,10.0,-156.0,,141.0,True,True,False,True,football|NFL|2014-09-28|BAL|CAR
nflverse,football,NFL,2014-09-28,CHI,GB,17.0,38.0,111.0,,-123.0,True,True,False,True,football|NFL|2014-09-28|CHI|GB
nflverse,football,NFL,2014-09-28,HOU,BUF,23.0,17.0,-134.0,,121.0,True,True,False,True,football|NFL|2014-09-28|HOU|BUF
nflverse,football,NFL,2014-09-28,IND,TEN,41.0,17.0,-330.0,,289.0,True,True,False,True,football|NFL|2014-09-28|IND|TEN
nflverse,football,NFL,2014-09-28,NYJ,DET,17.0,24.0,-119.0,,108.0,True,True,False,True,football|NFL|2014-09-28|NYJ|DET
nflverse,football,NFL,2014-09-28,OAK,MIA,14.0,38.0,171.0,,-190.0,True,True,False,True,football|NFL|2014-09-28|OAK|MIA
nflverse,football,NFL,2014-09-28,PIT,TB,24.0,27.0,-345.0,,301.0,True,True,False,True,football|NFL|2014-09-28|PIT|TB
nflverse,football,NFL,2014-09-28,SD,JAX,33.0,14.0,-550.0,,461.0,True,True,False,True,football|NFL|2014-09-28|SD|JAX
nflverse,football,NFL,2014-09-28,MIN,ATL,41.0,28.0,206.0,,-231.0,True,True,False,True,football|NFL|2014-09-28|MIN|ATL
nflverse,football,NFL,2014-09-28,SF,PHI,26.0,21.0,-208.0,,186.0,True,True,False,True,football|NFL|2014-09-28|SF|PHI
nflverse,football,NFL,2014-09-28,DAL,NO,38.0,17.0,125.0,,-138.0,True,True,False,True,football|NFL|2014-09-28|DAL|NO
nflverse,football,NFL,2014-09-29,KC,NE,41.0,14.0,125.0,,-138.0,True,True,False,True,football|NFL|2014-09-29|KC|NE
nflverse,football,NFL,2014-10-02,GB,MIN,42.0,10.0,-400.0,,346.0,True,True,False,True,football|NFL|2014-10-02|GB|MIN
nflverse,football,NFL,2014-10-05,CAR,CHI,31.0,24.0,-117.0,,106.0,True,True,False,True,football|NFL|2014-10-05|CAR|CHI
nflverse,football,NFL,2014-10-05,DAL,HOU,20.0,17.0,-235.0,,210.0,True,True,False,True,football|NFL|2014-10-05|DAL|HOU
nflverse,football,NFL,2014-10-05,DET,BUF,14.0,17.0,-220.0,,197.0,True,True,False,True,football|NFL|2014-10-05|DET|BUF
nflverse,football,NFL,2014-10-05,IND,BAL,20.0,13.0,-139.0,,126.0,True,True,False,True,football|NFL|2014-10-05|IND|BAL
nflverse,football,NFL,2014-10-05,JAX,PIT,9.0,17.0,205.0,,-230.0,True,True,False,True,football|NFL|2014-10-05|JAX|PIT
nflverse,football,NFL,2014-10-05,NO,TB,37.0,31.0,-550.0,,461.0,True,True,False,True,football|NFL|2014-10-05|NO|TB
nflverse,football,NFL,2014-10-05,NYG,ATL,30.0,20.0,-196.0,,176.0,True,True,False,True,football|NFL|2014-10-05|NYG|ATL
nflverse,football,NFL,2014-10-05,PHI,STL,34.0,28.0,-195.0,,175.0,True,True,False,True,football|NFL|2014-10-05|PHI|STL
nflverse,football,NFL,2014-10-05,TEN,CLE,28.0,29.0,105.0,,-116.0,True,True,False,True,football|NFL|2014-10-05|TEN|CLE
nflverse,football,NFL,2014-10-05,DEN,ARI,41.0,20.0,-350.0,,305.0,True,True,False,True,football|NFL|2014-10-05|DEN|ARI
nflverse,football,NFL,2014-10-05,SD,NYJ,31.0,0.0,-290.0,,256.0,True,True,False,True,football|NFL|2014-10-05|SD|NYJ
nflverse,football,NFL,2014-10-05,SF,KC,22.0,17.0,-202.0,,181.0,True,True,False,True,football|NFL|2014-10-05|SF|KC
nflverse,football,NFL,2014-10-05,NE,CIN,43.0,17.0,118.0,,-130.0,True,True,False,True,football|NFL|2014-10-05|NE|CIN
nflverse,football,NFL,2014-10-06,WAS,SEA,17.0,27.0,260.0,,-295.0,True,True,False,True,football|NFL|2014-10-06|WAS|SEA
nflverse,football,NFL,2014-10-09,HOU,IND,28.0,33.0,113.0,,-125.0,True,True,False,True,football|NFL|2014-10-09|HOU|IND
nflverse,football,NFL,2014-10-12,BUF,NE,22.0,37.0,-117.0,,106.0,True,True,False,True,football|NFL|2014-10-12|BUF|NE
nflverse,football,NFL,2014-10-12,CIN,CAR,37.0,37.0,-320.0,,281.0,True,True,False,True,football|NFL|2014-10-12|CIN|CAR
nflverse,football,NFL,2014-10-12,CLE,PIT,31.0,10.0,-123.0,,111.0,True,True,False,True,football|NFL|2014-10-12|CLE|PIT
nflverse,football,NFL,2014-10-12,MIA,GB,24.0,27.0,104.0,,-115.0,True,True,False,True,football|NFL|2014-10-12|MIA|GB
nflverse,football,NFL,2014-10-12,MIN,DET,3.0,17.0,-113.0,,102.0,True,True,False,True,football|NFL|2014-10-12|MIN|DET
nflverse,football,NFL,2014-10-12,NYJ,DEN,17.0,31.0,361.0,,-420.0,True,True,False,True,football|NFL|2014-10-12|NYJ|DEN
nflverse,football,NFL,2014-10-12,TB,BAL,17.0,48.0,159.0,,-177.0,True,True,False,True,football|NFL|2014-10-12|TB|BAL
nflverse,football,NFL,2014-10-12,TEN,JAX,16.0,14.0,-208.0,,186.0,True,True,False,True,football|NFL|2014-10-12|TEN|JAX
nflverse,football,NFL,2014-10-12,OAK,SD,28.0,31.0,297.0,,-340.0,True,True,False,True,football|NFL|2014-10-12|OAK|SD
nflverse,football,NFL,2014-10-12,ARI,WAS,30.0,20.0,-230.0,,205.0,True,True,False,True,football|NFL|2014-10-12|ARI|WAS
nflverse,football,NFL,2014-10-12,ATL,CHI,13.0,27.0,-190.0,,171.0,True,True,False,True,football|NFL|2014-10-12|ATL|CHI
nflverse,football,NFL,2014-10-12,SEA,DAL,23.0,30.0,-450.0,,385.0,True,True,False,True,football|NFL|2014-10-12|SEA|DAL
nflverse,football,NFL,2014-10-12,PHI,NYG,27.0,0.0,-117.0,,106.0,True,True,False,True,football|NFL|2014-10-12|PHI|NYG
nflverse,football,NFL,2014-10-13,STL,SF,17.0,31.0,169.0,,-188.0,True,True,False,True,football|NFL|2014-10-13|STL|SF
nflverse,football,NFL,2014-10-16,NE,NYJ,27.0,25.0,-500.0,,423.0,True,True,False,True,football|NFL|2014-10-16|NE|NYJ
nflverse,football,NFL,2014-10-19,BAL,ATL,29.0,7.0,-300.0,,264.0,True,True,False,True,football|NFL|2014-10-19|BAL|ATL
nflverse,football,NFL,2014-10-19,BUF,MIN,17.0,16.0,-300.0,,264.0,True,True,False,True,football|NFL|2014-10-19|BUF|MIN
nflverse,football,NFL,2014-10-19,CHI,MIA,14.0,27.0,-173.0,,156.0,True,True,False,True,football|NFL|2014-10-19|CHI|MIA
nflverse,football,NFL,2014-10-19,DET,NO,24.0,23.0,-119.0,,108.0,True,True,False,True,football|NFL|2014-10-19|DET|NO
nflverse,football,NFL,2014-10-19,GB,CAR,38.0,17.0,-280.0,,248.0,True,True,False,True,football|NFL|2014-10-19|GB|CAR
nflverse,football,NFL,2014-10-19,IND,CIN,27.0,0.0,-179.0,,161.0,True,True,False,True,football|NFL|2014-10-19|IND|CIN
nflverse,football,NFL,2014-10-19,JAX,CLE,24.0,6.0,181.0,,-202.0,True,True,False,True,football|NFL|2014-10-19|JAX|CLE
nflverse,football,NFL,2014-10-19,STL,SEA,28.0,26.0,269.0,,-305.0,True,True,False,True,football|NFL|2014-10-19|STL|SEA
nflverse,football,NFL,2014-10-19,WAS,TEN,19.0,17.0,-247.0,,220.0,True,True,False,True,football|NFL|2014-10-19|WAS|TEN
nflverse,football,NFL,2014-10-19,SD,KC,20.0,23.0,-154.0,,139.0,True,True,False,True,football|NFL|2014-10-19|SD|KC
nflverse,football,NFL,2014-10-19,DAL,NYG,31.0,21.0,-230.0,,205.0,True,True,False,True,football|NFL|2014-10-19|DAL|NYG
nflverse,football,NFL,2014-10-19,OAK,ARI,13.0,24.0,166.0,,-185.0,True,True,False,True,football|NFL|2014-10-19|OAK|ARI
nflverse,football,NFL,2014-10-19,DEN,SF,42.0,17.0,-300.0,,264.0,True,True,False,True,football|NFL|2014-10-19|DEN|SF
nflverse,football,NFL,2014-10-20,PIT,HOU,30.0,23.0,-162.0,,146.0,True,True,False,True,football|NFL|2014-10-20|PIT|HOU
nflverse,football,NFL,2014-10-23,DEN,SD,35.0,21.0,-415.0,,358.0,True,True,False,True,football|NFL|2014-10-23|DEN|SD
nflverse,football,NFL,2014-10-26,ATL,DET,21.0,22.0,153.0,,-170.0,True,True,False,True,football|NFL|2014-10-26|ATL|DET
nflverse,football,NFL,2014-10-26,CAR,SEA,9.0,13.0,214.0,,-240.0,True,True,False,True,football|NFL|2014-10-26|CAR|SEA
nflverse,football,NFL,2014-10-26,CIN,BAL,27.0,24.0,136.0,,-150.0,True,True,False,True,football|NFL|2014-10-26|CIN|BAL
nflverse,football,NFL,2014-10-26,JAX,MIA,13.0,27.0,281.0,,-320.0,True,True,False,True,football|NFL|2014-10-26|JAX|MIA
nflverse,football,NFL,2014-10-26,KC,STL,34.0,7.0,-335.0,,293.0,True,True,False,True,football|NFL|2014-10-26|KC|STL
nflverse,football,NFL,2014-10-26,NE,CHI,51.0,23.0,-225.0,,201.0,True,True,False,True,football|NFL|2014-10-26|NE|CHI
nflverse,football,NFL,2014-10-26,NYJ,BUF,23.0,43.0,-145.0,,131.0,True,True,False,True,football|NFL|2014-10-26|NYJ|BUF
nflverse,football,NFL,2014-10-26,TB,MIN,13.0,19.0,-115.0,,104.0,True,True,False,True,football|NFL|2014-10-26|TB|MIN
nflverse,football,NFL,2014-10-26,TEN,HOU,16.0,30.0,162.0,,-180.0,True,True,False,True,football|NFL|2014-10-26|TEN|HOU
nflverse,football,NFL,2014-10-26,ARI,PHI,24.0,20.0,-105.0,,-105.0,True,True,False,True,football|NFL|2014-10-26|ARI|PHI
nflverse,football,NFL,2014-10-26,CLE,OAK,23.0,13.0,-270.0,,239.0,True,True,False,True,football|NFL|2014-10-26|CLE|OAK
nflverse,football,NFL,2014-10-26,PIT,IND,51.0,34.0,201.0,,-225.0,True,True,False,True,football|NFL|2014-10-26|PIT|IND
nflverse,football,NFL,2014-10-26,NO,GB,44.0,23.0,-124.0,,112.0,True,True,False,True,football|NFL|2014-10-26|NO|GB
nflverse,football,NFL,2014-10-27,DAL,WAS,17.0,20.0,-430.0,,369.0,True,True,False,True,football|NFL|2014-10-27|DAL|WAS
nflverse,football,NFL,2014-10-30,CAR,NO,10.0,28.0,146.0,,-162.0,True,True,False,True,football|NFL|2014-10-30|CAR|NO
nflverse,football,NFL,2014-11-02,CIN,JAX,33.0,23.0,-460.0,,393.0,True,True,False,True,football|NFL|2014-11-02|CIN|JAX
nflverse,football,NFL,2014-11-02,CLE,TB,22.0,17.0,-320.0,,281.0,True,True,False,True,football|NFL|2014-11-02|CLE|TB
nflverse,football,NFL,2014-11-02,DAL,ARI,17.0,28.0,-119.0,,108.0,True,True,False,True,football|NFL|2014-11-02|DAL|ARI
nflverse,football,NFL,2014-11-02,HOU,PHI,21.0,31.0,103.0,,-114.0,True,True,False,True,football|NFL|2014-11-02|HOU|PHI
nflverse,football,NFL,2014-11-02,KC,NYJ,24.0,10.0,-440.0,,377.0,True,True,False,True,football|NFL|2014-11-02|KC|NYJ
nflverse,football,NFL,2014-11-02,MIA,SD,37.0,0.0,-144.0,,130.0,True,True,False,True,football|NFL|2014-11-02|MIA|SD
nflverse,football,NFL,2014-11-02,MIN,WAS,29.0,26.0,102.0,,-112.0,True,True,False,True,football|NFL|2014-11-02|MIN|WAS
nflverse,football,NFL,2014-11-02,SF,STL,10.0,13.0,-530.0,,446.0,True,True,False,True,football|NFL|2014-11-02|SF|STL
nflverse,football,NFL,2014-11-02,NE,DEN,43.0,21.0,137.0,,-152.0,True,True,False,True,football|NFL|2014-11-02|NE|DEN
nflverse,football,NFL,2014-11-02,SEA,OAK,30.0,24.0,-800.0,,638.0,True,True,False,True,football|NFL|2014-11-02|SEA|OAK
nflverse,football,NFL,2014-11-02,PIT,BAL,43.0,23.0,-128.0,,116.0,True,True,False,True,football|NFL|2014-11-02|PIT|BAL
nflverse,football,NFL,2014-11-03,NYG,IND,24.0,40.0,135.0,,-149.0,True,True,False,True,football|NFL|2014-11-03|NYG|IND
nflverse,football,NFL,2014-11-06,CIN,CLE,3.0,24.0,-250.0,,222.0,True,True,False,True,football|NFL|2014-11-06|CIN|CLE
nflverse,football,NFL,2014-11-09,BAL,TEN,21.0,7.0,-500.0,,423.0,True,True,False,True,football|NFL|2014-11-09|BAL|TEN
nflverse,football,NFL,2014-11-09,BUF,KC,13.0,17.0,-128.0,,116.0,True,True,False,True,football|NFL|2014-11-09|BUF|KC
nflverse,football,NFL,2014-11-09,DET,MIA,20.0,16.0,-145.0,,131.0,True,True,False,True,football|NFL|2014-11-09|DET|MIA
nflverse,football,NFL,2014-11-09,JAX,DAL,17.0,31.0,289.0,,-330.0,True,True,False,True,football|NFL|2014-11-09|JAX|DAL
nflverse,football,NFL,2014-11-09,NO,SF,24.0,27.0,-248.0,,221.0,True,True,False,True,football|NFL|2014-11-09|NO|SF
nflverse,football,NFL,2014-11-09,NYJ,PIT,20.0,13.0,190.0,,-212.0,True,True,False,True,football|NFL|2014-11-09|NYJ|PIT
nflverse,football,NFL,2014-11-09,TB,ATL,17.0,27.0,153.0,,-170.0,True,True,False,True,football|NFL|2014-11-09|TB|ATL
nflverse,football,NFL,2014-11-09,OAK,DEN,17.0,41.0,534.0,,-650.0,True,True,False,True,football|NFL|2014-11-09|OAK|DEN
nflverse,football,NFL,2014-11-09,ARI,STL,31.0,14.0,-300.0,,264.0,True,True,False,True,football|NFL|2014-11-09|ARI|STL
nflverse,football,NFL,2014-11-09,SEA,NYG,38.0,17.0,-450.0,,385.0,True,True,False,True,football|NFL|2014-11-09|SEA|NYG
nflverse,football,NFL,2014-11-09,GB,CHI,55.0,14.0,-380.0,,330.0,True,True,False,True,football|NFL|2014-11-09|GB|CHI
nflverse,football,NFL,2014-11-10,PHI,CAR,45.0,21.0,-335.0,,293.0,True,True,False,True,football|NFL|2014-11-10|PHI|CAR
nflverse,football,NFL,2014-11-13,MIA,BUF,22.0,9.0,-195.0,,175.0,True,True,False,True,football|NFL|2014-11-13|MIA|BUF
nflverse,football,NFL,2014-11-16,CAR,ATL,17.0,19.0,126.0,,-139.0,True,True,False,True,football|NFL|2014-11-16|CAR|ATL
nflverse,football,NFL,2014-11-16,CHI,MIN,21.0,13.0,-128.0,,116.0,True,True,False,True,football|NFL|2014-11-16|CHI|MIN
nflverse,football,NFL,2014-11-16,CLE,HOU,7.0,23.0,-213.0,,191.0,True,True,False,True,football|NFL|2014-11-16|CLE|HOU
nflverse,football,NFL,2014-11-16,KC,SEA,24.0,20.0,104.0,,-115.0,True,True,False,True,football|NFL|2014-11-16|KC|SEA
nflverse,football,NFL,2014-11-16,NO,CIN,10.0,27.0,-380.0,,330.0,True,True,False,True,football|NFL|2014-11-16|NO|CIN
nflverse,football,NFL,2014-11-16,NYG,SF,10.0,16.0,171.0,,-190.0,True,True,False,True,football|NFL|2014-11-16|NYG|SF
nflverse,football,NFL,2014-11-16,STL,DEN,22.0,7.0,310.0,,-355.0,True,True,False,True,football|NFL|2014-11-16|STL|DEN
nflverse,football,NFL,2014-11-16,WAS,TB,7.0,27.0,-300.0,,264.0,True,True,False,True,football|NFL|2014-11-16|WAS|TB
nflverse,football,NFL,2014-11-16,SD,OAK,13.0,6.0,-500.0,,423.0,True,True,False,True,football|NFL|2014-11-16|SD|OAK
nflverse,football,NFL,2014-11-16,ARI,DET,14.0,6.0,104.0,,-115.0,True,True,False,True,football|NFL|2014-11-16|ARI|DET
nflverse,football,NFL,2014-11-16,GB,PHI,53.0,20.0,-200.0,,180.0,True,True,False,True,football|NFL|2014-11-16|GB|PHI
nflverse,football,NFL,2014-11-16,IND,NE,20.0,42.0,-160.0,,144.0,True,True,False,True,football|NFL|2014-11-16|IND|NE
nflverse,football,NFL,2014-11-17,TEN,PIT,24.0,27.0,271.0,,-308.0,True,True,False,True,football|NFL|2014-11-17|TEN|PIT
nflverse,football,NFL,2014-11-20,OAK,KC,24.0,20.0,289.0,,-330.0,True,True,False,True,football|NFL|2014-11-20|OAK|KC
nflverse,football,NFL,2014-11-23,ATL,CLE,24.0,26.0,-145.0,,131.0,True,True,False,True,football|NFL|2014-11-23|ATL|CLE
nflverse,football,NFL,2014-11-23,CHI,TB,21.0,13.0,-202.0,,181.0,True,True,False,True,football|NFL|2014-11-23|CHI|TB
nflverse,football,NFL,2014-11-23,HOU,CIN,13.0,22.0,-149.0,,135.0,True,True,False,True,football|NFL|2014-11-23|HOU|CIN
nflverse,football,NFL,2014-11-23,IND,JAX,23.0,3.0,-700.0,,569.0,True,True,False,True,football|NFL|2014-11-23|IND|JAX
nflverse,football,NFL,2014-11-23,MIN,GB,21.0,24.0,297.0,,-340.0,True,True,False,True,football|NFL|2014-11-23|MIN|GB
nflverse,football,NFL,2014-11-23,NE,DET,34.0,9.0,-310.0,,273.0,True,True,False,True,football|NFL|2014-11-23|NE|DET
nflverse,football,NFL,2014-11-23,PHI,TEN,43.0,24.0,-600.0,,498.0,True,True,False,True,football|NFL|2014-11-23|PHI|TEN
nflverse,football,NFL,2014-11-23,SD,STL,27.0,24.0,-195.0,,175.0,True,True,False,True,football|NFL|2014-11-23|SD|STL
nflverse,football,NFL,2014-11-23,SEA,ARI,19.0,3.0,-360.0,,314.0,True,True,False,True,football|NFL|2014-11-23|SEA|ARI
nflverse,football,NFL,2014-11-23,DEN,MIA,39.0,36.0,-285.0,,252.0,True,True,False,True,football|NFL|2014-11-23|DEN|MIA
nflverse,football,NFL,2014-11-23,SF,WAS,17.0,13.0,-420.0,,361.0,True,True,False,True,football|NFL|2014-11-23|SF|WAS
nflverse,football,NFL,2014-11-23,NYG,DAL,28.0,31.0,181.0,,-202.0,True,True,False,True,football|NFL|2014-11-23|NYG|DAL
nflverse,football,NFL,2014-11-24,BUF,NYJ,38.0,3.0,-143.0,,129.0,True,True,False,True,football|NFL|2014-11-24|BUF|NYJ
nflverse,football,NFL,2014-11-24,NO,BAL,27.0,34.0,-134.0,,121.0,True,True,False,True,football|NFL|2014-11-24|NO|BAL
nflverse,football,NFL,2014-11-27,DET,CHI,34.0,17.0,-330.0,,289.0,True,True,False,True,football|NFL|2014-11-27|DET|CHI
nflverse,football,NFL,2014-11-27,DAL,PHI,10.0,33.0,-160.0,,144.0,True,True,False,True,football|NFL|2014-11-27|DAL|PHI
nflverse,football,NFL,2014-11-27,SF,SEA,3.0,19.0,-114.0,,103.0,True,True,False,True,football|NFL|2014-11-27|SF|SEA
nflverse,football,NFL,2014-11-30,BAL,SD,33.0,34.0,-290.0,,256.0,True,True,False,True,football|NFL|2014-11-30|BAL|SD
nflverse,football,NFL,2014-11-30,BUF,CLE,26.0,10.0,-173.0,,156.0,True,True,False,True,football|NFL|2014-11-30|BUF|CLE
nflverse,football,NFL,2014-11-30,HOU,TEN,45.0,21.0,-285.0,,252.0,True,True,False,True,football|NFL|2014-11-30|HOU|TEN
nflverse,football,NFL,2014-11-30,IND,WAS,49.0,27.0,-390.0,,338.0,True,True,False,True,football|NFL|2014-11-30|IND|WAS
nflverse,football,NFL,2014-11-30,JAX,NYG,25.0,24.0,137.0,,-152.0,True,True,False,True,football|NFL|2014-11-30|JAX|NYG
nflverse,football,NFL,2014-11-30,MIN,CAR,31.0,13.0,-143.0,,129.0,True,True,False,True,football|NFL|2014-11-30|MIN|CAR
nflverse,football,NFL,2014-11-30,PIT,NO,32.0,35.0,-185.0,,166.0,True,True,False,True,football|NFL|2014-11-30|PIT|NO
nflverse,football,NFL,2014-11-30,STL,OAK,52.0,0.0,-290.0,,256.0,True,True,False,True,football|NFL|2014-11-30|STL|OAK
nflverse,football,NFL,2014-11-30,TB,CIN,13.0,14.0,210.0,,-235.0,True,True,False,True,football|NFL|2014-11-30|TB|CIN
nflverse,football,NFL,2014-11-30,ATL,ARI,29.0,18.0,106.0,,-117.0,True,True,False,True,football|NFL|2014-11-30|ATL|ARI
nflverse,football,NFL,2014-11-30,GB,NE,26.0,21.0,-160.0,,144.0,True,True,False,True,football|NFL|2014-11-30|GB|NE
nflverse,football,NFL,2014-11-30,KC,DEN,16.0,29.0,-109.0,,-101.0,True,True,False,True,football|NFL|2014-11-30|KC|DEN
nflverse,football,NFL,2014-12-01,NYJ,MIA,13.0,16.0,269.0,,-305.0,True,True,False,True,football|NFL|2014-12-01|NYJ|MIA
nflverse,football,NFL,2014-12-04,CHI,DAL,28.0,41.0,168.0,,-187.0,True,True,False,True,football|NFL|2014-12-04|CHI|DAL
nflverse,football,NFL,2014-12-07,CIN,PIT,21.0,42.0,-139.0,,126.0,True,True,False,True,football|NFL|2014-12-07|CIN|PIT
nflverse,football,NFL,2014-12-07,CLE,IND,24.0,25.0,139.0,,-154.0,True,True,False,True,football|NFL|2014-12-07|CLE|IND
nflverse,football,NFL,2014-12-07,DET,TB,34.0,17.0,-480.0,,408.0,True,True,False,True,football|NFL|2014-12-07|DET|TB
nflverse,football,NFL,2014-12-07,JAX,HOU,13.0,27.0,243.0,,-274.0,True,True,False,True,football|NFL|2014-12-07|JAX|HOU
nflverse,football,NFL,2014-12-07,MIA,BAL,13.0,28.0,-162.0,,146.0,True,True,False,True,football|NFL|2014-12-07|MIA|BAL
nflverse,football,NFL,2014-12-07,MIN,NYJ,30.0,24.0,-218.0,,195.0,True,True,False,True,football|NFL|2014-12-07|MIN|NYJ
nflverse,football,NFL,2014-12-07,NO,CAR,10.0,41.0,-400.0,,346.0,True,True,False,True,football|NFL|2014-12-07|NO|CAR
nflverse,football,NFL,2014-12-07,TEN,NYG,7.0,36.0,129.0,,-143.0,True,True,False,True,football|NFL|2014-12-07|TEN|NYG
nflverse,football,NFL,2014-12-07,WAS,STL,0.0,24.0,121.0,,-134.0,True,True,False,True,football|NFL|2014-12-07|WAS|STL
nflverse,football,NFL,2014-12-07,ARI,KC,17.0,14.0,131.0,,-145.0,True,True,False,True,football|NFL|2014-12-07|ARI|KC
nflverse,football,NFL,2014-12-07,DEN,BUF,24.0,17.0,-400.0,,346.0,True,True,False,True,football|NFL|2014-12-07|DEN|BUF
nflverse,football,NFL,2014-12-07,OAK,SF,24.0,13.0,315.0,,-362.0,True,True,False,True,football|NFL|2014-12-07|OAK|SF
nflverse,football,NFL,2014-12-07,PHI,SEA,14.0,24.0,111.0,,-123.0,True,True,False,True,football|NFL|2014-12-07|PHI|SEA
nflverse,football,NFL,2014-12-07,SD,NE,14.0,23.0,186.0,,-208.0,True,True,False,True,football|NFL|2014-12-07|SD|NE
nflverse,football,NFL,2014-12-08,GB,ATL,43.0,37.0,-730.0,,590.0,True,True,False,True,football|NFL|2014-12-08|GB|ATL
nflverse,football,NFL,2014-12-11,STL,ARI,6.0,12.0,-255.0,,227.0,True,True,False,True,football|NFL|2014-12-11|STL|ARI
nflverse,football,NFL,2014-12-14,ATL,PIT,20.0,27.0,136.0,,-150.0,True,True,False,True,football|NFL|2014-12-14|ATL|PIT
nflverse,football,NFL,2014-12-14,BAL,JAX,20.0,12.0,-800.0,,638.0,True,True,False,True,football|NFL|2014-12-14|BAL|JAX
nflverse,football,NFL,2014-12-14,BUF,GB,21.0,13.0,155.0,,-172.0,True,True,False,True,football|NFL|2014-12-14|BUF|GB
nflverse,football,NFL,2014-12-14,CAR,TB,19.0,17.0,-185.0,,166.0,True,True,False,True,football|NFL|2014-12-14|CAR|TB
nflverse,football,NFL,2014-12-14,CLE,CIN,0.0,30.0,-139.0,,126.0,True,True,False,True,football|NFL|2014-12-14|CLE|CIN
nflverse,football,NFL,2014-12-14,IND,HOU,17.0,10.0,-310.0,,273.0,True,True,False,True,football|NFL|2014-12-14|IND|HOU
nflverse,football,NFL,2014-12-14,KC,OAK,31.0,13.0,-500.0,,423.0,True,True,False,True,football|NFL|2014-12-14|KC|OAK
nflverse,football,NFL,2014-12-14,NE,MIA,41.0,13.0,-420.0,,361.0,True,True,False,True,football|NFL|2014-12-14|NE|MIA
nflverse,football,NFL,2014-12-14,NYG,WAS,24.0,13.0,-300.0,,264.0,True,True,False,True,football|NFL|2014-12-14|NYG|WAS
nflverse,football,NFL,2014-12-14,SD,DEN,10.0,22.0,171.0,,-190.0,True,True,False,True,football|NFL|2014-12-14|SD|DEN
nflverse,football,NFL,2014-12-14,TEN,NYJ,11.0,16.0,167.0,,-186.0,True,True,False,True,football|NFL|2014-12-14|TEN|NYJ
nflverse,football,NFL,2014-12-14,DET,MIN,16.0,14.0,-350.0,,305.0,True,True,False,True,football|NFL|2014-12-14|DET|MIN
nflverse,football,NFL,2014-12-14,SEA,SF,17.0,7.0,-430.0,,369.0,True,True,False,True,football|NFL|2014-12-14|SEA|SF
nflverse,football,NFL,2014-12-14,PHI,DAL,27.0,38.0,-159.0,,144.0,True,True,False,True,football|NFL|2014-12-14|PHI|DAL
nflverse,football,NFL,2014-12-15,CHI,NO,15.0,31.0,159.0,,-177.0,True,True,False,True,football|NFL|2014-12-15|CHI|NO
nflverse,football,NFL,2014-12-18,JAX,TEN,21.0,13.0,-196.0,,176.0,True,True,False,True,football|NFL|2014-12-18|JAX|TEN
nflverse,football,NFL,2014-12-20,WAS,PHI,27.0,24.0,277.0,,-315.0,True,True,False,True,football|NFL|2014-12-20|WAS|PHI
nflverse,football,NFL,2014-12-20,SF,SD,35.0,38.0,-128.0,,116.0,True,True,False,True,football|NFL|2014-12-20|SF|SD
nflverse,football,NFL,2014-12-21,CAR,CLE,17.0,13.0,-236.0,,211.0,True,True,False,True,football|NFL|2014-12-21|CAR|CLE
nflverse,football,NFL,2014-12-21,CHI,DET,14.0,20.0,354.0,,-410.0,True,True,False,True,football|NFL|2014-12-21|CHI|DET
nflverse,football,NFL,2014-12-21,HOU,BAL,25.0,13.0,216.0,,-242.0,True,True,False,True,football|NFL|2014-12-21|HOU|BAL
nflverse,football,NFL,2014-12-21,MIA,MIN,37.0,35.0,-225.0,,201.0,True,True,False,True,football|NFL|2014-12-21|MIA|MIN
nflverse,football,NFL,2014-12-21,NO,ATL,14.0,30.0,-233.0,,208.0,True,True,False,True,football|NFL|2014-12-21|NO|ATL
nflverse,football,NFL,2014-12-21,NYJ,NE,16.0,17.0,385.0,,-450.0,True,True,False,True,football|NFL|2014-12-21|NYJ|NE
nflverse,football,NFL,2014-12-21,PIT,KC,20.0,12.0,-134.0,,121.0,True,True,False,True,football|NFL|2014-12-21|PIT|KC
nflverse,football,NFL,2014-12-21,TB,GB,3.0,20.0,520.0,,-630.0,True,True,False,True,football|NFL|2014-12-21|TB|GB
nflverse,football,NFL,2014-12-21,STL,NYG,27.0,37.0,-290.0,,256.0,True,True,False,True,football|NFL|2014-12-21|STL|NYG
nflverse,football,NFL,2014-12-21,DAL,IND,42.0,7.0,-178.0,,160.0,True,True,False,True,football|NFL|2014-12-21|DAL|IND
nflverse,football,NFL,2014-12-21,OAK,BUF,26.0,24.0,256.0,,-290.0,True,True,False,True,football|NFL|2014-12-21|OAK|BUF
nflverse,football,NFL,2014-12-21,ARI,SEA,6.0,35.0,338.0,,-390.0,True,True,False,True,football|NFL|2014-12-21|ARI|SEA
nflverse,football,NFL,2014-12-22,CIN,DEN,37.0,28.0,171.0,,-190.0,True,True,False,True,football|NFL|2014-12-22|CIN|DEN
nflverse,football,NFL,2014-12-28,BAL,CLE,20.0,10.0,-1000.0,,760.0,True,True,False,True,football|NFL|2014-12-28|BAL|CLE
nflverse,football,NFL,2014-12-28,HOU,JAX,23.0,17.0,-400.0,,346.0,True,True,False,True,football|NFL|2014-12-28|HOU|JAX
nflverse,football,NFL,2014-12-28,KC,SD,19.0,7.0,-152.0,,137.0,True,True,False,True,football|NFL|2014-12-28|KC|SD
nflverse,football,NFL,2014-12-28,MIA,NYJ,24.0,37.0,-320.0,,281.0,True,True,False,True,football|NFL|2014-12-28|MIA|NYJ
nflverse,football,NFL,2014-12-28,MIN,CHI,13.0,9.0,-300.0,,264.0,True,True,False,True,football|NFL|2014-12-28|MIN|CHI
nflverse,football,NFL,2014-12-28,NE,BUF,9.0,17.0,-218.0,,195.0,True,True,False,True,football|NFL|2014-12-28|NE|BUF
nflverse,football,NFL,2014-12-28,NYG,PHI,26.0,34.0,-105.0,,-105.0,True,True,False,True,football|NFL|2014-12-28|NYG|PHI
nflverse,football,NFL,2014-12-28,TB,NO,20.0,23.0,216.0,,-242.0,True,True,False,True,football|NFL|2014-12-28|TB|NO
nflverse,football,NFL,2014-12-28,TEN,IND,10.0,27.0,281.0,,-320.0,True,True,False,True,football|NFL|2014-12-28|TEN|IND
nflverse,football,NFL,2014-12-28,WAS,DAL,17.0,44.0,222.0,,-250.0,True,True,False,True,football|NFL|2014-12-28|WAS|DAL
nflverse,football,NFL,2014-12-28,ATL,CAR,3.0,34.0,-128.0,,116.0,True,True,False,True,football|NFL|2014-12-28|ATL|CAR
nflverse,football,NFL,2014-12-28,DEN,OAK,47.0,14.0,-1300.0,,925.0,True,True,False,True,football|NFL|2014-12-28|DEN|OAK
nflverse,football,NFL,2014-12-28,GB,DET,30.0,20.0,-400.0,,346.0,True,True,False,True,football|NFL|2014-12-28|GB|DET
nflverse,football,NFL,2014-12-28,SEA,STL,20.0,6.0,-530.0,,446.0,True,True,False,True,football|NFL|2014-12-28|SEA|STL
nflverse,football,NFL,2014-12-28,SF,ARI,20.0,17.0,-247.0,,220.0,True,True,False,True,football|NFL|2014-12-28|SF|ARI
nflverse,football,NFL,2014-12-28,PIT,CIN,27.0,17.0,-150.0,,136.0,True,True,False,True,football|NFL|2014-12-28|PIT|CIN
nflverse,football,NFL,2015-01-03,CAR,ARI,27.0,16.0,-242.0,,216.0,True,True,False,True,football|NFL|2015-01-03|CAR|ARI
nflverse,football,NFL,2015-01-03,PIT,BAL,17.0,30.0,-162.0,,146.0,True,True,False,True,football|NFL|2015-01-03|PIT|BAL
nflverse,football,NFL,2015-01-04,IND,CIN,26.0,10.0,-202.0,,181.0,True,True,False,True,football|NFL|2015-01-04|IND|CIN
nflverse,football,NFL,2015-01-04,DAL,DET,24.0,20.0,-260.0,,231.0,True,True,False,True,football|NFL|2015-01-04|DAL|DET
nflverse,football,NFL,2015-01-10,NE,BAL,35.0,31.0,-290.0,,256.0,True,True,False,True,football|NFL|2015-01-10|NE|BAL
nflverse,football,NFL,2015-01-10,SEA,CAR,31.0,17.0,-700.0,,569.0,True,True,False,True,football|NFL|2015-01-10|SEA|CAR
nflverse,football,NFL,2015-01-11,GB,DAL,26.0,21.0,-230.0,,205.0,True,True,False,True,football|NFL|2015-01-11|GB|DAL
nflverse,football,NFL,2015-01-11,DEN,IND,13.0,24.0,-440.0,,377.0,True,True,False,True,football|NFL|2015-01-11|DEN|IND
nflverse,football,NFL,2015-01-18,SEA,GB,28.0,22.0,-363.0,,316.0,True,True,False,True,football|NFL|2015-01-18|SEA|GB
nflverse,football,NFL,2015-01-18,NE,IND,45.0,7.0,-320.0,,281.0,True,True,False,True,football|NFL|2015-01-18|NE|IND
nflverse,football,NFL,2015-02-01,SEA,NE,24.0,28.0,-105.0,,-105.0,True,True,False,True,football|NFL|2015-02-01|SEA|NE
nflverse,football,NFL,2015-09-10,NE,PIT,28.0,21.0,-350.0,,305.0,True,True,False,True,football|NFL|2015-09-10|NE|PIT
nflverse,football,NFL,2015-09-13,BUF,IND,27.0,14.0,-101.0,,-109.0,True,True,False,True,football|NFL|2015-09-13|BUF|IND
nflverse,football,NFL,2015-09-13,CHI,GB,23.0,31.0,222.0,,-250.0,True,True,False,True,football|NFL|2015-09-13|CHI|GB
nflverse,football,NFL,2015-09-13,HOU,KC,20.0,27.0,-105.0,,-105.0,True,True,False,True,football|NFL|2015-09-13|HOU|KC
nflverse,football,NFL,2015-09-13,JAX,CAR,9.0,20.0,131.0,,-145.0,True,True,False,True,football|NFL|2015-09-13|JAX|CAR
nflverse,football,NFL,2015-09-13,NYJ,CLE,31.0,10.0,-185.0,,166.0,True,True,False,True,football|NFL|2015-09-13|NYJ|CLE
nflverse,football,NFL,2015-09-13,STL,SEA,34.0,31.0,159.0,,-177.0,True,True,False,True,football|NFL|2015-09-13|STL|SEA
nflverse,football,NFL,2015-09-13,WAS,MIA,10.0,17.0,181.0,,-202.0,True,True,False,True,football|NFL|2015-09-13|WAS|MIA
nflverse,football,NFL,2015-09-13,ARI,NO,31.0,19.0,-130.0,,118.0,True,True,False,True,football|NFL|2015-09-13|ARI|NO
nflverse,football,NFL,2015-09-13,SD,DET,33.0,28.0,-180.0,,162.0,True,True,False,True,football|NFL|2015-09-13|SD|DET
nflverse,football,NFL,2015-09-13,DEN,BAL,19.0,13.0,-220.0,,197.0,True,True,False,True,football|NFL|2015-09-13|DEN|BAL
nflverse,football,NFL,2015-09-13,OAK,CIN,13.0,33.0,136.0,,-150.0,True,True,False,True,football|NFL|2015-09-13|OAK|CIN
nflverse,football,NFL,2015-09-13,TB,TEN,14.0,42.0,-155.0,,140.0,True,True,False,True,football|NFL|2015-09-13|TB|TEN
nflverse,football,NFL,2015-09-13,DAL,NYG,27.0,26.0,-302.0,,266.0,True,True,False,True,football|NFL|2015-09-13|DAL|NYG
nflverse,football,NFL,2015-09-14,ATL,PHI,26.0,24.0,159.0,,-177.0,True,True,False,True,football|NFL|2015-09-14|ATL|PHI
nflverse,football,NFL,2015-09-14,SF,MIN,20.0,3.0,140.0,,-155.0,True,True,False,True,football|NFL|2015-09-14|SF|MIN
nflverse,football,NFL,2015-09-17,KC,DEN,24.0,31.0,-162.0,,146.0,True,True,False,True,football|NFL|2015-09-17|KC|DEN
nflverse,football,NFL,2015-09-20,BUF,NE,32.0,40.0,-124.0,,112.0,True,True,False,True,football|NFL|2015-09-20|BUF|NE
nflverse,football,NFL,2015-09-20,CAR,HOU,24.0,17.0,-143.0,,129.0,True,True,False,True,football|NFL|2015-09-20|CAR|HOU
nflverse,football,NFL,2015-09-20,CHI,ARI,23.0,48.0,108.0,,-119.0,True,True,False,True,football|NFL|2015-09-20|CHI|ARI
nflverse,football,NFL,2015-09-20,CIN,SD,24.0,19.0,-173.0,,156.0,True,True,False,True,football|NFL|2015-09-20|CIN|SD
nflverse,football,NFL,2015-09-20,CLE,TEN,28.0,14.0,-113.0,,102.0,True,True,False,True,football|NFL|2015-09-20|CLE|TEN
nflverse,football,NFL,2015-09-20,MIN,DET,26.0,16.0,-143.0,,129.0,True,True,False,True,football|NFL|2015-09-20|MIN|DET
nflverse,football,NFL,2015-09-20,NO,TB,19.0,26.0,-410.0,,354.0,True,True,False,True,football|NFL|2015-09-20|NO|TB
nflverse,football,NFL,2015-09-20,NYG,ATL,20.0,24.0,-123.0,,111.0,True,True,False,True,football|NFL|2015-09-20|NYG|ATL
nflverse,football,NFL,2015-09-20,PIT,SF,43.0,18.0,-247.0,,220.0,True,True,False,True,football|NFL|2015-09-20|PIT|SF
nflverse,football,NFL,2015-09-20,WAS,STL,24.0,10.0,159.0,,-177.0,True,True,False,True,football|NFL|2015-09-20|WAS|STL
nflverse,football,NFL,2015-09-20,JAX,MIA,23.0,20.0,205.0,,-230.0,True,True,False,True,football|NFL|2015-09-20|JAX|MIA
nflverse,football,NFL,2015-09-20,OAK,BAL,37.0,33.0,226.0,,-254.0,True,True,False,True,football|NFL|2015-09-20|OAK|BAL
nflverse,football,NFL,2015-09-20,PHI,DAL,10.0,20.0,-285.0,,252.0,True,True,False,True,football|NFL|2015-09-20|PHI|DAL
nflverse,football,NFL,2015-09-20,GB,SEA,27.0,17.0,-185.0,,166.0,True,True,False,True,football|NFL|2015-09-20|GB|SEA
nflverse,football,NFL,2015-09-21,IND,NYJ,7.0,20.0,-240.0,,214.0,True,True,False,True,football|NFL|2015-09-21|IND|NYJ
nflverse,football,NFL,2015-09-24,NYG,WAS,32.0,21.0,-167.0,,151.0,True,True,False,True,football|NFL|2015-09-24|NYG|WAS
nflverse,football,NFL,2015-09-27,BAL,CIN,24.0,28.0,-138.0,,125.0,True,True,False,True,football|NFL|2015-09-27|BAL|CIN
nflverse,football,NFL,2015-09-27,CAR,NO,27.0,22.0,-400.0,,346.0,True,True,False,True,football|NFL|2015-09-27|CAR|NO
nflverse,football,NFL,2015-09-27,CLE,OAK,20.0,27.0,-177.0,,159.0,True,True,False,True,football|NFL|2015-09-27|CLE|OAK
nflverse,football,NFL,2015-09-27,DAL,ATL,28.0,39.0,-115.0,,104.0,True,True,False,True,football|NFL|2015-09-27|DAL|ATL
nflverse,football,NFL,2015-09-27,HOU,TB,19.0,9.0,-253.0,,225.0,True,True,False,True,football|NFL|2015-09-27|HOU|TB
nflverse,football,NFL,2015-09-27,MIN,SD,31.0,14.0,-123.0,,111.0,True,True,False,True,football|NFL|2015-09-27|MIN|SD
nflverse,football,NFL,2015-09-27,NE,JAX,51.0,17.0,-1300.0,,944.0,True,True,False,True,football|NFL|2015-09-27|NE|JAX
nflverse,football,NFL,2015-09-27,NYJ,PHI,17.0,24.0,-162.0,,146.0,True,True,False,True,football|NFL|2015-09-27|NYJ|PHI
nflverse,football,NFL,2015-09-27,STL,PIT,6.0,12.0,-123.0,,111.0,True,True,False,True,football|NFL|2015-09-27|STL|PIT
nflverse,football,NFL,2015-09-27,TEN,IND,33.0,35.0,156.0,,-173.0,True,True,False,True,football|NFL|2015-09-27|TEN|IND
nflverse,football,NFL,2015-09-27,ARI,SF,47.0,7.0,-301.0,,265.0,True,True,False,True,football|NFL|2015-09-27|ARI|SF
nflverse,football,NFL,2015-09-27,MIA,BUF,14.0,41.0,-107.0,,-103.0,True,True,False,True,football|NFL|2015-09-27|MIA|BUF
nflverse,football,NFL,2015-09-27,SEA,CHI,26.0,0.0,-1300.0,,944.0,True,True,False,True,football|NFL|2015-09-27|SEA|CHI
nflverse,football,NFL,2015-09-27,DET,DEN,12.0,24.0,125.0,,-138.0,True,True,False,True,football|NFL|2015-09-27|DET|DEN
nflverse,football,NFL,2015-09-28,GB,KC,38.0,28.0,-225.0,,201.0,True,True,False,True,football|NFL|2015-09-28|GB|KC
nflverse,football,NFL,2015-10-01,PIT,BAL,20.0,23.0,131.0,,-145.0,True,True,False,True,football|NFL|2015-10-01|PIT|BAL
nflverse,football,NFL,2015-10-04,MIA,NYJ,14.0,27.0,121.0,,-134.0,True,True,False,True,football|NFL|2015-10-04|MIA|NYJ
nflverse,football,NFL,2015-10-04,ATL,HOU,48.0,21.0,-202.0,,181.0,True,True,False,True,football|NFL|2015-10-04|ATL|HOU
nflverse,football,NFL,2015-10-04,BUF,NYG,10.0,24.0,-242.0,,216.0,True,True,False,True,football|NFL|2015-10-04|BUF|NYG
nflverse,football,NFL,2015-10-04,CHI,OAK,22.0,20.0,159.0,,-177.0,True,True,False,True,football|NFL|2015-10-04|CHI|OAK
nflverse,football,NFL,2015-10-04,CIN,KC,36.0,21.0,-177.0,,159.0,True,True,False,True,football|NFL|2015-10-04|CIN|KC
nflverse,football,NFL,2015-10-04,IND,JAX,16.0,13.0,-199.0,,179.0,True,True,False,True,football|NFL|2015-10-04|IND|JAX
nflverse,football,NFL,2015-10-04,TB,CAR,23.0,37.0,131.0,,-145.0,True,True,False,True,football|NFL|2015-10-04|TB|CAR
nflverse,football,NFL,2015-10-04,WAS,PHI,23.0,20.0,135.0,,-149.0,True,True,False,True,football|NFL|2015-10-04|WAS|PHI
nflverse,football,NFL,2015-10-04,SD,CLE,30.0,27.0,-230.0,,205.0,True,True,False,True,football|NFL|2015-10-04|SD|CLE
nflverse,football,NFL,2015-10-04,ARI,STL,22.0,24.0,-285.0,,252.0,True,True,False,True,football|NFL|2015-10-04|ARI|STL
nflverse,football,NFL,2015-10-04,DEN,MIN,23.0,20.0,-286.0,,253.0,True,True,False,True,football|NFL|2015-10-04|DEN|MIN
nflverse,football,NFL,2015-10-04,SF,GB,3.0,17.0,281.0,,-320.0,True,True,False,True,football|NFL|2015-10-04|SF|GB
nflverse,football,NFL,2015-10-04,NO,DAL,26.0,20.0,-143.0,,129.0,True,True,False,True,football|NFL|2015-10-04|NO|DAL
nflverse,football,NFL,2015-10-05,SEA,DET,13.0,10.0,-470.0,,400.0,True,True,False,True,football|NFL|2015-10-05|SEA|DET
nflverse,football,NFL,2015-10-08,HOU,IND,20.0,27.0,-209.0,,187.0,True,True,False,True,football|NFL|2015-10-08|HOU|IND
nflverse,football,NFL,2015-10-11,ATL,WAS,25.0,19.0,-325.0,,285.0,True,True,False,True,football|NFL|2015-10-11|ATL|WAS
nflverse,football,NFL,2015-10-11,BAL,CLE,30.0,33.0,-255.0,,227.0,True,True,False,True,football|NFL|2015-10-11|BAL|CLE
nflverse,football,NFL,2015-10-11,CIN,SEA,27.0,24.0,-145.0,,131.0,True,True,False,True,football|NFL|2015-10-11|CIN|SEA
nflverse,football,NFL,2015-10-11,GB,STL,24.0,10.0,-370.0,,322.0,True,True,False,True,football|NFL|2015-10-11|GB|STL
nflverse,football,NFL,2015-10-11,KC,CHI,17.0,18.0,-420.0,,361.0,True,True,False,True,football|NFL|2015-10-11|KC|CHI
nflverse,football,NFL,2015-10-11,PHI,NO,39.0,17.0,-277.0,,245.0,True,True,False,True,football|NFL|2015-10-11|PHI|NO
nflverse,football,NFL,2015-10-11,TB,JAX,38.0,31.0,-115.0,,104.0,True,True,False,True,football|NFL|2015-10-11|TB|JAX
nflverse,football,NFL,2015-10-11,TEN,BUF,13.0,14.0,-110.0,,100.0,True,True,False,True,football|NFL|2015-10-11|TEN|BUF
nflverse,football,NFL,2015-10-11,DET,ARI,17.0,42.0,181.0,,-202.0,True,True,False,True,football|NFL|2015-10-11|DET|ARI
nflverse,football,NFL,2015-10-11,DAL,NE,6.0,30.0,305.0,,-350.0,True,True,False,True,football|NFL|2015-10-11|DAL|NE
nflverse,football,NFL,2015-10-11,OAK,DEN,10.0,16.0,201.0,,-225.0,True,True,False,True,football|NFL|2015-10-11|OAK|DEN
nflverse,football,NFL,2015-10-11,NYG,SF,30.0,27.0,-350.0,,305.0,True,True,False,True,football|NFL|2015-10-11|NYG|SF
nflverse,football,NFL,2015-10-12,SD,PIT,20.0,24.0,-208.0,,186.0,True,True,False,True,football|NFL|2015-10-12|SD|PIT
nflverse,football,NFL,2015-10-15,NO,ATL,31.0,21.0,134.0,,-148.0,True,True,False,True,football|NFL|2015-10-15|NO|ATL
nflverse,football,NFL,2015-10-18,BUF,CIN,21.0,34.0,141.0,,-156.0,True,True,False,True,football|NFL|2015-10-18|BUF|CIN
nflverse,football,NFL,2015-10-18,CLE,DEN,23.0,26.0,148.0,,-164.0,True,True,False,True,football|NFL|2015-10-18|CLE|DEN
nflverse,football,NFL,2015-10-18,DET,CHI,37.0,34.0,-202.0,,181.0,True,True,False,True,football|NFL|2015-10-18|DET|CHI
nflverse,football,NFL,2015-10-18,JAX,HOU,20.0,31.0,-155.0,,140.0,True,True,False,True,football|NFL|2015-10-18|JAX|HOU
nflverse,football,NFL,2015-10-18,MIN,KC,16.0,10.0,-162.0,,146.0,True,True,False,True,football|NFL|2015-10-18|MIN|KC
nflverse,football,NFL,2015-10-18,NYJ,WAS,34.0,20.0,-350.0,,305.0,True,True,False,True,football|NFL|2015-10-18|NYJ|WAS
nflverse,football,NFL,2015-10-18,PIT,ARI,25.0,13.0,205.0,,-230.0,True,True,False,True,football|NFL|2015-10-18|PIT|ARI
nflverse,football,NFL,2015-10-18,TEN,MIA,10.0,38.0,-130.0,,118.0,True,True,False,True,football|NFL|2015-10-18|TEN|MIA
nflverse,football,NFL,2015-10-18,SEA,CAR,23.0,27.0,-307.0,,270.0,True,True,False,True,football|NFL|2015-10-18|SEA|CAR
nflverse,football,NFL,2015-10-18,GB,SD,27.0,20.0,-520.0,,439.0,True,True,False,True,football|NFL|2015-10-18|GB|SD
nflverse,football,NFL,2015-10-18,SF,BAL,25.0,20.0,126.0,,-139.0,True,True,False,True,football|NFL|2015-10-18|SF|BAL
nflverse,football,NFL,2015-10-18,IND,NE,27.0,34.0,293.0,,-335.0,True,True,False,True,football|NFL|2015-10-18|IND|NE
nflverse,football,NFL,2015-10-19,PHI,NYG,27.0,7.0,-202.0,,181.0,True,True,False,True,football|NFL|2015-10-19|PHI|NYG
nflverse,football,NFL,2015-10-22,SF,SEA,3.0,20.0,239.0,,-270.0,True,True,False,True,football|NFL|2015-10-22|SF|SEA
nflverse,football,NFL,2015-10-25,JAX,BUF,34.0,31.0,153.0,,-170.0,True,True,False,True,football|NFL|2015-10-25|JAX|BUF
nflverse,football,NFL,2015-10-25,DET,MIN,19.0,28.0,-115.0,,104.0,True,True,False,True,football|NFL|2015-10-25|DET|MIN
nflverse,football,NFL,2015-10-25,IND,NO,21.0,27.0,-236.0,,211.0,True,True,False,True,football|NFL|2015-10-25|IND|NO
nflverse,football,NFL,2015-10-25,KC,PIT,23.0,13.0,-208.0,,186.0,True,True,False,True,football|NFL|2015-10-25|KC|PIT
nflverse,football,NFL,2015-10-25,MIA,HOU,44.0,26.0,-218.0,,195.0,True,True,False,True,football|NFL|2015-10-25|MIA|HOU
nflverse,football,NFL,2015-10-25,NE,NYJ,30.0,23.0,-300.0,,264.0,True,True,False,True,football|NFL|2015-10-25|NE|NYJ
nflverse,football,NFL,2015-10-25,STL,CLE,24.0,6.0,-276.0,,244.0,True,True,False,True,football|NFL|2015-10-25|STL|CLE
nflverse,football,NFL,2015-10-25,TEN,ATL,7.0,10.0,205.0,,-230.0,True,True,False,True,football|NFL|2015-10-25|TEN|ATL
nflverse,football,NFL,2015-10-25,WAS,TB,31.0,30.0,-150.0,,136.0,True,True,False,True,football|NFL|2015-10-25|WAS|TB
nflverse,football,NFL,2015-10-25,SD,OAK,29.0,37.0,-190.0,,171.0,True,True,False,True,football|NFL|2015-10-25|SD|OAK
nflverse,football,NFL,2015-10-25,NYG,DAL,27.0,20.0,-155.0,,140.0,True,True,False,True,football|NFL|2015-10-25|NYG|DAL
nflverse,football,NFL,2015-10-25,CAR,PHI,27.0,16.0,-137.0,,124.0,True,True,False,True,football|NFL|2015-10-25|CAR|PHI
nflverse,football,NFL,2015-10-26,ARI,BAL,26.0,18.0,-455.0,,389.0,True,True,False,True,football|NFL|2015-10-26|ARI|BAL
nflverse,football,NFL,2015-10-29,NE,MIA,36.0,7.0,-425.0,,365.0,True,True,False,True,football|NFL|2015-10-29|NE|MIA
nflverse,football,NFL,2015-11-01,KC,DET,45.0,10.0,-170.0,,153.0,True,True,False,True,football|NFL|2015-11-01|KC|DET
nflverse,football,NFL,2015-11-01,ATL,TB,20.0,23.0,-400.0,,346.0,True,True,False,True,football|NFL|2015-11-01|ATL|TB
nflverse,football,NFL,2015-11-01,BAL,SD,29.0,26.0,-208.0,,186.0,True,True,False,True,football|NFL|2015-11-01|BAL|SD
nflverse,football,NFL,2015-11-01,CHI,MIN,20.0,23.0,106.0,,-117.0,True,True,False,True,football|NFL|2015-11-01|CHI|MIN
nflverse,football,NFL,2015-11-01,CLE,ARI,20.0,34.0,271.0,,-308.0,True,True,False,True,football|NFL|2015-11-01|CLE|ARI
nflverse,football,NFL,2015-11-01,HOU,TEN,20.0,6.0,-185.0,,166.0,True,True,False,True,football|NFL|2015-11-01|HOU|TEN
nflverse,football,NFL,2015-11-01,NO,NYG,52.0,49.0,-167.0,,151.0,True,True,False,True,football|NFL|2015-11-01|NO|NYG
nflverse,football,NFL,2015-11-01,PIT,CIN,10.0,16.0,-117.0,,106.0,True,True,False,True,football|NFL|2015-11-01|PIT|CIN
nflverse,football,NFL,2015-11-01,STL,SF,27.0,6.0,-400.0,,346.0,True,True,False,True,football|NFL|2015-11-01|STL|SF
nflverse,football,NFL,2015-11-01,OAK,NYJ,34.0,20.0,153.0,,-170.0,True,True,False,True,football|NFL|2015-11-01|OAK|NYJ
nflverse,football,NFL,2015-11-01,DAL,SEA,12.0,13.0,186.0,,-208.0,True,True,False,True,football|NFL|2015-11-01|DAL|SEA
nflverse,football,NFL,2015-11-01,DEN,GB,29.0,10.0,120.0,,-133.0,True,True,False,True,football|NFL|2015-11-01|DEN|GB
nflverse,football,NFL,2015-11-02,CAR,IND,29.0,26.0,-220.0,,197.0,True,True,False,True,football|NFL|2015-11-02|CAR|IND
nflverse,football,NFL,2015-11-05,CIN,CLE,31.0,10.0,-850.0,,671.0,True,True,False,True,football|NFL|2015-11-05|CIN|CLE
nflverse,football,NFL,2015-11-08,BUF,MIA,33.0,17.0,-202.0,,181.0,True,True,False,True,football|NFL|2015-11-08|BUF|MIA
nflverse,football,NFL,2015-11-08,CAR,GB,37.0,29.0,109.0,,-120.0,True,True,False,True,football|NFL|2015-11-08|CAR|GB
nflverse,football,NFL,2015-11-08,MIN,STL,21.0,18.0,-123.0,,111.0,True,True,False,True,football|NFL|2015-11-08|MIN|STL
nflverse,football,NFL,2015-11-08,NE,WAS,27.0,10.0,-1100.0,,828.0,True,True,False,True,football|NFL|2015-11-08|NE|WAS
nflverse,football,NFL,2015-11-08,NO,TEN,28.0,34.0,-300.0,,264.0,True,True,False,True,football|NFL|2015-11-08|NO|TEN
nflverse,football,NFL,2015-11-08,NYJ,JAX,28.0,23.0,-335.0,,293.0,True,True,False,True,football|NFL|2015-11-08|NYJ|JAX
nflverse,football,NFL,2015-11-08,PIT,OAK,38.0,35.0,-260.0,,231.0,True,True,False,True,football|NFL|2015-11-08|PIT|OAK
nflverse,football,NFL,2015-11-08,SF,ATL,17.0,16.0,361.0,,-420.0,True,True,False,True,football|NFL|2015-11-08|SF|ATL
nflverse,football,NFL,2015-11-08,TB,NYG,18.0,32.0,104.0,,-115.0,True,True,False,True,football|NFL|2015-11-08|TB|NYG
nflverse,football,NFL,2015-11-08,IND,DEN,27.0,24.0,153.0,,-170.0,True,True,False,True,football|NFL|2015-11-08|IND|DEN
nflverse,football,NFL,2015-11-08,DAL,PHI,27.0,33.0,149.0,,-165.0,True,True,False,True,football|NFL|2015-11-08|DAL|PHI
nflverse,football,NFL,2015-11-09,SD,CHI,19.0,22.0,-179.0,,161.0,True,True,False,True,football|NFL|2015-11-09|SD|CHI
nflverse,football,NFL,2015-11-12,NYJ,BUF,17.0,22.0,-126.0,,114.0,True,True,False,True,football|NFL|2015-11-12|NYJ|BUF
nflverse,football,NFL,2015-11-15,BAL,JAX,20.0,22.0,-208.0,,186.0,True,True,False,True,football|NFL|2015-11-15|BAL|JAX
nflverse,football,NFL,2015-11-15,GB,DET,16.0,18.0,-590.0,,491.0,True,True,False,True,football|NFL|2015-11-15|GB|DET
nflverse,football,NFL,2015-11-15,PHI,MIA,19.0,20.0,-230.0,,205.0,True,True,False,True,football|NFL|2015-11-15|PHI|MIA
nflverse,football,NFL,2015-11-15,PIT,CLE,30.0,9.0,-308.0,,271.0,True,True,False,True,football|NFL|2015-11-15|PIT|CLE
nflverse,football,NFL,2015-11-15,STL,CHI,13.0,37.0,-373.0,,324.0,True,True,False,True,football|NFL|2015-11-15|STL|CHI
nflverse,football,NFL,2015-11-15,TB,DAL,10.0,6.0,-101.0,,-109.0,True,True,False,True,football|NFL|2015-11-15|TB|DAL
nflverse,football,NFL,2015-11-15,TEN,CAR,10.0,27.0,175.0,,-195.0,True,True,False,True,football|NFL|2015-11-15|TEN|CAR
nflverse,football,NFL,2015-11-15,WAS,NO,47.0,14.0,102.0,,-113.0,True,True,False,True,football|NFL|2015-11-15|WAS|NO
nflverse,football,NFL,2015-11-15,OAK,MIN,14.0,30.0,-164.0,,148.0,True,True,False,True,football|NFL|2015-11-15|OAK|MIN
nflverse,football,NFL,2015-11-15,DEN,KC,13.0,29.0,-202.0,,181.0,True,True,False,True,football|NFL|2015-11-15|DEN|KC
nflverse,football,NFL,2015-11-15,NYG,NE,26.0,27.0,281.0,,-320.0,True,True,False,True,football|NFL|2015-11-15|NYG|NE
nflverse,football,NFL,2015-11-15,SEA,ARI,32.0,39.0,-150.0,,136.0,True,True,False,True,football|NFL|2015-11-15|SEA|ARI
nflverse,football,NFL,2015-11-16,CIN,HOU,6.0,10.0,-470.0,,400.0,True,True,False,True,football|NFL|2015-11-16|CIN|HOU
nflverse,football,NFL,2015-11-19,JAX,TEN,19.0,13.0,-140.0,,127.0,True,True,False,True,football|NFL|2015-11-19|JAX|TEN
nflverse,football,NFL,2015-11-22,ATL,IND,21.0,24.0,-180.0,,162.0,True,True,False,True,football|NFL|2015-11-22|ATL|IND
nflverse,football,NFL,2015-11-22,BAL,STL,16.0,13.0,-149.0,,135.0,True,True,False,True,football|NFL|2015-11-22|BAL|STL
nflverse,football,NFL,2015-11-22,CAR,WAS,44.0,16.0,-315.0,,277.0,True,True,False,True,football|NFL|2015-11-22|CAR|WAS
nflverse,football,NFL,2015-11-22,CHI,DEN,15.0,17.0,111.0,,-123.0,True,True,False,True,football|NFL|2015-11-22|CHI|DEN
nflverse,football,NFL,2015-11-22,DET,OAK,18.0,13.0,115.0,,-127.0,True,True,False,True,football|NFL|2015-11-22|DET|OAK
nflverse,football,NFL,2015-11-22,HOU,NYJ,24.0,17.0,179.0,,-199.0,True,True,False,True,football|NFL|2015-11-22|HOU|NYJ
nflverse,football,NFL,2015-11-22,MIA,DAL,14.0,24.0,121.0,,-134.0,True,True,False,True,football|NFL|2015-11-22|MIA|DAL
nflverse,football,NFL,2015-11-22,PHI,TB,17.0,45.0,-307.0,,270.0,True,True,False,True,football|NFL|2015-11-22|PHI|TB
nflverse,football,NFL,2015-11-22,SD,KC,3.0,33.0,152.0,,-168.0,True,True,False,True,football|NFL|2015-11-22|SD|KC
nflverse,football,NFL,2015-11-22,MIN,GB,13.0,30.0,102.0,,-113.0,True,True,False,True,football|NFL|2015-11-22|MIN|GB
nflverse,football,NFL,2015-11-22,SEA,SF,29.0,13.0,-1065.0,,807.0,True,True,False,True,football|NFL|2015-11-22|SEA|SF
nflverse,football,NFL,2015-11-22,ARI,CIN,34.0,31.0,-199.0,,179.0,True,True,False,True,football|NFL|2015-11-22|ARI|CIN
nflverse,football,NFL,2015-11-23,NE,BUF,20.0,13.0,-345.0,,301.0,True,True,False,True,football|NFL|2015-11-23|NE|BUF
nflverse,football,NFL,2015-11-26,DET,PHI,45.0,14.0,-150.0,,136.0,True,True,False,True,football|NFL|2015-11-26|DET|PHI
nflverse,football,NFL,2015-11-26,DAL,CAR,14.0,33.0,102.0,,-113.0,True,True,False,True,football|NFL|2015-11-26|DAL|CAR
nflverse,football,NFL,2015-11-26,GB,CHI,13.0,17.0,-410.0,,354.0,True,True,False,True,football|NFL|2015-11-26|GB|CHI
nflverse,football,NFL,2015-11-29,ATL,MIN,10.0,20.0,-128.0,,116.0,True,True,False,True,football|NFL|2015-11-29|ATL|MIN
nflverse,football,NFL,2015-11-29,CIN,STL,31.0,7.0,-420.0,,361.0,True,True,False,True,football|NFL|2015-11-29|CIN|STL
nflverse,football,NFL,2015-11-29,HOU,NO,24.0,6.0,-198.0,,178.0,True,True,False,True,football|NFL|2015-11-29|HOU|NO
nflverse,football,NFL,2015-11-29,IND,TB,25.0,12.0,-133.0,,120.0,True,True,False,True,football|NFL|2015-11-29|IND|TB
nflverse,football,NFL,2015-11-29,JAX,SD,25.0,31.0,-242.0,,216.0,True,True,False,True,football|NFL|2015-11-29|JAX|SD
nflverse,football,NFL,2015-11-29,KC,BUF,30.0,22.0,-218.0,,195.0,True,True,False,True,football|NFL|2015-11-29|KC|BUF
nflverse,football,NFL,2015-11-29,NYJ,MIA,38.0,20.0,-213.0,,191.0,True,True,False,True,football|NFL|2015-11-29|NYJ|MIA
nflverse,football,NFL,2015-11-29,TEN,OAK,21.0,24.0,103.0,,-114.0,True,True,False,True,football|NFL|2015-11-29|TEN|OAK
nflverse,football,NFL,2015-11-29,WAS,NYG,20.0,14.0,-101.0,,-109.0,True,True,False,True,football|NFL|2015-11-29|WAS|NYG
nflverse,football,NFL,2015-11-29,SF,ARI,13.0,19.0,318.0,,-365.0,True,True,False,True,football|NFL|2015-11-29|SF|ARI
nflverse,football,NFL,2015-11-29,SEA,PIT,39.0,30.0,-139.0,,126.0,True,True,False,True,football|NFL|2015-11-29|SEA|PIT
nflverse,football,NFL,2015-11-29,DEN,NE,30.0,24.0,120.0,,-133.0,True,True,False,True,football|NFL|2015-11-29|DEN|NE
nflverse,football,NFL,2015-11-30,CLE,BAL,27.0,33.0,-260.0,,231.0,True,True,False,True,football|NFL|2015-11-30|CLE|BAL
nflverse,football,NFL,2015-12-03,DET,GB,23.0,27.0,110.0,,-121.0,True,True,False,True,football|NFL|2015-12-03|DET|GB
nflverse,football,NFL,2015-12-06,BUF,HOU,30.0,21.0,-143.0,,129.0,True,True,False,True,football|NFL|2015-12-06|BUF|HOU
nflverse,football,NFL,2015-12-06,CHI,SF,20.0,26.0,-250.0,,222.0,True,True,False,True,football|NFL|2015-12-06|CHI|SF
nflverse,football,NFL,2015-12-06,CLE,CIN,3.0,37.0,281.0,,-320.0,True,True,False,True,football|NFL|2015-12-06|CLE|CIN
nflverse,football,NFL,2015-12-06,MIA,BAL,15.0,13.0,-173.0,,156.0,True,True,False,True,football|NFL|2015-12-06|MIA|BAL
nflverse,football,NFL,2015-12-06,MIN,SEA,7.0,38.0,131.0,,-145.0,True,True,False,True,football|NFL|2015-12-06|MIN|SEA
nflverse,football,NFL,2015-12-06,NYG,NYJ,20.0,23.0,111.0,,-123.0,True,True,False,True,football|NFL|2015-12-06|NYG|NYJ
nflverse,football,NFL,2015-12-06,STL,ARI,3.0,27.0,162.0,,-180.0,True,True,False,True,football|NFL|2015-12-06|STL|ARI
nflverse,football,NFL,2015-12-06,TB,ATL,23.0,19.0,-115.0,,104.0,True,True,False,True,football|NFL|2015-12-06|TB|ATL
nflverse,football,NFL,2015-12-06,TEN,JAX,42.0,39.0,-139.0,,126.0,True,True,False,True,football|NFL|2015-12-06|TEN|JAX
nflverse,football,NFL,2015-12-06,OAK,KC,20.0,34.0,141.0,,-156.0,True,True,False,True,football|NFL|2015-12-06|OAK|KC
nflverse,football,NFL,2015-12-06,SD,DEN,3.0,17.0,205.0,,-230.0,True,True,False,True,football|NFL|2015-12-06|SD|DEN
nflverse,football,NFL,2015-12-06,NE,PHI,28.0,35.0,-420.0,,361.0,True,True,False,True,football|NFL|2015-12-06|NE|PHI
nflverse,football,NFL,2015-12-06,NO,CAR,38.0,41.0,201.0,,-225.0,True,True,False,True,football|NFL|2015-12-06|NO|CAR
nflverse,football,NFL,2015-12-06,PIT,IND,45.0,10.0,-450.0,,385.0,True,True,False,True,football|NFL|2015-12-06|PIT|IND
nflverse,football,NFL,2015-12-07,WAS,DAL,16.0,19.0,-119.0,,108.0,True,True,False,True,football|NFL|2015-12-07|WAS|DAL
nflverse,football,NFL,2015-12-10,ARI,MIN,23.0,20.0,-450.0,,385.0,True,True,False,True,football|NFL|2015-12-10|ARI|MIN
nflverse,football,NFL,2015-12-13,BAL,SEA,6.0,35.0,369.0,,-430.0,True,True,False,True,football|NFL|2015-12-13|BAL|SEA
nflverse,football,NFL,2015-12-13,CAR,ATL,38.0,0.0,-370.0,,322.0,True,True,False,True,football|NFL|2015-12-13|CAR|ATL
nflverse,football,NFL,2015-12-13,CHI,WAS,21.0,24.0,-208.0,,186.0,True,True,False,True,football|NFL|2015-12-13|CHI|WAS
nflverse,football,NFL,2015-12-13,CIN,PIT,20.0,33.0,-107.0,,-103.0,True,True,False,True,football|NFL|2015-12-13|CIN|PIT
nflverse,football,NFL,2015-12-13,CLE,SF,24.0,10.0,-131.0,,119.0,True,True,False,True,football|NFL|2015-12-13|CLE|SF
nflverse,football,NFL,2015-12-13,JAX,IND,51.0,16.0,-113.0,,102.0,True,True,False,True,football|NFL|2015-12-13|JAX|IND
nflverse,football,NFL,2015-12-13,KC,SD,10.0,3.0,-580.0,,483.0,True,True,False,True,football|NFL|2015-12-13|KC|SD
nflverse,football,NFL,2015-12-13,NYJ,TEN,30.0,8.0,-340.0,,297.0,True,True,False,True,football|NFL|2015-12-13|NYJ|TEN
nflverse,football,NFL,2015-12-13,PHI,BUF,23.0,20.0,-113.0,,102.0,True,True,False,True,football|NFL|2015-12-13|PHI|BUF
nflverse,football,NFL,2015-12-13,STL,DET,21.0,14.0,140.0,,-155.0,True,True,False,True,football|NFL|2015-12-13|STL|DET
nflverse,football,NFL,2015-12-13,TB,NO,17.0,24.0,-247.0,,220.0,True,True,False,True,football|NFL|2015-12-13|TB|NO
nflverse,football,NFL,2015-12-13,DEN,OAK,12.0,15.0,-265.0,,235.0,True,True,False,True,football|NFL|2015-12-13|DEN|OAK
nflverse,football,NFL,2015-12-13,GB,DAL,28.0,7.0,-272.0,,241.0,True,True,False,True,football|NFL|2015-12-13|GB|DAL
nflverse,football,NFL,2015-12-13,HOU,NE,6.0,27.0,181.0,,-202.0,True,True,False,True,football|NFL|2015-12-13|HOU|NE
nflverse,football,NFL,2015-12-14,MIA,NYG,24.0,31.0,111.0,,-123.0,True,True,False,True,football|NFL|2015-12-14|MIA|NYG
nflverse,football,NFL,2015-12-17,STL,TB,31.0,23.0,-105.0,,-105.0,True,True,False,True,football|NFL|2015-12-17|STL|TB
nflverse,football,NFL,2015-12-19,DAL,NYJ,16.0,19.0,137.0,,-152.0,True,True,False,True,football|NFL|2015-12-19|DAL|NYJ
nflverse,football,NFL,2015-12-20,BAL,KC,14.0,34.0,231.0,,-260.0,True,True,False,True,football|NFL|2015-12-20|BAL|KC
nflverse,football,NFL,2015-12-20,IND,HOU,10.0,16.0,-133.0,,120.0,True,True,False,True,football|NFL|2015-12-20|IND|HOU
nflverse,football,NFL,2015-12-20,JAX,ATL,17.0,23.0,-125.0,,113.0,True,True,False,True,football|NFL|2015-12-20|JAX|ATL
nflverse,football,NFL,2015-12-20,MIN,CHI,38.0,17.0,-196.0,,176.0,True,True,False,True,football|NFL|2015-12-20|MIN|CHI
nflverse,football,NFL,2015-12-20,NE,TEN,33.0,16.0,-1000.0,,767.0,True,True,False,True,football|NFL|2015-12-20|NE|TEN
nflverse,football,NFL,2015-12-20,NYG,CAR,35.0,38.0,186.0,,-208.0,True,True,False,True,football|NFL|2015-12-20|NYG|CAR
nflverse,football,NFL,2015-12-20,WAS,BUF,35.0,25.0,111.0,,-123.0,True,True,False,True,football|NFL|2015-12-20|WAS|BUF
nflverse,football,NFL,2015-12-20,OAK,GB,20.0,30.0,181.0,,-202.0,True,True,False,True,football|NFL|2015-12-20|OAK|GB
nflverse,football,NFL,2015-12-20,SEA,CLE,30.0,13.0,-1000.0,,767.0,True,True,False,True,football|NFL|2015-12-20|SEA|CLE
nflverse,football,NFL,2015-12-20,PIT,DEN,34.0,27.0,-345.0,,301.0,True,True,False,True,football|NFL|2015-12-20|PIT|DEN
nflverse,football,NFL,2015-12-20,SD,MIA,30.0,14.0,-105.0,,-105.0,True,True,False,True,football|NFL|2015-12-20|SD|MIA
nflverse,football,NFL,2015-12-20,SF,CIN,14.0,24.0,262.0,,-297.0,True,True,False,True,football|NFL|2015-12-20|SF|CIN
nflverse,football,NFL,2015-12-20,PHI,ARI,17.0,40.0,156.0,,-173.0,True,True,False,True,football|NFL|2015-12-20|PHI|ARI
nflverse,football,NFL,2015-12-21,NO,DET,27.0,35.0,-124.0,,112.0,True,True,False,True,football|NFL|2015-12-21|NO|DET
nflverse,football,NFL,2015-12-24,OAK,SD,23.0,20.0,-202.0,,181.0,True,True,False,True,football|NFL|2015-12-24|OAK|SD
nflverse,football,NFL,2015-12-26,PHI,WAS,24.0,38.0,-190.0,,171.0,True,True,False,True,football|NFL|2015-12-26|PHI|WAS
nflverse,football,NFL,2015-12-27,ATL,CAR,20.0,13.0,239.0,,-270.0,True,True,False,True,football|NFL|2015-12-27|ATL|CAR
nflverse,football,NFL,2015-12-27,BAL,PIT,20.0,17.0,461.0,,-550.0,True,True,False,True,football|NFL|2015-12-27|BAL|PIT
nflverse,football,NFL,2015-12-27,BUF,DAL,16.0,6.0,-260.0,,231.0,True,True,False,True,football|NFL|2015-12-27|BUF|DAL
nflverse,football,NFL,2015-12-27,DET,SF,32.0,17.0,-400.0,,346.0,True,True,False,True,football|NFL|2015-12-27|DET|SF
nflverse,football,NFL,2015-12-27,KC,CLE,17.0,13.0,-550.0,,461.0,True,True,False,True,football|NFL|2015-12-27|KC|CLE
nflverse,football,NFL,2015-12-27,MIA,IND,12.0,18.0,-133.0,,120.0,True,True,False,True,football|NFL|2015-12-27|MIA|IND
nflverse,football,NFL,2015-12-27,NYJ,NE,26.0,20.0,121.0,,-134.0,True,True,False,True,football|NFL|2015-12-27|NYJ|NE
nflverse,football,NFL,2015-12-27,TB,CHI,21.0,26.0,-179.0,,161.0,True,True,False,True,football|NFL|2015-12-27|TB|CHI
nflverse,football,NFL,2015-12-27,TEN,HOU,6.0,34.0,153.0,,-170.0,True,True,False,True,football|NFL|2015-12-27|TEN|HOU
nflverse,football,NFL,2015-12-27,NO,JAX,38.0,27.0,-130.0,,118.0,True,True,False,True,football|NFL|2015-12-27|NO|JAX
nflverse,football,NFL,2015-12-27,ARI,GB,38.0,8.0,-248.0,,221.0,True,True,False,True,football|NFL|2015-12-27|ARI|GB
nflverse,football,NFL,2015-12-27,SEA,STL,17.0,23.0,-575.0,,480.0,True,True,False,True,football|NFL|2015-12-27|SEA|STL
nflverse,football,NFL,2015-12-27,MIN,NYG,49.0,17.0,-305.0,,269.0,True,True,False,True,football|NFL|2015-12-27|MIN|NYG
nflverse,football,NFL,2015-12-28,DEN,CIN,20.0,17.0,-185.0,,166.0,True,True,False,True,football|NFL|2015-12-28|DEN|CIN
nflverse,football,NFL,2016-01-03,ATL,NO,17.0,20.0,-248.0,,221.0,True,True,False,True,football|NFL|2016-01-03|ATL|NO
nflverse,football,NFL,2016-01-03,BUF,NYJ,22.0,17.0,131.0,,-145.0,True,True,False,True,football|NFL|2016-01-03|BUF|NYJ
nflverse,football,NFL,2016-01-03,CHI,DET,20.0,24.0,112.0,,-124.0,True,True,False,True,football|NFL|2016-01-03|CHI|DET
nflverse,football,NFL,2016-01-03,CIN,BAL,24.0,16.0,-380.0,,330.0,True,True,False,True,football|NFL|2016-01-03|CIN|BAL
nflverse,football,NFL,2016-01-03,CLE,PIT,12.0,28.0,498.0,,-600.0,True,True,False,True,football|NFL|2016-01-03|CLE|PIT
nflverse,football,NFL,2016-01-03,DAL,WAS,23.0,34.0,-167.0,,151.0,True,True,False,True,football|NFL|2016-01-03|DAL|WAS
nflverse,football,NFL,2016-01-03,HOU,JAX,30.0,6.0,-220.0,,197.0,True,True,False,True,football|NFL|2016-01-03|HOU|JAX
nflverse,football,NFL,2016-01-03,IND,TEN,30.0,24.0,-185.0,,166.0,True,True,False,True,football|NFL|2016-01-03|IND|TEN
nflverse,football,NFL,2016-01-03,MIA,NE,20.0,10.0,330.0,,-380.0,True,True,False,True,football|NFL|2016-01-03|MIA|NE
nflverse,football,NFL,2016-01-03,NYG,PHI,30.0,35.0,-202.0,,181.0,True,True,False,True,football|NFL|2016-01-03|NYG|PHI
nflverse,football,NFL,2016-01-03,ARI,SEA,6.0,36.0,-234.0,,209.0,True,True,False,True,football|NFL|2016-01-03|ARI|SEA
nflverse,football,NFL,2016-01-03,CAR,TB,38.0,10.0,-402.0,,347.0,True,True,False,True,football|NFL|2016-01-03|CAR|TB
nflverse,football,NFL,2016-01-03,DEN,SD,27.0,20.0,-460.0,,393.0,True,True,False,True,football|NFL|2016-01-03|DEN|SD
nflverse,football,NFL,2016-01-03,KC,OAK,23.0,17.0,-290.0,,256.0,True,True,False,True,football|NFL|2016-01-03|KC|OAK
nflverse,football,NFL,2016-01-03,SF,STL,19.0,16.0,146.0,,-162.0,True,True,False,True,football|NFL|2016-01-03|SF|STL
nflverse,football,NFL,2016-01-03,GB,MIN,13.0,20.0,-147.0,,133.0,True,True,False,True,football|NFL|2016-01-03|GB|MIN
nflverse,football,NFL,2016-01-09,HOU,KC,0.0,30.0,129.0,,-143.0,True,True,False,True,football|NFL|2016-01-09|HOU|KC
nflverse,football,NFL,2016-01-09,CIN,PIT,16.0,18.0,108.0,,-119.0,True,True,False,True,football|NFL|2016-01-09|CIN|PIT
nflverse,football,NFL,2016-01-10,MIN,SEA,9.0,10.0,192.0,,-214.0,True,True,False,True,football|NFL|2016-01-10|MIN|SEA
nflverse,football,NFL,2016-01-10,WAS,GB,18.0,35.0,-126.0,,114.0,True,True,False,True,football|NFL|2016-01-10|WAS|GB
nflverse,football,NFL,2016-01-16,NE,KC,27.0,20.0,-260.0,,231.0,True,True,False,True,football|NFL|2016-01-16|NE|KC
nflverse,football,NFL,2016-01-16,ARI,GB,26.0,20.0,-275.0,,244.0,True,True,False,True,football|NFL|2016-01-16|ARI|GB
nflverse,football,NFL,2016-01-17,CAR,SEA,31.0,24.0,-145.0,,131.0,True,True,False,True,football|NFL|2016-01-17|CAR|SEA
nflverse,football,NFL,2016-01-17,DEN,PIT,23.0,16.0,-290.0,,256.0,True,True,False,True,football|NFL|2016-01-17|DEN|PIT
nflverse,football,NFL,2016-01-24,DEN,NE,20.0,18.0,116.0,,-128.0,True,True,False,True,football|NFL|2016-01-24|DEN|NE
nflverse,football,NFL,2016-01-24,CAR,ARI,49.0,15.0,-174.0,,154.0,True,True,False,True,football|NFL|2016-01-24|CAR|ARI
nflverse,football,NFL,2016-02-07,DEN,CAR,24.0,10.0,187.0,,-209.0,True,True,False,True,football|NFL|2016-02-07|DEN|CAR
nflverse,football,NFL,2016-09-08,DEN,CAR,21.0,20.0,136.0,,-150.0,True,True,False,True,football|NFL|2016-09-08|DEN|CAR
nflverse,football,NFL,2016-09-11,ATL,TB,24.0,31.0,-133.0,,120.0,True,True,False,True,football|NFL|2016-09-11|ATL|TB
nflverse,football,NFL,2016-09-11,BAL,BUF,13.0,7.0,-167.0,,151.0,True,True,False,True,football|NFL|2016-09-11|BAL|BUF
nflverse,football,NFL,2016-09-11,HOU,CHI,23.0,14.0,-235.0,,210.0,True,True,False,True,football|NFL|2016-09-11|HOU|CHI
nflverse,football,NFL,2016-09-11,JAX,GB,23.0,27.0,161.0,,-179.0,True,True,False,True,football|NFL|2016-09-11|JAX|GB
nflverse,football,NFL,2016-09-11,KC,SD,33.0,27.0,-275.0,,244.0,True,True,False,True,football|NFL|2016-09-11|KC|SD
nflverse,football,NFL,2016-09-11,NO,OAK,34.0,35.0,-147.0,,133.0,True,True,False,True,football|NFL|2016-09-11|NO|OAK
nflverse,football,NFL,2016-09-11,NYJ,CIN,22.0,23.0,-117.0,,106.0,True,True,False,True,football|NFL|2016-09-11|NYJ|CIN
nflverse,football,NFL,2016-09-11,PHI,CLE,29.0,10.0,-180.0,,162.0,True,True,False,True,football|NFL|2016-09-11|PHI|CLE
nflverse,football,NFL,2016-09-11,TEN,MIN,16.0,25.0,115.0,,-127.0,True,True,False,True,football|NFL|2016-09-11|TEN|MIN
nflverse,football,NFL,2016-09-11,SEA,MIA,12.0,10.0,-500.0,,423.0,True,True,False,True,football|NFL|2016-09-11|SEA|MIA
nflverse,football,NFL,2016-09-11,DAL,NYG,19.0,20.0,-113.0,,102.0,True,True,False,True,football|NFL|2016-09-11|DAL|NYG
nflverse,football,NFL,2016-09-11,IND,DET,35.0,39.0,-145.0,,131.0,True,True,False,True,football|NFL|2016-09-11|IND|DET
nflverse,football,NFL,2016-09-11,ARI,NE,21.0,23.0,-380.0,,330.0,True,True,False,True,football|NFL|2016-09-11|ARI|NE
nflverse,football,NFL,2016-09-12,WAS,PIT,16.0,38.0,121.0,,-134.0,True,True,False,True,football|NFL|2016-09-12|WAS|PIT
nflverse,football,NFL,2016-09-12,SF,LA,28.0,0.0,114.0,,-126.0,True,True,False,True,football|NFL|2016-09-12|SF|LA
nflverse,football,NFL,2016-09-15,BUF,NYJ,31.0,37.0,-125.0,,113.0,True,True,False,True,football|NFL|2016-09-15|BUF|NYJ
nflverse,football,NFL,2016-09-18,ARI,TB,40.0,7.0,-330.0,,289.0,True,True,False,True,football|NFL|2016-09-18|ARI|TB
nflverse,football,NFL,2016-09-18,CAR,SF,46.0,27.0,-550.0,,447.0,True,True,False,True,football|NFL|2016-09-18|CAR|SF
nflverse,football,NFL,2016-09-18,CLE,BAL,20.0,25.0,171.0,,-190.0,True,True,False,True,football|NFL|2016-09-18|CLE|BAL
nflverse,football,NFL,2016-09-18,DET,TEN,15.0,16.0,-260.0,,231.0,True,True,False,True,football|NFL|2016-09-18|DET|TEN
nflverse,football,NFL,2016-09-18,HOU,KC,19.0,12.0,-103.0,,-107.0,True,True,False,True,football|NFL|2016-09-18|HOU|KC
nflverse,football,NFL,2016-09-18,NE,MIA,31.0,24.0,-230.0,,205.0,True,True,False,True,football|NFL|2016-09-18|NE|MIA
nflverse,football,NFL,2016-09-18,NYG,NO,16.0,13.0,-190.0,,171.0,True,True,False,True,football|NFL|2016-09-18|NYG|NO
nflverse,football,NFL,2016-09-18,PIT,CIN,24.0,16.0,-162.0,,146.0,True,True,False,True,football|NFL|2016-09-18|PIT|CIN
nflverse,football,NFL,2016-09-18,WAS,DAL,23.0,27.0,-185.0,,166.0,True,True,False,True,football|NFL|2016-09-18|WAS|DAL
nflverse,football,NFL,2016-09-18,LA,SEA,9.0,3.0,210.0,,-235.0,True,True,False,True,football|NFL|2016-09-18|LA|SEA
nflverse,football,NFL,2016-09-18,DEN,IND,34.0,20.0,-224.0,,200.0,True,True,False,True,football|NFL|2016-09-18|DEN|IND
nflverse,football,NFL,2016-09-18,OAK,ATL,28.0,35.0,-195.0,,175.0,True,True,False,True,football|NFL|2016-09-18|OAK|ATL
nflverse,football,NFL,2016-09-18,SD,JAX,38.0,14.0,-145.0,,131.0,True,True,False,True,football|NFL|2016-09-18|SD|JAX
nflverse,football,NFL,2016-09-18,MIN,GB,17.0,14.0,108.0,,-119.0,True,True,False,True,football|NFL|2016-09-18|MIN|GB
nflverse,football,NFL,2016-09-19,CHI,PHI,14.0,29.0,-160.0,,144.0,True,True,False,True,football|NFL|2016-09-19|CHI|PHI
nflverse,football,NFL,2016-09-22,NE,HOU,27.0,0.0,-117.0,,106.0,True,True,False,True,football|NFL|2016-09-22|NE|HOU
nflverse,football,NFL,2016-09-25,BUF,ARI,33.0,18.0,195.0,,-218.0,True,True,False,True,football|NFL|2016-09-25|BUF|ARI
nflverse,football,NFL,2016-09-25,CAR,MIN,10.0,22.0,-260.0,,231.0,True,True,False,True,football|NFL|2016-09-25|CAR|MIN
nflverse,football,NFL,2016-09-25,CIN,DEN,17.0,29.0,-183.0,,165.0,True,True,False,True,football|NFL|2016-09-25|CIN|DEN
nflverse,football,NFL,2016-09-25,GB,DET,34.0,27.0,-260.0,,231.0,True,True,False,True,football|NFL|2016-09-25|GB|DET
nflverse,football,NFL,2016-09-25,JAX,BAL,17.0,19.0,104.0,,-115.0,True,True,False,True,football|NFL|2016-09-25|JAX|BAL
nflverse,football,NFL,2016-09-25,MIA,CLE,30.0,24.0,-420.0,,361.0,True,True,False,True,football|NFL|2016-09-25|MIA|CLE
nflverse,football,NFL,2016-09-25,NYG,WAS,27.0,29.0,-174.0,,157.0,True,True,False,True,football|NFL|2016-09-25|NYG|WAS
nflverse,football,NFL,2016-09-25,TEN,OAK,10.0,17.0,109.0,,-120.0,True,True,False,True,football|NFL|2016-09-25|TEN|OAK
nflverse,football,NFL,2016-09-25,SEA,SF,37.0,18.0,-458.0,,391.0,True,True,False,True,football|NFL|2016-09-25|SEA|SF
nflverse,football,NFL,2016-09-25,TB,LA,32.0,37.0,-173.0,,156.0,True,True,False,True,football|NFL|2016-09-25|TB|LA
nflverse,football,NFL,2016-09-25,IND,SD,26.0,22.0,-127.0,,115.0,True,True,False,True,football|NFL|2016-09-25|IND|SD
nflverse,football,NFL,2016-09-25,KC,NYJ,24.0,3.0,-166.0,,150.0,True,True,False,True,football|NFL|2016-09-25|KC|NYJ
nflverse,football,NFL,2016-09-25,PHI,PIT,34.0,3.0,171.0,,-190.0,True,True,False,True,football|NFL|2016-09-25|PHI|PIT
nflverse,football,NFL,2016-09-25,DAL,CHI,31.0,17.0,-260.0,,231.0,True,True,False,True,football|NFL|2016-09-25|DAL|CHI
nflverse,football,NFL,2016-09-26,NO,ATL,32.0,45.0,-157.0,,142.0,True,True,False,True,football|NFL|2016-09-26|NO|ATL
nflverse,football,NFL,2016-09-29,CIN,MIA,22.0,7.0,-340.0,,297.0,True,True,False,True,football|NFL|2016-09-29|CIN|MIA
nflverse,football,NFL,2016-10-02,JAX,IND,30.0,27.0,-106.0,,-104.0,True,True,False,True,football|NFL|2016-10-02|JAX|IND
nflverse,football,NFL,2016-10-02,ATL,CAR,48.0,33.0,125.0,,-138.0,True,True,False,True,football|NFL|2016-10-02|ATL|CAR
nflverse,football,NFL,2016-10-02,BAL,OAK,27.0,28.0,-185.0,,166.0,True,True,False,True,football|NFL|2016-10-02|BAL|OAK
nflverse,football,NFL,2016-10-02,CHI,DET,17.0,14.0,159.0,,-177.0,True,True,False,True,football|NFL|2016-10-02|CHI|DET
nflverse,football,NFL,2016-10-02,HOU,TEN,27.0,20.0,-196.0,,176.0,True,True,False,True,football|NFL|2016-10-02|HOU|TEN
nflverse,football,NFL,2016-10-02,NE,BUF,0.0,16.0,-170.0,,153.0,True,True,False,True,football|NFL|2016-10-02|NE|BUF
nflverse,football,NFL,2016-10-02,NYJ,SEA,17.0,27.0,102.0,,-113.0,True,True,False,True,football|NFL|2016-10-02|NYJ|SEA
nflverse,football,NFL,2016-10-02,WAS,CLE,31.0,20.0,-340.0,,297.0,True,True,False,True,football|NFL|2016-10-02|WAS|CLE
nflverse,football,NFL,2016-10-02,TB,DEN,7.0,27.0,156.0,,-173.0,True,True,False,True,football|NFL|2016-10-02|TB|DEN
nflverse,football,NFL,2016-10-02,ARI,LA,13.0,17.0,-414.0,,357.0,True,True,False,True,football|NFL|2016-10-02|ARI|LA
nflverse,football,NFL,2016-10-02,SD,NO,34.0,35.0,-196.0,,176.0,True,True,False,True,football|NFL|2016-10-02|SD|NO
nflverse,football,NFL,2016-10-02,SF,DAL,17.0,24.0,111.0,,-123.0,True,True,False,True,football|NFL|2016-10-02|SF|DAL
nflverse,football,NFL,2016-10-02,PIT,KC,43.0,14.0,-177.0,,159.0,True,True,False,True,football|NFL|2016-10-02|PIT|KC
nflverse,football,NFL,2016-10-03,MIN,NYG,24.0,10.0,-195.0,,175.0,True,True,False,True,football|NFL|2016-10-03|MIN|NYG
nflverse,football,NFL,2016-10-06,SF,ARI,21.0,33.0,169.0,,-188.0,True,True,False,True,football|NFL|2016-10-06|SF|ARI
nflverse,football,NFL,2016-10-09,BAL,WAS,10.0,16.0,-195.0,,175.0,True,True,False,True,football|NFL|2016-10-09|BAL|WAS
nflverse,football,NFL,2016-10-09,CLE,NE,13.0,33.0,385.0,,-450.0,True,True,False,True,football|NFL|2016-10-09|CLE|NE
nflverse,football,NFL,2016-10-09,DET,PHI,24.0,23.0,166.0,,-185.0,True,True,False,True,football|NFL|2016-10-09|DET|PHI
nflverse,football,NFL,2016-10-09,IND,CHI,29.0,23.0,-202.0,,181.0,True,True,False,True,football|NFL|2016-10-09|IND|CHI
nflverse,football,NFL,2016-10-09,MIA,TEN,17.0,30.0,-134.0,,121.0,True,True,False,True,football|NFL|2016-10-09|MIA|TEN
nflverse,football,NFL,2016-10-09,MIN,HOU,31.0,13.0,-250.0,,222.0,True,True,False,True,football|NFL|2016-10-09|MIN|HOU
nflverse,football,NFL,2016-10-09,PIT,NYJ,31.0,13.0,-390.0,,338.0,True,True,False,True,football|NFL|2016-10-09|PIT|NYJ
nflverse,football,NFL,2016-10-09,DEN,ATL,16.0,23.0,-195.0,,175.0,True,True,False,True,football|NFL|2016-10-09|DEN|ATL
nflverse,football,NFL,2016-10-09,DAL,CIN,28.0,14.0,115.0,,-127.0,True,True,False,True,football|NFL|2016-10-09|DAL|CIN
nflverse,football,NFL,2016-10-09,LA,BUF,19.0,30.0,116.0,,-128.0,True,True,False,True,football|NFL|2016-10-09|LA|BUF
nflverse,football,NFL,2016-10-09,OAK,SD,34.0,31.0,-185.0,,166.0,True,True,False,True,football|NFL|2016-10-09|OAK|SD
nflverse,football,NFL,2016-10-09,GB,NYG,23.0,16.0,-308.0,,271.0,True,True,False,True,football|NFL|2016-10-09|GB|NYG
nflverse,football,NFL,2016-10-10,CAR,TB,14.0,17.0,-244.0,,217.0,True,True,False,True,football|NFL|2016-10-10|CAR|TB
nflverse,football,NFL,2016-10-13,SD,DEN,21.0,13.0,136.0,,-150.0,True,True,False,True,football|NFL|2016-10-13|SD|DEN
nflverse,football,NFL,2016-10-16,BUF,SF,45.0,16.0,-305.0,,269.0,True,True,False,True,football|NFL|2016-10-16|BUF|SF
nflverse,football,NFL,2016-10-16,CHI,JAX,16.0,17.0,-139.0,,126.0,True,True,False,True,football|NFL|2016-10-16|CHI|JAX
nflverse,football,NFL,2016-10-16,DET,LA,31.0,28.0,-145.0,,131.0,True,True,False,True,football|NFL|2016-10-16|DET|LA
nflverse,football,NFL,2016-10-16,MIA,PIT,30.0,15.0,269.0,,-305.0,True,True,False,True,football|NFL|2016-10-16|MIA|PIT
nflverse,football,NFL,2016-10-16,NE,CIN,35.0,17.0,-335.0,,293.0,True,True,False,True,football|NFL|2016-10-16|NE|CIN
nflverse,football,NFL,2016-10-16,NO,CAR,41.0,38.0,126.0,,-139.0,True,True,False,True,football|NFL|2016-10-16|NO|CAR
nflverse,football,NFL,2016-10-16,NYG,BAL,27.0,23.0,-190.0,,171.0,True,True,False,True,football|NFL|2016-10-16|NYG|BAL
nflverse,football,NFL,2016-10-16,TEN,CLE,28.0,26.0,-325.0,,285.0,True,True,False,True,football|NFL|2016-10-16|TEN|CLE
nflverse,football,NFL,2016-10-16,WAS,PHI,27.0,20.0,136.0,,-150.0,True,True,False,True,football|NFL|2016-10-16|WAS|PHI
nflverse,football,NFL,2016-10-16,OAK,KC,10.0,26.0,111.0,,-123.0,True,True,False,True,football|NFL|2016-10-16|OAK|KC
nflverse,football,NFL,2016-10-16,GB,DAL,16.0,30.0,-237.0,,211.0,True,True,False,True,football|NFL|2016-10-16|GB|DAL
nflverse,football,NFL,2016-10-16,SEA,ATL,26.0,24.0,-302.0,,266.0,True,True,False,True,football|NFL|2016-10-16|SEA|ATL
nflverse,football,NFL,2016-10-16,HOU,IND,26.0,23.0,-160.0,,144.0,True,True,False,True,football|NFL|2016-10-16|HOU|IND
nflverse,football,NFL,2016-10-17,ARI,NYJ,28.0,3.0,-350.0,,305.0,True,True,False,True,football|NFL|2016-10-17|ARI|NYJ
nflverse,football,NFL,2016-10-20,GB,CHI,26.0,10.0,-335.0,,293.0,True,True,False,True,football|NFL|2016-10-20|GB|CHI
nflverse,football,NFL,2016-10-23,LA,NYG,10.0,17.0,131.0,,-145.0,True,True,False,True,football|NFL|2016-10-23|LA|NYG
nflverse,football,NFL,2016-10-23,CIN,CLE,31.0,17.0,-575.0,,480.0,True,True,False,True,football|NFL|2016-10-23|CIN|CLE
nflverse,football,NFL,2016-10-23,DET,WAS,20.0,17.0,-105.0,,-105.0,True,True,False,True,football|NFL|2016-10-23|DET|WAS
nflverse,football,NFL,2016-10-23,JAX,OAK,16.0,33.0,-123.0,,111.0,True,True,False,True,football|NFL|2016-10-23|JAX|OAK
nflverse,football,NFL,2016-10-23,KC,NO,27.0,21.0,-245.0,,218.0,True,True,False,True,football|NFL|2016-10-23|KC|NO
nflverse,football,NFL,2016-10-23,MIA,BUF,28.0,25.0,121.0,,-134.0,True,True,False,True,football|NFL|2016-10-23|MIA|BUF
nflverse,football,NFL,2016-10-23,NYJ,BAL,24.0,16.0,-123.0,,111.0,True,True,False,True,football|NFL|2016-10-23|NYJ|BAL
nflverse,football,NFL,2016-10-23,PHI,MIN,21.0,10.0,116.0,,-128.0,True,True,False,True,football|NFL|2016-10-23|PHI|MIN
nflverse,football,NFL,2016-10-23,TEN,IND,26.0,34.0,-195.0,,175.0,True,True,False,True,football|NFL|2016-10-23|TEN|IND
nflverse,football,NFL,2016-10-23,ATL,SD,30.0,33.0,-208.0,,186.0,True,True,False,True,football|NFL|2016-10-23|ATL|SD
nflverse,football,NFL,2016-10-23,SF,TB,17.0,34.0,-115.0,,104.0,True,True,False,True,football|NFL|2016-10-23|SF|TB
nflverse,football,NFL,2016-10-23,PIT,NE,16.0,27.0,260.0,,-295.0,True,True,False,True,football|NFL|2016-10-23|PIT|NE
nflverse,football,NFL,2016-10-23,ARI,SEA,6.0,6.0,-134.0,,121.0,True,True,False,True,football|NFL|2016-10-23|ARI|SEA
nflverse,football,NFL,2016-10-24,DEN,HOU,27.0,9.0,-385.0,,334.0,True,True,False,True,football|NFL|2016-10-24|DEN|HOU
nflverse,football,NFL,2016-10-27,TEN,JAX,36.0,22.0,-144.0,,130.0,True,True,False,True,football|NFL|2016-10-27|TEN|JAX
nflverse,football,NFL,2016-10-30,CIN,WAS,27.0,27.0,-150.0,,136.0,True,True,False,True,football|NFL|2016-10-30|CIN|WAS
nflverse,football,NFL,2016-10-30,BUF,NE,25.0,41.0,210.0,,-235.0,True,True,False,True,football|NFL|2016-10-30|BUF|NE
nflverse,football,NFL,2016-10-30,CAR,ARI,30.0,20.0,-134.0,,121.0,True,True,False,True,football|NFL|2016-10-30|CAR|ARI
nflverse,football,NFL,2016-10-30,CLE,NYJ,28.0,31.0,121.0,,-134.0,True,True,False,True,football|NFL|2016-10-30|CLE|NYJ
nflverse,football,NFL,2016-10-30,HOU,DET,20.0,13.0,-109.0,,-101.0,True,True,False,True,football|NFL|2016-10-30|HOU|DET
nflverse,football,NFL,2016-10-30,IND,KC,14.0,30.0,126.0,,-139.0,True,True,False,True,football|NFL|2016-10-30|IND|KC
nflverse,football,NFL,2016-10-30,NO,SEA,25.0,20.0,-105.0,,-105.0,True,True,False,True,football|NFL|2016-10-30|NO|SEA
nflverse,football,NFL,2016-10-30,TB,OAK,24.0,30.0,-117.0,,106.0,True,True,False,True,football|NFL|2016-10-30|TB|OAK
nflverse,football,NFL,2016-10-30,DEN,SD,27.0,19.0,-177.0,,159.0,True,True,False,True,football|NFL|2016-10-30|DEN|SD
nflverse,football,NFL,2016-10-30,ATL,GB,33.0,32.0,-154.0,,139.0,True,True,False,True,football|NFL|2016-10-30|ATL|GB
nflverse,football,NFL,2016-10-30,DAL,PHI,29.0,23.0,-225.0,,201.0,True,True,False,True,football|NFL|2016-10-30|DAL|PHI
nflverse,football,NFL,2016-10-31,CHI,MIN,20.0,10.0,205.0,,-230.0,True,True,False,True,football|NFL|2016-10-31|CHI|MIN
nflverse,football,NFL,2016-11-03,TB,ATL,28.0,43.0,184.0,,-205.0,True,True,False,True,football|NFL|2016-11-03|TB|ATL
nflverse,football,NFL,2016-11-06,BAL,PIT,21.0,14.0,140.0,,-155.0,True,True,False,True,football|NFL|2016-11-06|BAL|PIT
nflverse,football,NFL,2016-11-06,CLE,DAL,10.0,35.0,255.0,,-289.0,True,True,False,True,football|NFL|2016-11-06|CLE|DAL
nflverse,football,NFL,2016-11-06,KC,JAX,19.0,14.0,-300.0,,264.0,True,True,False,True,football|NFL|2016-11-06|KC|JAX
nflverse,football,NFL,2016-11-06,MIA,NYJ,27.0,23.0,-190.0,,171.0,True,True,False,True,football|NFL|2016-11-06|MIA|NYJ
nflverse,football,NFL,2016-11-06,MIN,DET,16.0,22.0,-194.0,,174.0,True,True,False,True,football|NFL|2016-11-06|MIN|DET
nflverse,football,NFL,2016-11-06,NYG,PHI,28.0,23.0,-149.0,,135.0,True,True,False,True,football|NFL|2016-11-06|NYG|PHI
nflverse,football,NFL,2016-11-06,LA,CAR,10.0,13.0,127.0,,-140.0,True,True,False,True,football|NFL|2016-11-06|LA|CAR
nflverse,football,NFL,2016-11-06,SF,NO,23.0,41.0,190.0,,-212.0,True,True,False,True,football|NFL|2016-11-06|SF|NO
nflverse,football,NFL,2016-11-06,GB,IND,26.0,31.0,-340.0,,297.0,True,True,False,True,football|NFL|2016-11-06|GB|IND
nflverse,football,NFL,2016-11-06,SD,TEN,43.0,35.0,-179.0,,161.0,True,True,False,True,football|NFL|2016-11-06|SD|TEN
nflverse,football,NFL,2016-11-06,OAK,DEN,30.0,20.0,-102.0,,-108.0,True,True,False,True,football|NFL|2016-11-06|OAK|DEN
nflverse,football,NFL,2016-11-07,SEA,BUF,31.0,25.0,-220.0,,197.0,True,True,False,True,football|NFL|2016-11-07|SEA|BUF
nflverse,football,NFL,2016-11-10,BAL,CLE,28.0,7.0,-345.0,,301.0,True,True,False,True,football|NFL|2016-11-10|BAL|CLE
nflverse,football,NFL,2016-11-13,CAR,KC,17.0,20.0,-170.0,,153.0,True,True,False,True,football|NFL|2016-11-13|CAR|KC
nflverse,football,NFL,2016-11-13,JAX,HOU,21.0,24.0,-156.0,,141.0,True,True,False,True,football|NFL|2016-11-13|JAX|HOU
nflverse,football,NFL,2016-11-13,NO,DEN,23.0,25.0,-150.0,,136.0,True,True,False,True,football|NFL|2016-11-13|NO|DEN
nflverse,football,NFL,2016-11-13,NYJ,LA,6.0,9.0,104.0,,-115.0,True,True,False,True,football|NFL|2016-11-13|NYJ|LA
nflverse,football,NFL,2016-11-13,PHI,ATL,24.0,15.0,-123.0,,111.0,True,True,False,True,football|NFL|2016-11-13|PHI|ATL
nflverse,football,NFL,2016-11-13,TB,CHI,36.0,10.0,131.0,,-145.0,True,True,False,True,football|NFL|2016-11-13|TB|CHI
nflverse,football,NFL,2016-11-13,TEN,GB,47.0,25.0,127.0,,-140.0,True,True,False,True,football|NFL|2016-11-13|TEN|GB
nflverse,football,NFL,2016-11-13,WAS,MIN,26.0,20.0,-145.0,,131.0,True,True,False,True,football|NFL|2016-11-13|WAS|MIN
nflverse,football,NFL,2016-11-13,SD,MIA,24.0,31.0,-198.0,,178.0,True,True,False,True,football|NFL|2016-11-13|SD|MIA
nflverse,football,NFL,2016-11-13,ARI,SF,23.0,20.0,-850.0,,671.0,True,True,False,True,football|NFL|2016-11-13|ARI|SF
nflverse,football,NFL,2016-11-13,PIT,DAL,30.0,35.0,-173.0,,156.0,True,True,False,True,football|NFL|2016-11-13|PIT|DAL
nflverse,football,NFL,2016-11-13,NE,SEA,24.0,31.0,-310.0,,273.0,True,True,False,True,football|NFL|2016-11-13|NE|SEA
nflverse,football,NFL,2016-11-14,NYG,CIN,21.0,20.0,102.0,,-113.0,True,True,False,True,football|NFL|2016-11-14|NYG|CIN
nflverse,football,NFL,2016-11-17,CAR,NO,23.0,20.0,-184.0,,166.0,True,True,False,True,football|NFL|2016-11-17|CAR|NO
nflverse,football,NFL,2016-11-20,CIN,BUF,12.0,16.0,-136.0,,123.0,True,True,False,True,football|NFL|2016-11-20|CIN|BUF
nflverse,football,NFL,2016-11-20,CLE,PIT,9.0,24.0,272.0,,-309.0,True,True,False,True,football|NFL|2016-11-20|CLE|PIT
nflverse,football,NFL,2016-11-20,DAL,BAL,27.0,17.0,-300.0,,264.0,True,True,False,True,football|NFL|2016-11-20|DAL|BAL
nflverse,football,NFL,2016-11-20,DET,JAX,26.0,19.0,-230.0,,205.0,True,True,False,True,football|NFL|2016-11-20|DET|JAX
nflverse,football,NFL,2016-11-20,IND,TEN,24.0,17.0,-140.0,,127.0,True,True,False,True,football|NFL|2016-11-20|IND|TEN
nflverse,football,NFL,2016-11-20,KC,TB,17.0,19.0,-290.0,,256.0,True,True,False,True,football|NFL|2016-11-20|KC|TB
nflverse,football,NFL,2016-11-20,MIN,ARI,30.0,24.0,-125.0,,113.0,True,True,False,True,football|NFL|2016-11-20|MIN|ARI
nflverse,football,NFL,2016-11-20,NYG,CHI,22.0,16.0,-283.0,,250.0,True,True,False,True,football|NFL|2016-11-20|NYG|CHI
nflverse,football,NFL,2016-11-20,LA,MIA,10.0,14.0,-107.0,,-103.0,True,True,False,True,football|NFL|2016-11-20|LA|MIA
nflverse,football,NFL,2016-11-20,SEA,PHI,26.0,15.0,-265.0,,235.0,True,True,False,True,football|NFL|2016-11-20|SEA|PHI
nflverse,football,NFL,2016-11-20,SF,NE,17.0,30.0,423.0,,-500.0,True,True,False,True,football|NFL|2016-11-20|SF|NE
nflverse,football,NFL,2016-11-20,WAS,GB,42.0,24.0,-133.0,,120.0,True,True,False,True,football|NFL|2016-11-20|WAS|GB
nflverse,football,NFL,2016-11-21,OAK,HOU,27.0,20.0,-253.0,,225.0,True,True,False,True,football|NFL|2016-11-21|OAK|HOU
nflverse,football,NFL,2016-11-24,DET,MIN,16.0,13.0,-119.0,,108.0,True,True,False,True,football|NFL|2016-11-24|DET|MIN
nflverse,football,NFL,2016-11-24,DAL,WAS,31.0,26.0,-231.0,,206.0,True,True,False,True,football|NFL|2016-11-24|DAL|WAS
nflverse,football,NFL,2016-11-24,IND,PIT,7.0,28.0,346.0,,-400.0,True,True,False,True,football|NFL|2016-11-24|IND|PIT
nflverse,football,NFL,2016-11-27,ATL,ARI,38.0,19.0,-187.0,,168.0,True,True,False,True,football|NFL|2016-11-27|ATL|ARI
nflverse,football,NFL,2016-11-27,BAL,CIN,19.0,14.0,-185.0,,166.0,True,True,False,True,football|NFL|2016-11-27|BAL|CIN
nflverse,football,NFL,2016-11-27,BUF,JAX,28.0,21.0,-350.0,,305.0,True,True,False,True,football|NFL|2016-11-27|BUF|JAX
nflverse,football,NFL,2016-11-27,CHI,TEN,21.0,27.0,222.0,,-250.0,True,True,False,True,football|NFL|2016-11-27|CHI|TEN
nflverse,football,NFL,2016-11-27,CLE,NYG,13.0,27.0,237.0,,-267.0,True,True,False,True,football|NFL|2016-11-27|CLE|NYG
nflverse,football,NFL,2016-11-27,HOU,SD,13.0,21.0,116.0,,-128.0,True,True,False,True,football|NFL|2016-11-27|HOU|SD
nflverse,football,NFL,2016-11-27,MIA,SF,31.0,24.0,-310.0,,273.0,True,True,False,True,football|NFL|2016-11-27|MIA|SF
nflverse,football,NFL,2016-11-27,NO,LA,49.0,21.0,-330.0,,289.0,True,True,False,True,football|NFL|2016-11-27|NO|LA
nflverse,football,NFL,2016-11-27,TB,SEA,14.0,5.0,197.0,,-220.0,True,True,False,True,football|NFL|2016-11-27|TB|SEA
nflverse,football,NFL,2016-11-27,NYJ,NE,17.0,22.0,361.0,,-420.0,True,True,False,True,football|NFL|2016-11-27|NYJ|NE
nflverse,football,NFL,2016-11-27,OAK,CAR,35.0,32.0,-164.0,,148.0,True,True,False,True,football|NFL|2016-11-27|OAK|CAR
nflverse,football,NFL,2016-11-27,DEN,KC,27.0,30.0,-179.0,,161.0,True,True,False,True,football|NFL|2016-11-27|DEN|KC
nflverse,football,NFL,2016-11-28,PHI,GB,13.0,27.0,-196.0,,176.0,True,True,False,True,football|NFL|2016-11-28|PHI|GB
nflverse,football,NFL,2016-12-01,MIN,DAL,15.0,17.0,138.0,,-153.0,True,True,False,True,football|NFL|2016-12-01|MIN|DAL
nflverse,football,NFL,2016-12-04,ATL,KC,28.0,29.0,-208.0,,186.0,True,True,False,True,football|NFL|2016-12-04|ATL|KC
nflverse,football,NFL,2016-12-04,BAL,MIA,38.0,6.0,-185.0,,166.0,True,True,False,True,football|NFL|2016-12-04|BAL|MIA
nflverse,football,NFL,2016-12-04,CHI,SF,26.0,6.0,107.0,,-118.0,True,True,False,True,football|NFL|2016-12-04|CHI|SF
nflverse,football,NFL,2016-12-04,CIN,PHI,32.0,14.0,-118.0,,107.0,True,True,False,True,football|NFL|2016-12-04|CIN|PHI
nflverse,football,NFL,2016-12-04,GB,HOU,21.0,13.0,-312.0,,274.0,True,True,False,True,football|NFL|2016-12-04|GB|HOU
nflverse,football,NFL,2016-12-04,JAX,DEN,10.0,20.0,160.0,,-178.0,True,True,False,True,football|NFL|2016-12-04|JAX|DEN
nflverse,football,NFL,2016-12-04,NE,LA,26.0,10.0,-750.0,,604.0,True,True,False,True,football|NFL|2016-12-04|NE|LA
nflverse,football,NFL,2016-12-04,NO,DET,13.0,28.0,-284.0,,251.0,True,True,False,True,football|NFL|2016-12-04|NO|DET
nflverse,football,NFL,2016-12-04,OAK,BUF,38.0,24.0,-150.0,,136.0,True,True,False,True,football|NFL|2016-12-04|OAK|BUF
nflverse,football,NFL,2016-12-04,ARI,WAS,31.0,23.0,-133.0,,120.0,True,True,False,True,football|NFL|2016-12-04|ARI|WAS
nflverse,football,NFL,2016-12-04,PIT,NYG,24.0,14.0,-315.0,,277.0,True,True,False,True,football|NFL|2016-12-04|PIT|NYG
nflverse,football,NFL,2016-12-04,SD,TB,21.0,28.0,-185.0,,166.0,True,True,False,True,football|NFL|2016-12-04|SD|TB
nflverse,football,NFL,2016-12-04,SEA,CAR,40.0,7.0,-385.0,,334.0,True,True,False,True,football|NFL|2016-12-04|SEA|CAR
nflverse,football,NFL,2016-12-05,NYJ,IND,10.0,41.0,-123.0,,111.0,True,True,False,True,football|NFL|2016-12-05|NYJ|IND
nflverse,football,NFL,2016-12-08,KC,OAK,21.0,13.0,-199.0,,179.0,True,True,False,True,football|NFL|2016-12-08|KC|OAK
nflverse,football,NFL,2016-12-11,BUF,PIT,20.0,27.0,104.0,,-115.0,True,True,False,True,football|NFL|2016-12-11|BUF|PIT
nflverse,football,NFL,2016-12-11,CAR,SD,28.0,16.0,-112.0,,102.0,True,True,False,True,football|NFL|2016-12-11|CAR|SD
nflverse,football,NFL,2016-12-11,CLE,CIN,10.0,23.0,169.0,,-188.0,True,True,False,True,football|NFL|2016-12-11|CLE|CIN
nflverse,football,NFL,2016-12-11,DET,CHI,20.0,17.0,-314.0,,276.0,True,True,False,True,football|NFL|2016-12-11|DET|CHI
nflverse,football,NFL,2016-12-11,IND,HOU,17.0,22.0,-270.0,,239.0,True,True,False,True,football|NFL|2016-12-11|IND|HOU
nflverse,football,NFL,2016-12-11,JAX,MIN,16.0,25.0,153.0,,-170.0,True,True,False,True,football|NFL|2016-12-11|JAX|MIN
nflverse,football,NFL,2016-12-11,MIA,ARI,26.0,23.0,111.0,,-123.0,True,True,False,True,football|NFL|2016-12-11|MIA|ARI
nflverse,football,NFL,2016-12-11,PHI,WAS,22.0,27.0,109.0,,-120.0,True,True,False,True,football|NFL|2016-12-11|PHI|WAS
nflverse,football,NFL,2016-12-11,TEN,DEN,13.0,10.0,-128.0,,116.0,True,True,False,True,football|NFL|2016-12-11|TEN|DEN
nflverse,football,NFL,2016-12-11,SF,NYJ,17.0,23.0,-146.0,,132.0,True,True,False,True,football|NFL|2016-12-11|SF|NYJ
nflverse,football,NFL,2016-12-11,GB,SEA,38.0,10.0,131.0,,-145.0,True,True,False,True,football|NFL|2016-12-11|GB|SEA
nflverse,football,NFL,2016-12-11,LA,ATL,14.0,42.0,186.0,,-208.0,True,True,False,True,football|NFL|2016-12-11|LA|ATL
nflverse,football,NFL,2016-12-11,TB,NO,16.0,11.0,-128.0,,116.0,True,True,False,True,football|NFL|2016-12-11|TB|NO
nflverse,football,NFL,2016-12-11,NYG,DAL,10.0,7.0,166.0,,-185.0,True,True,False,True,football|NFL|2016-12-11|NYG|DAL
nflverse,football,NFL,2016-12-12,NE,BAL,30.0,23.0,-248.0,,221.0,True,True,False,True,football|NFL|2016-12-12|NE|BAL
nflverse,football,NFL,2016-12-15,SEA,LA,24.0,3.0,-1100.0,,828.0,True,True,False,True,football|NFL|2016-12-15|SEA|LA
nflverse,football,NFL,2016-12-17,NYJ,MIA,13.0,34.0,131.0,,-145.0,True,True,False,True,football|NFL|2016-12-17|NYJ|MIA
nflverse,football,NFL,2016-12-18,BAL,PHI,27.0,26.0,-225.0,,201.0,True,True,False,True,football|NFL|2016-12-18|BAL|PHI
nflverse,football,NFL,2016-12-18,BUF,CLE,33.0,13.0,-465.0,,397.0,True,True,False,True,football|NFL|2016-12-18|BUF|CLE
nflverse,football,NFL,2016-12-18,CHI,GB,27.0,30.0,201.0,,-225.0,True,True,False,True,football|NFL|2016-12-18|CHI|GB
nflverse,football,NFL,2016-12-18,CIN,PIT,20.0,24.0,140.0,,-155.0,True,True,False,True,football|NFL|2016-12-18|CIN|PIT
nflverse,football,NFL,2016-12-18,HOU,JAX,21.0,20.0,-185.0,,166.0,True,True,False,True,football|NFL|2016-12-18|HOU|JAX
nflverse,football,NFL,2016-12-18,KC,TEN,17.0,19.0,-242.0,,216.0,True,True,False,True,football|NFL|2016-12-18|KC|TEN
nflverse,football,NFL,2016-12-18,MIN,IND,6.0,34.0,-239.0,,213.0,True,True,False,True,football|NFL|2016-12-18|MIN|IND
nflverse,football,NFL,2016-12-18,NYG,DET,17.0,6.0,-196.0,,176.0,True,True,False,True,football|NFL|2016-12-18|NYG|DET
nflverse,football,NFL,2016-12-18,ARI,NO,41.0,48.0,-154.0,,139.0,True,True,False,True,football|NFL|2016-12-18|ARI|NO
nflverse,football,NFL,2016-12-18,ATL,SF,41.0,13.0,-900.0,,704.0,True,True,False,True,football|NFL|2016-12-18|ATL|SF
nflverse,football,NFL,2016-12-18,DEN,NE,3.0,16.0,136.0,,-150.0,True,True,False,True,football|NFL|2016-12-18|DEN|NE
nflverse,football,NFL,2016-12-18,SD,OAK,16.0,19.0,116.0,,-128.0,True,True,False,True,football|NFL|2016-12-18|SD|OAK
nflverse,football,NFL,2016-12-18,DAL,TB,26.0,20.0,-295.0,,260.0,True,True,False,True,football|NFL|2016-12-18|DAL|TB
nflverse,football,NFL,2016-12-19,WAS,CAR,15.0,26.0,-296.0,,261.0,True,True,False,True,football|NFL|2016-12-19|WAS|CAR
nflverse,football,NFL,2016-12-22,PHI,NYG,24.0,19.0,-126.0,,114.0,True,True,False,True,football|NFL|2016-12-22|PHI|NYG
nflverse,football,NFL,2016-12-24,BUF,MIA,31.0,34.0,-220.0,,197.0,True,True,False,True,football|NFL|2016-12-24|BUF|MIA
nflverse,football,NFL,2016-12-24,CAR,ATL,16.0,33.0,136.0,,-150.0,True,True,False,True,football|NFL|2016-12-24|CAR|ATL
nflverse,football,NFL,2016-12-24,CHI,WAS,21.0,41.0,140.0,,-155.0,True,True,False,True,football|NFL|2016-12-24|CHI|WAS
nflverse,football,NFL,2016-12-24,CLE,SD,20.0,17.0,179.0,,-199.0,True,True,False,True,football|NFL|2016-12-24|CLE|SD
nflverse,football,NFL,2016-12-24,GB,MIN,38.0,25.0,-265.0,,235.0,True,True,False,True,football|NFL|2016-12-24|GB|MIN
nflverse,football,NFL,2016-12-24,JAX,TEN,38.0,17.0,175.0,,-195.0,True,True,False,True,football|NFL|2016-12-24|JAX|TEN
nflverse,football,NFL,2016-12-24,NE,NYJ,41.0,3.0,-1500.0,,1051.0,True,True,False,True,football|NFL|2016-12-24|NE|NYJ
nflverse,football,NFL,2016-12-24,OAK,IND,33.0,25.0,-174.0,,157.0,True,True,False,True,football|NFL|2016-12-24|OAK|IND
nflverse,football,NFL,2016-12-24,LA,SF,21.0,22.0,-253.0,,225.0,True,True,False,True,football|NFL|2016-12-24|LA|SF
nflverse,football,NFL,2016-12-24,NO,TB,31.0,24.0,-170.0,,153.0,True,True,False,True,football|NFL|2016-12-24|NO|TB
nflverse,football,NFL,2016-12-24,SEA,ARI,31.0,34.0,-380.0,,330.0,True,True,False,True,football|NFL|2016-12-24|SEA|ARI
nflverse,football,NFL,2016-12-24,HOU,CIN,12.0,10.0,-154.0,,139.0,True,True,False,True,football|NFL|2016-12-24|HOU|CIN
nflverse,football,NFL,2016-12-25,PIT,BAL,31.0,27.0,-250.0,,222.0,True,True,False,True,football|NFL|2016-12-25|PIT|BAL
nflverse,football,NFL,2016-12-25,KC,DEN,33.0,10.0,-190.0,,171.0,True,True,False,True,football|NFL|2016-12-25|KC|DEN
nflverse,football,NFL,2016-12-26,DAL,DET,42.0,21.0,-280.0,,248.0,True,True,False,True,football|NFL|2016-12-26|DAL|DET
nflverse,football,NFL,2017-01-01,CIN,BAL,27.0,10.0,125.0,,-138.0,True,True,False,True,football|NFL|2017-01-01|CIN|BAL
nflverse,football,NFL,2017-01-01,IND,JAX,24.0,20.0,-250.0,,222.0,True,True,False,True,football|NFL|2017-01-01|IND|JAX
nflverse,football,NFL,2017-01-01,MIA,NE,14.0,35.0,323.0,,-372.0,True,True,False,True,football|NFL|2017-01-01|MIA|NE
nflverse,football,NFL,2017-01-01,MIN,CHI,38.0,10.0,-255.0,,227.0,True,True,False,True,football|NFL|2017-01-01|MIN|CHI
nflverse,football,NFL,2017-01-01,NYJ,BUF,30.0,10.0,171.0,,-190.0,True,True,False,True,football|NFL|2017-01-01|NYJ|BUF
nflverse,football,NFL,2017-01-01,PHI,DAL,27.0,13.0,-245.0,,218.0,True,True,False,True,football|NFL|2017-01-01|PHI|DAL
nflverse,football,NFL,2017-01-01,PIT,CLE,27.0,24.0,-190.0,,171.0,True,True,False,True,football|NFL|2017-01-01|PIT|CLE
nflverse,football,NFL,2017-01-01,TB,CAR,17.0,16.0,-190.0,,171.0,True,True,False,True,football|NFL|2017-01-01|TB|CAR
nflverse,football,NFL,2017-01-01,TEN,HOU,24.0,17.0,-164.0,,148.0,True,True,False,True,football|NFL|2017-01-01|TEN|HOU
nflverse,football,NFL,2017-01-01,ATL,NO,38.0,32.0,-350.0,,305.0,True,True,False,True,football|NFL|2017-01-01|ATL|NO
nflverse,football,NFL,2017-01-01,DEN,OAK,24.0,6.0,-118.0,,107.0,True,True,False,True,football|NFL|2017-01-01|DEN|OAK
nflverse,football,NFL,2017-01-01,LA,ARI,6.0,44.0,252.0,,-285.0,True,True,False,True,football|NFL|2017-01-01|LA|ARI
nflverse,football,NFL,2017-01-01,SD,KC,27.0,37.0,210.0,,-235.0,True,True,False,True,football|NFL|2017-01-01|SD|KC
nflverse,football,NFL,2017-01-01,SF,SEA,23.0,25.0,423.0,,-500.0,True,True,False,True,football|NFL|2017-01-01|SF|SEA
nflverse,football,NFL,2017-01-01,WAS,NYG,10.0,19.0,-430.0,,369.0,True,True,False,True,football|NFL|2017-01-01|WAS|NYG
nflverse,football,NFL,2017-01-01,DET,GB,24.0,31.0,171.0,,-190.0,True,True,False,True,football|NFL|2017-01-01|DET|GB
nflverse,football,NFL,2017-01-07,HOU,OAK,27.0,14.0,-208.0,,186.0,True,True,False,True,football|NFL|2017-01-07|HOU|OAK
nflverse,football,NFL,2017-01-07,SEA,DET,26.0,6.0,-390.0,,338.0,True,True,False,True,football|NFL|2017-01-07|SEA|DET
nflverse,football,NFL,2017-01-08,PIT,MIA,30.0,12.0,-603.0,,500.0,True,True,False,True,football|NFL|2017-01-08|PIT|MIA
nflverse,football,NFL,2017-01-08,GB,NYG,38.0,13.0,-210.0,,188.0,True,True,False,True,football|NFL|2017-01-08|GB|NYG
nflverse,football,NFL,2017-01-14,ATL,SEA,36.0,20.0,-272.0,,241.0,True,True,False,True,football|NFL|2017-01-14|ATL|SEA
nflverse,football,NFL,2017-01-14,NE,HOU,34.0,16.0,-1200.0,,887.0,True,True,False,True,football|NFL|2017-01-14|NE|HOU
nflverse,football,NFL,2017-01-15,DAL,GB,31.0,34.0,-231.0,,206.0,True,True,False,True,football|NFL|2017-01-15|DAL|GB
nflverse,football,NFL,2017-01-15,KC,PIT,16.0,18.0,-139.0,,126.0,True,True,False,True,football|NFL|2017-01-15|KC|PIT
nflverse,football,NFL,2017-01-22,ATL,GB,44.0,21.0,-248.0,,221.0,True,True,False,True,football|NFL|2017-01-22|ATL|GB
nflverse,football,NFL,2017-01-22,NE,PIT,36.0,17.0,-218.0,,195.0,True,True,False,True,football|NFL|2017-01-22|NE|PIT
nflverse,football,NFL,2017-02-05,ATL,NE,28.0,34.0,126.0,,-139.0,True,True,False,True,football|NFL|2017-02-05|ATL|NE
nflverse,football,NFL,2017-09-07,NE,KC,27.0,42.0,-441.0,,378.0,True,True,False,True,football|NFL|2017-09-07|NE|KC
nflverse,football,NFL,2017-09-10,BUF,NYJ,21.0,12.0,-340.0,,297.0,True,True,False,True,football|NFL|2017-09-10|BUF|NYJ
nflverse,football,NFL,2017-09-10,CHI,ATL,17.0,23.0,245.0,,-277.0,True,True,False,True,football|NFL|2017-09-10|CHI|ATL
nflverse,football,NFL,2017-09-10,CIN,BAL,0.0,20.0,-140.0,,127.0,True,True,False,True,football|NFL|2017-09-10|CIN|BAL
nflverse,football,NFL,2017-09-10,CLE,PIT,18.0,21.0,385.0,,-450.0,True,True,False,True,football|NFL|2017-09-10|CLE|PIT
nflverse,football,NFL,2017-09-10,DET,ARI,35.0,23.0,106.0,,-117.0,True,True,False,True,football|NFL|2017-09-10|DET|ARI
nflverse,football,NFL,2017-09-10,HOU,JAX,7.0,29.0,-225.0,,201.0,True,True,False,True,football|NFL|2017-09-10|HOU|JAX
nflverse,football,NFL,2017-09-10,TEN,OAK,16.0,26.0,-134.0,,121.0,True,True,False,True,football|NFL|2017-09-10|TEN|OAK
nflverse,football,NFL,2017-09-10,WAS,PHI,17.0,30.0,113.0,,-125.0,True,True,False,True,football|NFL|2017-09-10|WAS|PHI
nflverse,football,NFL,2017-09-10,LA,IND,46.0,9.0,-185.0,,166.0,True,True,False,True,football|NFL|2017-09-10|LA|IND
nflverse,football,NFL,2017-09-10,GB,SEA,17.0,9.0,-134.0,,121.0,True,True,False,True,football|NFL|2017-09-10|GB|SEA
nflverse,football,NFL,2017-09-10,SF,CAR,3.0,23.0,201.0,,-225.0,True,True,False,True,football|NFL|2017-09-10|SF|CAR
nflverse,football,NFL,2017-09-10,DAL,NYG,19.0,3.0,-248.0,,221.0,True,True,False,True,football|NFL|2017-09-10|DAL|NYG
nflverse,football,NFL,2017-09-11,MIN,NO,29.0,19.0,-172.0,,155.0,True,True,False,True,football|NFL|2017-09-11|MIN|NO
nflverse,football,NFL,2017-09-11,DEN,LAC,24.0,21.0,-145.0,,131.0,True,True,False,True,football|NFL|2017-09-11|DEN|LAC
nflverse,football,NFL,2017-09-14,CIN,HOU,9.0,13.0,-236.0,,211.0,True,True,False,True,football|NFL|2017-09-14|CIN|HOU
nflverse,football,NFL,2017-09-17,BAL,CLE,24.0,10.0,-320.0,,281.0,True,True,False,True,football|NFL|2017-09-17|BAL|CLE
nflverse,football,NFL,2017-09-17,CAR,BUF,9.0,3.0,-280.0,,248.0,True,True,False,True,football|NFL|2017-09-17|CAR|BUF
nflverse,football,NFL,2017-09-17,IND,ARI,13.0,16.0,252.0,,-285.0,True,True,False,True,football|NFL|2017-09-17|IND|ARI
nflverse,football,NFL,2017-09-17,JAX,TEN,16.0,37.0,102.0,,-113.0,True,True,False,True,football|NFL|2017-09-17|JAX|TEN
nflverse,football,NFL,2017-09-17,KC,PHI,27.0,20.0,-199.0,,179.0,True,True,False,True,football|NFL|2017-09-17|KC|PHI
nflverse,football,NFL,2017-09-17,NO,NE,20.0,36.0,197.0,,-220.0,True,True,False,True,football|NFL|2017-09-17|NO|NE
nflverse,football,NFL,2017-09-17,PIT,MIN,26.0,9.0,-380.0,,330.0,True,True,False,True,football|NFL|2017-09-17|PIT|MIN
nflverse,football,NFL,2017-09-17,TB,CHI,29.0,7.0,-307.0,,270.0,True,True,False,True,football|NFL|2017-09-17|TB|CHI
nflverse,football,NFL,2017-09-17,LAC,MIA,17.0,19.0,-185.0,,166.0,True,True,False,True,football|NFL|2017-09-17|LAC|MIA
nflverse,football,NFL,2017-09-17,OAK,NYJ,45.0,20.0,-850.0,,671.0,True,True,False,True,football|NFL|2017-09-17|OAK|NYJ
nflverse,football,NFL,2017-09-17,DEN,DAL,42.0,17.0,116.0,,-128.0,True,True,False,True,football|NFL|2017-09-17|DEN|DAL
nflverse,football,NFL,2017-09-17,LA,WAS,20.0,27.0,-150.0,,136.0,True,True,False,True,football|NFL|2017-09-17|LA|WAS
nflverse,football,NFL,2017-09-17,SEA,SF,12.0,9.0,-800.0,,638.0,True,True,False,True,football|NFL|2017-09-17|SEA|SF
nflverse,football,NFL,2017-09-17,ATL,GB,34.0,23.0,-177.0,,159.0,True,True,False,True,football|NFL|2017-09-17|ATL|GB
nflverse,football,NFL,2017-09-18,NYG,DET,10.0,24.0,-167.0,,151.0,True,True,False,True,football|NFL|2017-09-18|NYG|DET
nflverse,football,NFL,2017-09-21,SF,LA,39.0,41.0,127.0,,-140.0,True,True,False,True,football|NFL|2017-09-21|SF|LA
nflverse,football,NFL,2017-09-24,BUF,DEN,26.0,16.0,162.0,,-180.0,True,True,False,True,football|NFL|2017-09-24|BUF|DEN
nflverse,football,NFL,2017-09-24,CAR,NO,13.0,34.0,-242.0,,216.0,True,True,False,True,football|NFL|2017-09-24|CAR|NO
nflverse,football,NFL,2017-09-24,CHI,PIT,23.0,17.0,264.0,,-300.0,True,True,False,True,football|NFL|2017-09-24|CHI|PIT
nflverse,football,NFL,2017-09-24,DET,ATL,26.0,30.0,151.0,,-167.0,True,True,False,True,football|NFL|2017-09-24|DET|ATL
nflverse,football,NFL,2017-09-24,IND,CLE,31.0,28.0,-116.0,,105.0,True,True,False,True,football|NFL|2017-09-24|IND|CLE
nflverse,football,NFL,2017-09-24,MIN,TB,34.0,17.0,-106.0,,-104.0,True,True,False,True,football|NFL|2017-09-24|MIN|TB
nflverse,football,NFL,2017-09-24,NE,HOU,36.0,33.0,-990.0,,761.0,True,True,False,True,football|NFL|2017-09-24|NE|HOU
nflverse,football,NFL,2017-09-24,NYJ,MIA,20.0,6.0,200.0,,-224.0,True,True,False,True,football|NFL|2017-09-24|NYJ|MIA
nflverse,football,NFL,2017-09-24,PHI,NYG,27.0,24.0,-230.0,,205.0,True,True,False,True,football|NFL|2017-09-24|PHI|NYG
nflverse,football,NFL,2017-09-24,TEN,SEA,33.0,27.0,-130.0,,118.0,True,True,False,True,football|NFL|2017-09-24|TEN|SEA
nflverse,football,NFL,2017-09-24,GB,CIN,27.0,24.0,-335.0,,293.0,True,True,False,True,football|NFL|2017-09-24|GB|CIN
nflverse,football,NFL,2017-09-24,LAC,KC,10.0,24.0,131.0,,-145.0,True,True,False,True,football|NFL|2017-09-24|LAC|KC
nflverse,football,NFL,2017-09-24,WAS,OAK,27.0,10.0,166.0,,-185.0,True,True,False,True,football|NFL|2017-09-24|WAS|OAK
nflverse,football,NFL,2017-09-24,JAX,BAL,44.0,7.0,146.0,,-162.0,True,True,False,True,football|NFL|2017-09-24|JAX|BAL
nflverse,football,NFL,2017-09-25,ARI,DAL,17.0,28.0,137.0,,-151.0,True,True,False,True,football|NFL|2017-09-25|ARI|DAL
nflverse,football,NFL,2017-09-28,GB,CHI,35.0,14.0,,,,True,True,False,True,football|NFL|2017-09-28|GB|CHI
nflverse,football,NFL,2017-10-01,ATL,BUF,17.0,23.0,-380.0,,330.0,True,True,False,True,football|NFL|2017-10-01|ATL|BUF
nflverse,football,NFL,2017-10-01,BAL,PIT,9.0,26.0,166.0,,-185.0,True,True,False,True,football|NFL|2017-10-01|BAL|PIT
nflverse,football,NFL,2017-10-01,CLE,CIN,7.0,31.0,148.0,,-164.0,True,True,False,True,football|NFL|2017-10-01|CLE|CIN
nflverse,football,NFL,2017-10-01,DAL,LA,30.0,35.0,-237.0,,211.0,True,True,False,True,football|NFL|2017-10-01|DAL|LA
nflverse,football,NFL,2017-10-01,HOU,TEN,57.0,14.0,126.0,,-139.0,True,True,False,True,football|NFL|2017-10-01|HOU|TEN
nflverse,football,NFL,2017-10-01,MIN,DET,7.0,14.0,-155.0,,140.0,True,True,False,True,football|NFL|2017-10-01|MIN|DET
nflverse,football,NFL,2017-10-01,NE,CAR,30.0,33.0,-450.0,,385.0,True,True,False,True,football|NFL|2017-10-01|NE|CAR
nflverse,football,NFL,2017-10-01,NYJ,JAX,23.0,20.0,175.0,,-195.0,True,True,False,True,football|NFL|2017-10-01|NYJ|JAX
nflverse,football,NFL,2017-10-01,ARI,SF,18.0,15.0,-265.0,,235.0,True,True,False,True,football|NFL|2017-10-01|ARI|SF
nflverse,football,NFL,2017-10-01,LAC,PHI,24.0,26.0,-117.0,,106.0,True,True,False,True,football|NFL|2017-10-01|LAC|PHI
nflverse,football,NFL,2017-10-01,TB,NYG,25.0,23.0,-139.0,,126.0,True,True,False,True,football|NFL|2017-10-01|TB|NYG
nflverse,football,NFL,2017-10-01,DEN,OAK,16.0,10.0,-185.0,,166.0,True,True,False,True,football|NFL|2017-10-01|DEN|OAK
nflverse,football,NFL,2017-10-01,SEA,IND,46.0,18.0,-750.0,,604.0,True,True,False,True,football|NFL|2017-10-01|SEA|IND
nflverse,football,NFL,2017-10-01,MIA,NO,0.0,20.0,176.0,,-196.0,True,True,False,True,football|NFL|2017-10-01|MIA|NO
nflverse,football,NFL,2017-10-02,KC,WAS,29.0,20.0,-269.0,,239.0,True,True,False,True,football|NFL|2017-10-02|KC|WAS
nflverse,football,NFL,2017-10-05,TB,NE,14.0,19.0,162.0,,-180.0,True,True,False,True,football|NFL|2017-10-05|TB|NE
nflverse,football,NFL,2017-10-08,CIN,BUF,20.0,16.0,-150.0,,136.0,True,True,False,True,football|NFL|2017-10-08|CIN|BUF
nflverse,football,NFL,2017-10-08,CLE,NYJ,14.0,17.0,111.0,,-122.0,True,True,False,True,football|NFL|2017-10-08|CLE|NYJ
nflverse,football,NFL,2017-10-08,DET,CAR,24.0,27.0,-130.0,,118.0,True,True,False,True,football|NFL|2017-10-08|DET|CAR
nflverse,football,NFL,2017-10-08,IND,SF,26.0,23.0,-106.0,,-104.0,True,True,False,True,football|NFL|2017-10-08|IND|SF
nflverse,football,NFL,2017-10-08,MIA,TEN,16.0,10.0,-113.0,,102.0,True,True,False,True,football|NFL|2017-10-08|MIA|TEN
nflverse,football,NFL,2017-10-08,NYG,LAC,22.0,27.0,-160.0,,144.0,True,True,False,True,football|NFL|2017-10-08|NYG|LAC
nflverse,football,NFL,2017-10-08,PHI,ARI,34.0,7.0,-254.0,,226.0,True,True,False,True,football|NFL|2017-10-08|PHI|ARI
nflverse,football,NFL,2017-10-08,PIT,JAX,9.0,30.0,-330.0,,289.0,True,True,False,True,football|NFL|2017-10-08|PIT|JAX
nflverse,football,NFL,2017-10-08,LA,SEA,10.0,16.0,-133.0,,120.0,True,True,False,True,football|NFL|2017-10-08|LA|SEA
nflverse,football,NFL,2017-10-08,OAK,BAL,17.0,30.0,-155.0,,140.0,True,True,False,True,football|NFL|2017-10-08|OAK|BAL
nflverse,football,NFL,2017-10-08,DAL,GB,31.0,35.0,-139.0,,126.0,True,True,False,True,football|NFL|2017-10-08|DAL|GB
nflverse,football,NFL,2017-10-08,HOU,KC,34.0,42.0,116.0,,-128.0,True,True,False,True,football|NFL|2017-10-08|HOU|KC
nflverse,football,NFL,2017-10-09,CHI,MIN,17.0,20.0,159.0,,-177.0,True,True,False,True,football|NFL|2017-10-09|CHI|MIN
nflverse,football,NFL,2017-10-12,CAR,PHI,23.0,28.0,-148.0,,134.0,True,True,False,True,football|NFL|2017-10-12|CAR|PHI
nflverse,football,NFL,2017-10-15,ATL,MIA,17.0,20.0,-800.0,,638.0,True,True,False,True,football|NFL|2017-10-15|ATL|MIA
nflverse,football,NFL,2017-10-15,BAL,CHI,24.0,27.0,-225.0,,201.0,True,True,False,True,football|NFL|2017-10-15|BAL|CHI
nflverse,football,NFL,2017-10-15,HOU,CLE,33.0,17.0,-315.0,,277.0,True,True,False,True,football|NFL|2017-10-15|HOU|CLE
nflverse,football,NFL,2017-10-15,MIN,GB,23.0,10.0,136.0,,-150.0,True,True,False,True,football|NFL|2017-10-15|MIN|GB
nflverse,football,NFL,2017-10-15,NO,DET,52.0,38.0,-230.0,,205.0,True,True,False,True,football|NFL|2017-10-15|NO|DET
nflverse,football,NFL,2017-10-15,NYJ,NE,17.0,24.0,346.0,,-400.0,True,True,False,True,football|NFL|2017-10-15|NYJ|NE
nflverse,football,NFL,2017-10-15,WAS,SF,26.0,24.0,-480.0,,408.0,True,True,False,True,football|NFL|2017-10-15|WAS|SF
nflverse,football,NFL,2017-10-15,ARI,TB,38.0,33.0,121.0,,-134.0,True,True,False,True,football|NFL|2017-10-15|ARI|TB
nflverse,football,NFL,2017-10-15,JAX,LA,17.0,27.0,-115.0,,104.0,True,True,False,True,football|NFL|2017-10-15|JAX|LA
nflverse,football,NFL,2017-10-15,KC,PIT,13.0,19.0,-170.0,,153.0,True,True,False,True,football|NFL|2017-10-15|KC|PIT
nflverse,football,NFL,2017-10-15,OAK,LAC,16.0,17.0,-155.0,,140.0,True,True,False,True,football|NFL|2017-10-15|OAK|LAC
nflverse,football,NFL,2017-10-15,DEN,NYG,10.0,23.0,-700.0,,569.0,True,True,False,True,football|NFL|2017-10-15|DEN|NYG
nflverse,football,NFL,2017-10-16,TEN,IND,36.0,22.0,-283.0,,250.0,True,True,False,True,football|NFL|2017-10-16|TEN|IND
nflverse,football,NFL,2017-10-19,OAK,KC,31.0,30.0,140.0,,-155.0,True,True,False,True,football|NFL|2017-10-19|OAK|KC
nflverse,football,NFL,2017-10-22,BUF,TB,30.0,27.0,-166.0,,150.0,True,True,False,True,football|NFL|2017-10-22|BUF|TB
nflverse,football,NFL,2017-10-22,CHI,CAR,17.0,3.0,126.0,,-139.0,True,True,False,True,football|NFL|2017-10-22|CHI|CAR
nflverse,football,NFL,2017-10-22,CLE,TEN,9.0,12.0,205.0,,-230.0,True,True,False,True,football|NFL|2017-10-22|CLE|TEN
nflverse,football,NFL,2017-10-22,GB,NO,17.0,26.0,171.0,,-190.0,True,True,False,True,football|NFL|2017-10-22|GB|NO
nflverse,football,NFL,2017-10-22,IND,JAX,0.0,27.0,141.0,,-156.0,True,True,False,True,football|NFL|2017-10-22|IND|JAX
nflverse,football,NFL,2017-10-22,LA,ARI,33.0,0.0,-164.0,,148.0,True,True,False,True,football|NFL|2017-10-22|LA|ARI
nflverse,football,NFL,2017-10-22,MIA,NYJ,31.0,28.0,-160.0,,144.0,True,True,False,True,football|NFL|2017-10-22|MIA|NYJ
nflverse,football,NFL,2017-10-22,MIN,BAL,24.0,16.0,-220.0,,197.0,True,True,False,True,football|NFL|2017-10-22|MIN|BAL
nflverse,football,NFL,2017-10-22,SF,DAL,10.0,40.0,235.0,,-265.0,True,True,False,True,football|NFL|2017-10-22|SF|DAL
nflverse,football,NFL,2017-10-22,LAC,DEN,21.0,0.0,-105.0,,-105.0,True,True,False,True,football|NFL|2017-10-22|LAC|DEN
nflverse,football,NFL,2017-10-22,NYG,SEA,7.0,24.0,186.0,,-208.0,True,True,False,True,football|NFL|2017-10-22|NYG|SEA
nflverse,football,NFL,2017-10-22,PIT,CIN,29.0,14.0,-199.0,,179.0,True,True,False,True,football|NFL|2017-10-22|PIT|CIN
nflverse,football,NFL,2017-10-22,NE,ATL,23.0,7.0,-150.0,,136.0,True,True,False,True,football|NFL|2017-10-22|NE|ATL
nflverse,football,NFL,2017-10-23,PHI,WAS,34.0,24.0,-225.0,,201.0,True,True,False,True,football|NFL|2017-10-23|PHI|WAS
nflverse,football,NFL,2017-10-26,BAL,MIA,40.0,0.0,-156.0,,141.0,True,True,False,True,football|NFL|2017-10-26|BAL|MIA
nflverse,football,NFL,2017-10-29,BUF,OAK,34.0,14.0,-128.0,,116.0,True,True,False,True,football|NFL|2017-10-29|BUF|OAK
nflverse,football,NFL,2017-10-29,CIN,IND,24.0,23.0,-500.0,,423.0,True,True,False,True,football|NFL|2017-10-29|CIN|IND
nflverse,football,NFL,2017-10-29,NE,LAC,21.0,13.0,-272.0,,241.0,True,True,False,True,football|NFL|2017-10-29|NE|LAC
nflverse,football,NFL,2017-10-29,NO,CHI,20.0,12.0,-350.0,,305.0,True,True,False,True,football|NFL|2017-10-29|NO|CHI
nflverse,football,NFL,2017-10-29,NYJ,ATL,20.0,25.0,248.0,,-280.0,True,True,False,True,football|NFL|2017-10-29|NYJ|ATL
nflverse,football,NFL,2017-10-29,PHI,SF,33.0,10.0,-750.0,,604.0,True,True,False,True,football|NFL|2017-10-29|PHI|SF
nflverse,football,NFL,2017-10-29,TB,CAR,3.0,17.0,-123.0,,111.0,True,True,False,True,football|NFL|2017-10-29|TB|CAR
nflverse,football,NFL,2017-10-29,SEA,HOU,41.0,38.0,-250.0,,222.0,True,True,False,True,football|NFL|2017-10-29|SEA|HOU
nflverse,football,NFL,2017-10-29,WAS,DAL,19.0,33.0,151.0,,-167.0,True,True,False,True,football|NFL|2017-10-29|WAS|DAL
nflverse,football,NFL,2017-10-29,DET,PIT,15.0,20.0,153.0,,-170.0,True,True,False,True,football|NFL|2017-10-29|DET|PIT
nflverse,football,NFL,2017-10-29,CLE,MIN,16.0,33.0,408.0,,-480.0,True,True,False,True,football|NFL|2017-10-29|CLE|MIN
nflverse,football,NFL,2017-10-30,KC,DEN,29.0,19.0,-310.0,,273.0,True,True,False,True,football|NFL|2017-10-30|KC|DEN
nflverse,football,NFL,2017-11-02,NYJ,BUF,34.0,21.0,158.0,,-175.0,True,True,False,True,football|NFL|2017-11-02|NYJ|BUF
nflverse,football,NFL,2017-11-05,CAR,ATL,20.0,17.0,134.0,,-148.0,True,True,False,True,football|NFL|2017-11-05|CAR|ATL
nflverse,football,NFL,2017-11-05,HOU,IND,14.0,20.0,-253.0,,225.0,True,True,False,True,football|NFL|2017-11-05|HOU|IND
nflverse,football,NFL,2017-11-05,JAX,CIN,23.0,7.0,-230.0,,205.0,True,True,False,True,football|NFL|2017-11-05|JAX|CIN
nflverse,football,NFL,2017-11-05,NO,TB,30.0,10.0,-300.0,,264.0,True,True,False,True,football|NFL|2017-11-05|NO|TB
nflverse,football,NFL,2017-11-05,NYG,LA,17.0,51.0,220.0,,-247.0,True,True,False,True,football|NFL|2017-11-05|NYG|LA
nflverse,football,NFL,2017-11-05,PHI,DEN,51.0,23.0,-300.0,,264.0,True,True,False,True,football|NFL|2017-11-05|PHI|DEN
nflverse,football,NFL,2017-11-05,TEN,BAL,23.0,20.0,-172.0,,155.0,True,True,False,True,football|NFL|2017-11-05|TEN|BAL
nflverse,football,NFL,2017-11-05,SEA,WAS,14.0,17.0,-390.0,,338.0,True,True,False,True,football|NFL|2017-11-05|SEA|WAS
nflverse,football,NFL,2017-11-05,SF,ARI,10.0,20.0,118.0,,-130.0,True,True,False,True,football|NFL|2017-11-05|SF|ARI
nflverse,football,NFL,2017-11-05,DAL,KC,28.0,17.0,-128.0,,116.0,True,True,False,True,football|NFL|2017-11-05|DAL|KC
nflverse,football,NFL,2017-11-05,MIA,OAK,24.0,27.0,140.0,,-155.0,True,True,False,True,football|NFL|2017-11-05|MIA|OAK
nflverse,football,NFL,2017-11-06,GB,DET,17.0,30.0,118.0,,-130.0,True,True,False,True,football|NFL|2017-11-06|GB|DET
nflverse,football,NFL,2017-11-09,ARI,SEA,16.0,22.0,218.0,,-245.0,True,True,False,True,football|NFL|2017-11-09|ARI|SEA
nflverse,football,NFL,2017-11-12,BUF,NO,10.0,47.0,116.0,,-128.0,True,True,False,True,football|NFL|2017-11-12|BUF|NO
nflverse,football,NFL,2017-11-12,CHI,GB,16.0,23.0,-225.0,,201.0,True,True,False,True,football|NFL|2017-11-12|CHI|GB
nflverse,football,NFL,2017-11-12,DET,CLE,38.0,24.0,-450.0,,385.0,True,True,False,True,football|NFL|2017-11-12|DET|CLE
nflverse,football,NFL,2017-11-12,IND,PIT,17.0,20.0,400.0,,-470.0,True,True,False,True,football|NFL|2017-11-12|IND|PIT
nflverse,football,NFL,2017-11-12,JAX,LAC,20.0,17.0,-220.0,,197.0,True,True,False,True,football|NFL|2017-11-12|JAX|LAC
nflverse,football,NFL,2017-11-12,TB,NYJ,15.0,10.0,-125.0,,113.0,True,True,False,True,football|NFL|2017-11-12|TB|NYJ
nflverse,football,NFL,2017-11-12,TEN,CIN,24.0,20.0,-220.0,,197.0,True,True,False,True,football|NFL|2017-11-12|TEN|CIN
nflverse,football,NFL,2017-11-12,WAS,MIN,30.0,38.0,-106.0,,-104.0,True,True,False,True,football|NFL|2017-11-12|WAS|MIN
nflverse,football,NFL,2017-11-12,LA,HOU,33.0,7.0,-650.0,,534.0,True,True,False,True,football|NFL|2017-11-12|LA|HOU
nflverse,football,NFL,2017-11-12,ATL,DAL,27.0,7.0,-185.0,,166.0,True,True,False,True,football|NFL|2017-11-12|ATL|DAL
nflverse,football,NFL,2017-11-12,SF,NYG,31.0,21.0,146.0,,-162.0,True,True,False,True,football|NFL|2017-11-12|SF|NYG
nflverse,football,NFL,2017-11-12,DEN,NE,16.0,41.0,245.0,,-277.0,True,True,False,True,football|NFL|2017-11-12|DEN|NE
nflverse,football,NFL,2017-11-13,CAR,MIA,45.0,21.0,-365.0,,318.0,True,True,False,True,football|NFL|2017-11-13|CAR|MIA
nflverse,football,NFL,2017-11-16,PIT,TEN,40.0,17.0,-315.0,,277.0,True,True,False,True,football|NFL|2017-11-16|PIT|TEN
nflverse,football,NFL,2017-11-19,CHI,DET,24.0,27.0,140.0,,-155.0,True,True,False,True,football|NFL|2017-11-19|CHI|DET
nflverse,football,NFL,2017-11-19,CLE,JAX,7.0,19.0,273.0,,-310.0,True,True,False,True,football|NFL|2017-11-19|CLE|JAX
nflverse,football,NFL,2017-11-19,GB,BAL,0.0,23.0,121.0,,-134.0,True,True,False,True,football|NFL|2017-11-19|GB|BAL
nflverse,football,NFL,2017-11-19,HOU,ARI,31.0,21.0,-130.0,,118.0,True,True,False,True,football|NFL|2017-11-19|HOU|ARI
nflverse,football,NFL,2017-11-19,MIA,TB,20.0,30.0,108.0,,-119.0,True,True,False,True,football|NFL|2017-11-19|MIA|TB
nflverse,football,NFL,2017-11-19,MIN,LA,24.0,7.0,-117.0,,106.0,True,True,False,True,football|NFL|2017-11-19|MIN|LA
nflverse,football,NFL,2017-11-19,NO,WAS,34.0,31.0,-360.0,,314.0,True,True,False,True,football|NFL|2017-11-19|NO|WAS
nflverse,football,NFL,2017-11-19,NYG,KC,12.0,9.0,338.0,,-390.0,True,True,False,True,football|NFL|2017-11-19|NYG|KC
nflverse,football,NFL,2017-11-19,LAC,BUF,54.0,24.0,-300.0,,264.0,True,True,False,True,football|NFL|2017-11-19|LAC|BUF
nflverse,football,NFL,2017-11-19,DEN,CIN,17.0,20.0,-155.0,,140.0,True,True,False,True,football|NFL|2017-11-19|DEN|CIN
nflverse,football,NFL,2017-11-19,OAK,NE,8.0,33.0,256.0,,-290.0,True,True,False,True,football|NFL|2017-11-19|OAK|NE
nflverse,football,NFL,2017-11-19,DAL,PHI,9.0,37.0,208.0,,-233.0,True,True,False,True,football|NFL|2017-11-19|DAL|PHI
nflverse,football,NFL,2017-11-20,SEA,ATL,31.0,34.0,-114.0,,103.0,True,True,False,True,football|NFL|2017-11-20|SEA|ATL
nflverse,football,NFL,2017-11-23,DET,MIN,23.0,30.0,122.0,,-135.0,True,True,False,True,football|NFL|2017-11-23|DET|MIN
nflverse,football,NFL,2017-11-23,DAL,LAC,6.0,28.0,106.0,,-117.0,True,True,False,True,football|NFL|2017-11-23|DAL|LAC
nflverse,football,NFL,2017-11-23,WAS,NYG,20.0,10.0,-310.0,,273.0,True,True,False,True,football|NFL|2017-11-23|WAS|NYG
nflverse,football,NFL,2017-11-26,ATL,TB,34.0,20.0,-470.0,,400.0,True,True,False,True,football|NFL|2017-11-26|ATL|TB
nflverse,football,NFL,2017-11-26,CIN,CLE,30.0,16.0,-315.0,,277.0,True,True,False,True,football|NFL|2017-11-26|CIN|CLE
nflverse,football,NFL,2017-11-26,IND,TEN,16.0,20.0,157.0,,-174.0,True,True,False,True,football|NFL|2017-11-26|IND|TEN
nflverse,football,NFL,2017-11-26,KC,BUF,10.0,16.0,-350.0,,305.0,True,True,False,True,football|NFL|2017-11-26|KC|BUF
nflverse,football,NFL,2017-11-26,NE,MIA,35.0,17.0,-1300.0,,894.0,True,True,False,True,football|NFL|2017-11-26|NE|MIA
nflverse,football,NFL,2017-11-26,NYJ,CAR,27.0,35.0,216.0,,-242.0,True,True,False,True,football|NFL|2017-11-26|NYJ|CAR
nflverse,football,NFL,2017-11-26,PHI,CHI,31.0,3.0,-750.0,,604.0,True,True,False,True,football|NFL|2017-11-26|PHI|CHI
nflverse,football,NFL,2017-11-26,SF,SEA,13.0,24.0,252.0,,-285.0,True,True,False,True,football|NFL|2017-11-26|SF|SEA
nflverse,football,NFL,2017-11-26,ARI,JAX,27.0,24.0,231.0,,-260.0,True,True,False,True,football|NFL|2017-11-26|ARI|JAX
nflverse,football,NFL,2017-11-26,LA,NO,26.0,20.0,-145.0,,131.0,True,True,False,True,football|NFL|2017-11-26|LA|NO
nflverse,football,NFL,2017-11-26,OAK,DEN,21.0,14.0,-208.0,,186.0,True,True,False,True,football|NFL|2017-11-26|OAK|DEN
nflverse,football,NFL,2017-11-26,PIT,GB,31.0,28.0,-900.0,,704.0,True,True,False,True,football|NFL|2017-11-26|PIT|GB
nflverse,football,NFL,2017-11-27,BAL,HOU,23.0,16.0,-357.0,,311.0,True,True,False,True,football|NFL|2017-11-27|BAL|HOU
nflverse,football,NFL,2017-11-30,DAL,WAS,38.0,14.0,108.0,,-119.0,True,True,False,True,football|NFL|2017-11-30|DAL|WAS
nflverse,football,NFL,2017-12-03,ATL,MIN,9.0,14.0,-121.0,,110.0,True,True,False,True,football|NFL|2017-12-03|ATL|MIN
nflverse,football,NFL,2017-12-03,BAL,DET,44.0,20.0,-129.0,,117.0,True,True,False,True,football|NFL|2017-12-03|BAL|DET
nflverse,football,NFL,2017-12-03,BUF,NE,3.0,23.0,285.0,,-325.0,True,True,False,True,football|NFL|2017-12-03|BUF|NE
nflverse,football,NFL,2017-12-03,CHI,SF,14.0,15.0,-138.0,,125.0,True,True,False,True,football|NFL|2017-12-03|CHI|SF
nflverse,football,NFL,2017-12-03,GB,TB,26.0,20.0,-162.0,,146.0,True,True,False,True,football|NFL|2017-12-03|GB|TB
nflverse,football,NFL,2017-12-03,JAX,IND,30.0,10.0,-440.0,,377.0,True,True,False,True,football|NFL|2017-12-03|JAX|IND
nflverse,football,NFL,2017-12-03,MIA,DEN,35.0,9.0,106.0,,-117.0,True,True,False,True,football|NFL|2017-12-03|MIA|DEN
nflverse,football,NFL,2017-12-03,NYJ,KC,38.0,31.0,171.0,,-190.0,True,True,False,True,football|NFL|2017-12-03|NYJ|KC
nflverse,football,NFL,2017-12-03,TEN,HOU,24.0,13.0,-285.0,,252.0,True,True,False,True,football|NFL|2017-12-03|TEN|HOU
nflverse,football,NFL,2017-12-03,LAC,CLE,19.0,10.0,-754.0,,607.0,True,True,False,True,football|NFL|2017-12-03|LAC|CLE
nflverse,football,NFL,2017-12-03,ARI,LA,16.0,32.0,273.0,,-310.0,True,True,False,True,football|NFL|2017-12-03|ARI|LA
nflverse,football,NFL,2017-12-03,NO,CAR,31.0,21.0,-248.0,,221.0,True,True,False,True,football|NFL|2017-12-03|NO|CAR
nflverse,football,NFL,2017-12-03,OAK,NYG,24.0,17.0,-450.0,,385.0,True,True,False,True,football|NFL|2017-12-03|OAK|NYG
nflverse,football,NFL,2017-12-03,SEA,PHI,24.0,10.0,171.0,,-190.0,True,True,False,True,football|NFL|2017-12-03|SEA|PHI
nflverse,football,NFL,2017-12-04,CIN,PIT,20.0,23.0,191.0,,-213.0,True,True,False,True,football|NFL|2017-12-04|CIN|PIT
nflverse,football,NFL,2017-12-07,ATL,NO,20.0,17.0,-134.0,,121.0,True,True,False,True,football|NFL|2017-12-07|ATL|NO
nflverse,football,NFL,2017-12-10,BUF,IND,13.0,7.0,-180.0,,162.0,True,True,False,True,football|NFL|2017-12-10|BUF|IND
nflverse,football,NFL,2017-12-10,CAR,MIN,31.0,24.0,116.0,,-128.0,True,True,False,True,football|NFL|2017-12-10|CAR|MIN
nflverse,football,NFL,2017-12-10,CIN,CHI,7.0,33.0,-260.0,,231.0,True,True,False,True,football|NFL|2017-12-10|CIN|CHI
nflverse,football,NFL,2017-12-10,CLE,GB,21.0,27.0,120.0,,-133.0,True,True,False,True,football|NFL|2017-12-10|CLE|GB
nflverse,football,NFL,2017-12-10,HOU,SF,16.0,26.0,-123.0,,111.0,True,True,False,True,football|NFL|2017-12-10|HOU|SF
nflverse,football,NFL,2017-12-10,KC,OAK,26.0,15.0,-209.0,,187.0,True,True,False,True,football|NFL|2017-12-10|KC|OAK
nflverse,football,NFL,2017-12-10,NYG,DAL,10.0,30.0,175.0,,-195.0,True,True,False,True,football|NFL|2017-12-10|NYG|DAL
nflverse,football,NFL,2017-12-10,TB,DET,21.0,24.0,111.0,,-123.0,True,True,False,True,football|NFL|2017-12-10|TB|DET
nflverse,football,NFL,2017-12-10,ARI,TEN,12.0,7.0,129.0,,-143.0,True,True,False,True,football|NFL|2017-12-10|ARI|TEN
nflverse,football,NFL,2017-12-10,DEN,NYJ,23.0,0.0,-106.0,,-104.0,True,True,False,True,football|NFL|2017-12-10|DEN|NYJ
nflverse,football,NFL,2017-12-10,LAC,WAS,30.0,13.0,-265.0,,235.0,True,True,False,True,football|NFL|2017-12-10|LAC|WAS
nflverse,football,NFL,2017-12-10,JAX,SEA,30.0,24.0,-143.0,,129.0,True,True,False,True,football|NFL|2017-12-10|JAX|SEA
nflverse,football,NFL,2017-12-10,LA,PHI,35.0,43.0,104.0,,-115.0,True,True,False,True,football|NFL|2017-12-10|LA|PHI
nflverse,football,NFL,2017-12-10,PIT,BAL,39.0,38.0,-244.0,,217.0,True,True,False,True,football|NFL|2017-12-10|PIT|BAL
nflverse,football,NFL,2017-12-11,MIA,NE,27.0,20.0,412.0,,-485.0,True,True,False,True,football|NFL|2017-12-11|MIA|NE
nflverse,football,NFL,2017-12-14,IND,DEN,13.0,25.0,131.0,,-145.0,True,True,False,True,football|NFL|2017-12-14|IND|DEN
nflverse,football,NFL,2017-12-16,DET,CHI,20.0,10.0,-236.0,,211.0,True,True,False,True,football|NFL|2017-12-16|DET|CHI
nflverse,football,NFL,2017-12-16,KC,LAC,30.0,13.0,-113.0,,102.0,True,True,False,True,football|NFL|2017-12-16|KC|LAC
nflverse,football,NFL,2017-12-17,BUF,MIA,24.0,16.0,-185.0,,166.0,True,True,False,True,football|NFL|2017-12-17|BUF|MIA
nflverse,football,NFL,2017-12-17,CAR,GB,31.0,24.0,-150.0,,136.0,True,True,False,True,football|NFL|2017-12-17|CAR|GB
nflverse,football,NFL,2017-12-17,CLE,BAL,10.0,27.0,231.0,,-260.0,True,True,False,True,football|NFL|2017-12-17|CLE|BAL
nflverse,football,NFL,2017-12-17,JAX,HOU,45.0,7.0,-450.0,,385.0,True,True,False,True,football|NFL|2017-12-17|JAX|HOU
nflverse,football,NFL,2017-12-17,MIN,CIN,34.0,7.0,-650.0,,534.0,True,True,False,True,football|NFL|2017-12-17|MIN|CIN
nflverse,football,NFL,2017-12-17,NO,NYJ,31.0,19.0,-1100.0,,789.0,True,True,False,True,football|NFL|2017-12-17|NO|NYJ
nflverse,football,NFL,2017-12-17,NYG,PHI,29.0,34.0,264.0,,-300.0,True,True,False,True,football|NFL|2017-12-17|NYG|PHI
nflverse,football,NFL,2017-12-17,WAS,ARI,20.0,15.0,-202.0,,181.0,True,True,False,True,football|NFL|2017-12-17|WAS|ARI
nflverse,football,NFL,2017-12-17,SEA,LA,7.0,42.0,-105.0,,-105.0,True,True,False,True,football|NFL|2017-12-17|SEA|LA
nflverse,football,NFL,2017-12-17,PIT,NE,24.0,27.0,126.0,,-139.0,True,True,False,True,football|NFL|2017-12-17|PIT|NE
nflverse,football,NFL,2017-12-17,SF,TEN,25.0,23.0,-123.0,,111.0,True,True,False,True,football|NFL|2017-12-17|SF|TEN
nflverse,football,NFL,2017-12-17,OAK,DAL,17.0,20.0,129.0,,-143.0,True,True,False,True,football|NFL|2017-12-17|OAK|DAL
nflverse,football,NFL,2017-12-18,TB,ATL,21.0,24.0,281.0,,-320.0,True,True,False,True,football|NFL|2017-12-18|TB|ATL
nflverse,football,NFL,2017-12-23,BAL,IND,23.0,16.0,-800.0,,638.0,True,True,False,True,football|NFL|2017-12-23|BAL|IND
nflverse,football,NFL,2017-12-23,GB,MIN,0.0,16.0,346.0,,-400.0,True,True,False,True,football|NFL|2017-12-23|GB|MIN
nflverse,football,NFL,2017-12-24,CAR,TB,22.0,19.0,-450.0,,385.0,True,True,False,True,football|NFL|2017-12-24|CAR|TB
nflverse,football,NFL,2017-12-24,CHI,CLE,20.0,3.0,-230.0,,205.0,True,True,False,True,football|NFL|2017-12-24|CHI|CLE
nflverse,football,NFL,2017-12-24,CIN,DET,26.0,17.0,139.0,,-154.0,True,True,False,True,football|NFL|2017-12-24|CIN|DET
nflverse,football,NFL,2017-12-24,KC,MIA,29.0,13.0,-510.0,,431.0,True,True,False,True,football|NFL|2017-12-24|KC|MIA
nflverse,football,NFL,2017-12-24,NE,BUF,37.0,16.0,-510.0,,431.0,True,True,False,True,football|NFL|2017-12-24|NE|BUF
nflverse,football,NFL,2017-12-24,NO,ATL,23.0,13.0,-242.0,,216.0,True,True,False,True,football|NFL|2017-12-24|NO|ATL
nflverse,football,NFL,2017-12-24,NYJ,LAC,7.0,14.0,264.0,,-300.0,True,True,False,True,football|NFL|2017-12-24|NYJ|LAC
nflverse,football,NFL,2017-12-24,TEN,LA,23.0,27.0,205.0,,-230.0,True,True,False,True,football|NFL|2017-12-24|TEN|LA
nflverse,football,NFL,2017-12-24,WAS,DEN,27.0,11.0,-160.0,,144.0,True,True,False,True,football|NFL|2017-12-24|WAS|DEN
nflverse,football,NFL,2017-12-24,SF,JAX,44.0,33.0,186.0,,-208.0,True,True,False,True,football|NFL|2017-12-24|SF|JAX
nflverse,football,NFL,2017-12-24,ARI,NYG,23.0,0.0,-173.0,,156.0,True,True,False,True,football|NFL|2017-12-24|ARI|NYG
nflverse,football,NFL,2017-12-24,DAL,SEA,12.0,21.0,-213.0,,191.0,True,True,False,True,football|NFL|2017-12-24|DAL|SEA
nflverse,football,NFL,2017-12-25,HOU,PIT,6.0,34.0,346.0,,-400.0,True,True,False,True,football|NFL|2017-12-25|HOU|PIT
nflverse,football,NFL,2017-12-25,PHI,OAK,19.0,10.0,-420.0,,361.0,True,True,False,True,football|NFL|2017-12-25|PHI|OAK
nflverse,football,NFL,2017-12-31,DET,GB,35.0,11.0,-315.0,,277.0,True,True,False,True,football|NFL|2017-12-31|DET|GB
nflverse,football,NFL,2017-12-31,IND,HOU,22.0,13.0,-230.0,,201.0,True,True,False,True,football|NFL|2017-12-31|IND|HOU
nflverse,football,NFL,2017-12-31,MIN,CHI,23.0,10.0,-750.0,,581.0,True,True,False,True,football|NFL|2017-12-31|MIN|CHI
nflverse,football,NFL,2017-12-31,NE,NYJ,26.0,6.0,-1400.0,,851.0,True,True,False,True,football|NFL|2017-12-31|NE|NYJ
nflverse,football,NFL,2017-12-31,NYG,WAS,18.0,10.0,201.0,,-230.0,True,True,False,True,football|NFL|2017-12-31|NYG|WAS
nflverse,football,NFL,2017-12-31,PHI,DAL,0.0,6.0,176.0,,-200.0,True,True,False,True,football|NFL|2017-12-31|PHI|DAL
nflverse,football,NFL,2017-12-31,PIT,CLE,28.0,24.0,-210.0,,184.0,True,True,False,True,football|NFL|2017-12-31|PIT|CLE
nflverse,football,NFL,2017-12-31,ATL,CAR,22.0,10.0,-236.0,,211.0,True,True,False,True,football|NFL|2017-12-31|ATL|CAR
nflverse,football,NFL,2017-12-31,BAL,CIN,27.0,31.0,-370.0,,322.0,True,True,False,True,football|NFL|2017-12-31|BAL|CIN
nflverse,football,NFL,2017-12-31,DEN,KC,24.0,27.0,-174.0,,154.0,True,True,False,True,football|NFL|2017-12-31|DEN|KC
nflverse,football,NFL,2017-12-31,LA,SF,13.0,34.0,241.0,,-278.0,True,True,False,True,football|NFL|2017-12-31|LA|SF
nflverse,football,NFL,2017-12-31,LAC,OAK,30.0,10.0,-305.0,,269.0,True,True,False,True,football|NFL|2017-12-31|LAC|OAK
nflverse,football,NFL,2017-12-31,MIA,BUF,16.0,22.0,118.0,,-130.0,True,True,False,True,football|NFL|2017-12-31|MIA|BUF
nflverse,football,NFL,2017-12-31,SEA,ARI,24.0,26.0,-374.0,,325.0,True,True,False,True,football|NFL|2017-12-31|SEA|ARI
nflverse,football,NFL,2017-12-31,TB,NO,31.0,24.0,222.0,,-250.0,True,True,False,True,football|NFL|2017-12-31|TB|NO
nflverse,football,NFL,2017-12-31,TEN,JAX,15.0,10.0,-138.0,,125.0,True,True,False,True,football|NFL|2017-12-31|TEN|JAX
nflverse,football,NFL,2018-01-06,KC,TEN,21.0,22.0,-430.0,,369.0,True,True,False,True,football|NFL|2018-01-06|KC|TEN
nflverse,football,NFL,2018-01-06,LA,ATL,13.0,26.0,-250.0,,222.0,True,True,False,True,football|NFL|2018-01-06|LA|ATL
nflverse,football,NFL,2018-01-07,JAX,BUF,10.0,3.0,-400.0,,346.0,True,True,False,True,football|NFL|2018-01-07|JAX|BUF
nflverse,football,NFL,2018-01-07,NO,CAR,31.0,26.0,-265.0,,235.0,True,True,False,True,football|NFL|2018-01-07|NO|CAR
nflverse,football,NFL,2018-01-13,PHI,ATL,15.0,10.0,120.0,,-133.0,True,True,False,True,football|NFL|2018-01-13|PHI|ATL
nflverse,football,NFL,2018-01-13,NE,TEN,35.0,14.0,-790.0,,607.0,True,True,False,True,football|NFL|2018-01-13|NE|TEN
nflverse,football,NFL,2018-01-14,PIT,JAX,42.0,45.0,-280.0,,248.0,True,True,False,True,football|NFL|2018-01-14|PIT|JAX
nflverse,football,NFL,2018-01-14,MIN,NO,29.0,24.0,-230.0,,205.0,True,True,False,True,football|NFL|2018-01-14|MIN|NO
nflverse,football,NFL,2018-01-21,NE,JAX,24.0,20.0,-330.0,,289.0,True,True,False,True,football|NFL|2018-01-21|NE|JAX
nflverse,football,NFL,2018-01-21,PHI,MIN,38.0,7.0,133.0,,-147.0,True,True,False,True,football|NFL|2018-01-21|PHI|MIN
nflverse,football,NFL,2018-02-04,NE,PHI,33.0,41.0,-202.0,,181.0,True,True,False,True,football|NFL|2018-02-04|NE|PHI
nflverse,football,NFL,2018-09-06,PHI,ATL,18.0,12.0,-106.0,,-104.0,True,True,False,True,football|NFL|2018-09-06|PHI|ATL
nflverse,football,NFL,2018-09-09,BAL,BUF,47.0,3.0,-355.0,,309.0,True,True,False,True,football|NFL|2018-09-09|BAL|BUF
nflverse,football,NFL,2018-09-09,CLE,PIT,21.0,21.0,156.0,,-173.0,True,True,False,True,football|NFL|2018-09-09|CLE|PIT
nflverse,football,NFL,2018-09-09,IND,CIN,23.0,34.0,-105.0,,-105.0,True,True,False,True,football|NFL|2018-09-09|IND|CIN
nflverse,football,NFL,2018-09-09,MIA,TEN,27.0,20.0,104.0,,-115.0,True,True,False,True,football|NFL|2018-09-09|MIA|TEN
nflverse,football,NFL,2018-09-09,MIN,SF,24.0,16.0,-268.0,,238.0,True,True,False,True,football|NFL|2018-09-09|MIN|SF
nflverse,football,NFL,2018-09-09,NE,HOU,27.0,20.0,-240.0,,214.0,True,True,False,True,football|NFL|2018-09-09|NE|HOU
nflverse,football,NFL,2018-09-09,NO,TB,40.0,48.0,-450.0,,385.0,True,True,False,True,football|NFL|2018-09-09|NO|TB
nflverse,football,NFL,2018-09-09,NYG,JAX,15.0,20.0,127.0,,-141.0,True,True,False,True,football|NFL|2018-09-09|NYG|JAX
nflverse,football,NFL,2018-09-09,LAC,KC,28.0,38.0,-185.0,,166.0,True,True,False,True,football|NFL|2018-09-09|LAC|KC
nflverse,football,NFL,2018-09-09,ARI,WAS,6.0,24.0,-129.0,,117.0,True,True,False,True,football|NFL|2018-09-09|ARI|WAS
nflverse,football,NFL,2018-09-09,CAR,DAL,16.0,8.0,-149.0,,134.0,True,True,False,True,football|NFL|2018-09-09|CAR|DAL
nflverse,football,NFL,2018-09-09,DEN,SEA,27.0,24.0,-175.0,,157.0,True,True,False,True,football|NFL|2018-09-09|DEN|SEA
nflverse,football,NFL,2018-09-09,GB,CHI,24.0,23.0,-271.0,,240.0,True,True,False,True,football|NFL|2018-09-09|GB|CHI
nflverse,football,NFL,2018-09-10,DET,NYJ,17.0,48.0,-339.0,,297.0,True,True,False,True,football|NFL|2018-09-10|DET|NYJ
nflverse,football,NFL,2018-09-10,OAK,LA,13.0,33.0,212.0,,-238.0,True,True,False,True,football|NFL|2018-09-10|OAK|LA
nflverse,football,NFL,2018-09-13,CIN,BAL,34.0,23.0,-115.0,,104.0,True,True,False,True,football|NFL|2018-09-13|CIN|BAL
nflverse,football,NFL,2018-09-16,ATL,CAR,31.0,24.0,-240.0,,214.0,True,True,False,True,football|NFL|2018-09-16|ATL|CAR
nflverse,football,NFL,2018-09-16,BUF,LAC,20.0,31.0,261.0,,-296.0,True,True,False,True,football|NFL|2018-09-16|BUF|LAC
nflverse,football,NFL,2018-09-16,GB,MIN,29.0,29.0,110.0,,-121.0,True,True,False,True,football|NFL|2018-09-16|GB|MIN
nflverse,football,NFL,2018-09-16,NO,CLE,21.0,18.0,-407.0,,351.0,True,True,False,True,football|NFL|2018-09-16|NO|CLE
nflverse,football,NFL,2018-09-16,NYJ,MIA,12.0,20.0,-170.0,,153.0,True,True,False,True,football|NFL|2018-09-16|NYJ|MIA
nflverse,football,NFL,2018-09-16,PIT,KC,37.0,42.0,-199.0,,179.0,True,True,False,True,football|NFL|2018-09-16|PIT|KC
nflverse,football,NFL,2018-09-16,TB,PHI,27.0,21.0,129.0,,-142.0,True,True,False,True,football|NFL|2018-09-16|TB|PHI
nflverse,football,NFL,2018-09-16,TEN,HOU,20.0,17.0,159.0,,-176.0,True,True,False,True,football|NFL|2018-09-16|TEN|HOU
nflverse,football,NFL,2018-09-16,WAS,IND,9.0,21.0,-239.0,,213.0,True,True,False,True,football|NFL|2018-09-16|WAS|IND
nflverse,football,NFL,2018-09-16,LA,ARI,34.0,0.0,-775.0,,621.0,True,True,False,True,football|NFL|2018-09-16|LA|ARI
nflverse,football,NFL,2018-09-16,SF,DET,30.0,27.0,-235.0,,210.0,True,True,False,True,football|NFL|2018-09-16|SF|DET
nflverse,football,NFL,2018-09-16,DEN,OAK,20.0,19.0,-231.0,,207.0,True,True,False,True,football|NFL|2018-09-16|DEN|OAK
nflverse,football,NFL,2018-09-16,JAX,NE,31.0,20.0,120.0,,-133.0,True,True,False,True,football|NFL|2018-09-16|JAX|NE
nflverse,football,NFL,2018-09-16,DAL,NYG,20.0,13.0,-152.0,,138.0,True,True,False,True,football|NFL|2018-09-16|DAL|NYG
nflverse,football,NFL,2018-09-17,CHI,SEA,24.0,17.0,-231.0,,206.0,True,True,False,True,football|NFL|2018-09-17|CHI|SEA
nflverse,football,NFL,2018-09-20,CLE,NYJ,21.0,17.0,-170.0,,153.0,True,True,False,True,football|NFL|2018-09-20|CLE|NYJ
nflverse,football,NFL,2018-09-23,ATL,NO,37.0,43.0,-125.0,,113.0,True,True,False,True,football|NFL|2018-09-23|ATL|NO
nflverse,football,NFL,2018-09-23,BAL,DEN,27.0,14.0,-225.0,,201.0,True,True,False,True,football|NFL|2018-09-23|BAL|DEN
nflverse,football,NFL,2018-09-23,CAR,CIN,31.0,21.0,-142.0,,128.0,True,True,False,True,football|NFL|2018-09-23|CAR|CIN
nflverse,football,NFL,2018-09-23,HOU,NYG,22.0,27.0,-259.0,,230.0,True,True,False,True,football|NFL|2018-09-23|HOU|NYG
nflverse,football,NFL,2018-09-23,JAX,TEN,6.0,9.0,-415.0,,357.0,True,True,False,True,football|NFL|2018-09-23|JAX|TEN
nflverse,football,NFL,2018-09-23,KC,SF,38.0,27.0,-250.0,,222.0,True,True,False,True,football|NFL|2018-09-23|KC|SF
nflverse,football,NFL,2018-09-23,MIA,OAK,28.0,20.0,-138.0,,125.0,True,True,False,True,football|NFL|2018-09-23|MIA|OAK
nflverse,football,NFL,2018-09-23,MIN,BUF,6.0,27.0,-1200.0,,803.0,True,True,False,True,football|NFL|2018-09-23|MIN|BUF
nflverse,football,NFL,2018-09-23,PHI,IND,20.0,16.0,-274.0,,243.0,True,True,False,True,football|NFL|2018-09-23|PHI|IND
nflverse,football,NFL,2018-09-23,WAS,GB,31.0,17.0,122.0,,-135.0,True,True,False,True,football|NFL|2018-09-23|WAS|GB
nflverse,football,NFL,2018-09-23,LA,LAC,35.0,23.0,-288.0,,254.0,True,True,False,True,football|NFL|2018-09-23|LA|LAC
nflverse,football,NFL,2018-09-23,ARI,CHI,14.0,16.0,224.0,,-252.0,True,True,False,True,football|NFL|2018-09-23|ARI|CHI
nflverse,football,NFL,2018-09-23,SEA,DAL,24.0,13.0,-117.0,,106.0,True,True,False,True,football|NFL|2018-09-23|SEA|DAL
nflverse,football,NFL,2018-09-23,DET,NE,26.0,10.0,269.0,,-306.0,True,True,False,True,football|NFL|2018-09-23|DET|NE
nflverse,football,NFL,2018-09-24,TB,PIT,27.0,30.0,-117.0,,106.0,True,True,False,True,football|NFL|2018-09-24|TB|PIT
nflverse,football,NFL,2018-09-27,LA,MIN,38.0,31.0,-321.0,,282.0,True,True,False,True,football|NFL|2018-09-27|LA|MIN
nflverse,football,NFL,2018-09-30,ATL,CIN,36.0,37.0,-179.0,,161.0,True,True,False,True,football|NFL|2018-09-30|ATL|CIN
nflverse,football,NFL,2018-09-30,CHI,TB,48.0,10.0,-140.0,,126.0,True,True,False,True,football|NFL|2018-09-30|CHI|TB
nflverse,football,NFL,2018-09-30,DAL,DET,26.0,24.0,-140.0,,127.0,True,True,False,True,football|NFL|2018-09-30|DAL|DET
nflverse,football,NFL,2018-09-30,GB,BUF,22.0,0.0,-365.0,,317.0,True,True,False,True,football|NFL|2018-09-30|GB|BUF
nflverse,football,NFL,2018-09-30,IND,HOU,34.0,37.0,104.0,,-115.0,True,True,False,True,football|NFL|2018-09-30|IND|HOU
nflverse,football,NFL,2018-09-30,JAX,NYJ,31.0,12.0,-335.0,,293.0,True,True,False,True,football|NFL|2018-09-30|JAX|NYJ
nflverse,football,NFL,2018-09-30,NE,MIA,38.0,7.0,-279.0,,247.0,True,True,False,True,football|NFL|2018-09-30|NE|MIA
nflverse,football,NFL,2018-09-30,TEN,PHI,26.0,23.0,132.0,,-146.0,True,True,False,True,football|NFL|2018-09-30|TEN|PHI
nflverse,football,NFL,2018-09-30,ARI,SEA,17.0,20.0,173.0,,-192.0,True,True,False,True,football|NFL|2018-09-30|ARI|SEA
nflverse,football,NFL,2018-09-30,OAK,CLE,45.0,42.0,-135.0,,122.0,True,True,False,True,football|NFL|2018-09-30|OAK|CLE
nflverse,football,NFL,2018-09-30,LAC,SF,29.0,27.0,-428.0,,368.0,True,True,False,True,football|NFL|2018-09-30|LAC|SF
nflverse,football,NFL,2018-09-30,NYG,NO,18.0,33.0,153.0,,-170.0,True,True,False,True,football|NFL|2018-09-30|NYG|NO
nflverse,football,NFL,2018-09-30,PIT,BAL,14.0,26.0,-170.0,,153.0,True,True,False,True,football|NFL|2018-09-30|PIT|BAL
nflverse,football,NFL,2018-10-01,DEN,KC,23.0,27.0,159.0,,-176.0,True,True,False,True,football|NFL|2018-10-01|DEN|KC
nflverse,football,NFL,2018-10-04,NE,IND,38.0,24.0,-537.0,,452.0,True,True,False,True,football|NFL|2018-10-04|NE|IND
nflverse,football,NFL,2018-10-07,BUF,TEN,13.0,12.0,238.0,,-269.0,True,True,False,True,football|NFL|2018-10-07|BUF|TEN
nflverse,football,NFL,2018-10-07,CAR,NYG,33.0,31.0,-264.0,,234.0,True,True,False,True,football|NFL|2018-10-07|CAR|NYG
nflverse,football,NFL,2018-10-07,CIN,MIA,27.0,17.0,-255.0,,227.0,True,True,False,True,football|NFL|2018-10-07|CIN|MIA
nflverse,football,NFL,2018-10-07,CLE,BAL,12.0,9.0,154.0,,-171.0,True,True,False,True,football|NFL|2018-10-07|CLE|BAL
nflverse,football,NFL,2018-10-07,DET,GB,31.0,23.0,-125.0,,114.0,True,True,False,True,football|NFL|2018-10-07|DET|GB
nflverse,football,NFL,2018-10-07,KC,JAX,30.0,14.0,-144.0,,131.0,True,True,False,True,football|NFL|2018-10-07|KC|JAX
nflverse,football,NFL,2018-10-07,NYJ,DEN,34.0,16.0,-104.0,,-106.0,True,True,False,True,football|NFL|2018-10-07|NYJ|DEN
nflverse,football,NFL,2018-10-07,PIT,ATL,41.0,17.0,-180.0,,162.0,True,True,False,True,football|NFL|2018-10-07|PIT|ATL
nflverse,football,NFL,2018-10-07,LAC,OAK,26.0,10.0,-230.0,,205.0,True,True,False,True,football|NFL|2018-10-07|LAC|OAK
nflverse,football,NFL,2018-10-07,PHI,MIN,21.0,23.0,-180.0,,162.0,True,True,False,True,football|NFL|2018-10-07|PHI|MIN
nflverse,football,NFL,2018-10-07,SEA,LA,31.0,33.0,277.0,,-315.0,True,True,False,True,football|NFL|2018-10-07|SEA|LA
nflverse,football,NFL,2018-10-07,SF,ARI,18.0,28.0,-161.0,,146.0,True,True,False,True,football|NFL|2018-10-07|SF|ARI
nflverse,football,NFL,2018-10-07,HOU,DAL,19.0,16.0,-173.0,,156.0,True,True,False,True,football|NFL|2018-10-07|HOU|DAL
nflverse,football,NFL,2018-10-08,NO,WAS,43.0,19.0,-250.0,,222.0,True,True,False,True,football|NFL|2018-10-08|NO|WAS
nflverse,football,NFL,2018-10-11,NYG,PHI,13.0,34.0,114.0,,-126.0,True,True,False,True,football|NFL|2018-10-11|NYG|PHI
nflverse,football,NFL,2018-10-14,ATL,TB,34.0,29.0,-159.0,,144.0,True,True,False,True,football|NFL|2018-10-14|ATL|TB
nflverse,football,NFL,2018-10-14,CIN,PIT,21.0,28.0,-113.0,,103.0,True,True,False,True,football|NFL|2018-10-14|CIN|PIT
nflverse,football,NFL,2018-10-14,CLE,LAC,14.0,38.0,-105.0,,-105.0,True,True,False,True,football|NFL|2018-10-14|CLE|LAC
nflverse,football,NFL,2018-10-14,HOU,BUF,20.0,13.0,-439.0,,376.0,True,True,False,True,football|NFL|2018-10-14|HOU|BUF
nflverse,football,NFL,2018-10-14,MIA,CHI,31.0,28.0,254.0,,-287.0,True,True,False,True,football|NFL|2018-10-14|MIA|CHI
nflverse,football,NFL,2018-10-14,MIN,ARI,27.0,17.0,-405.0,,350.0,True,True,False,True,football|NFL|2018-10-14|MIN|ARI
nflverse,football,NFL,2018-10-14,NYJ,IND,42.0,34.0,-145.0,,131.0,True,True,False,True,football|NFL|2018-10-14|NYJ|IND
nflverse,football,NFL,2018-10-14,OAK,SEA,3.0,27.0,137.0,,-152.0,True,True,False,True,football|NFL|2018-10-14|OAK|SEA
nflverse,football,NFL,2018-10-14,WAS,CAR,23.0,17.0,104.0,,-115.0,True,True,False,True,football|NFL|2018-10-14|WAS|CAR
nflverse,football,NFL,2018-10-14,DEN,LA,20.0,23.0,264.0,,-300.0,True,True,False,True,football|NFL|2018-10-14|DEN|LA
nflverse,football,NFL,2018-10-14,DAL,JAX,40.0,7.0,156.0,,-173.0,True,True,False,True,football|NFL|2018-10-14|DAL|JAX
nflverse,football,NFL,2018-10-14,TEN,BAL,0.0,21.0,124.0,,-137.0,True,True,False,True,football|NFL|2018-10-14|TEN|BAL
nflverse,football,NFL,2018-10-14,NE,KC,43.0,40.0,-190.0,,171.0,True,True,False,True,football|NFL|2018-10-14|NE|KC
nflverse,football,NFL,2018-10-15,GB,SF,33.0,30.0,-420.0,,361.0,True,True,False,True,football|NFL|2018-10-15|GB|SF
nflverse,football,NFL,2018-10-18,ARI,DEN,10.0,45.0,-101.0,,-110.0,True,True,False,True,football|NFL|2018-10-18|ARI|DEN
nflverse,football,NFL,2018-10-21,CHI,NE,31.0,38.0,116.0,,-128.0,True,True,False,True,football|NFL|2018-10-21|CHI|NE
nflverse,football,NFL,2018-10-21,IND,BUF,37.0,5.0,-293.0,,258.0,True,True,False,True,football|NFL|2018-10-21|IND|BUF
nflverse,football,NFL,2018-10-21,JAX,HOU,7.0,20.0,-210.0,,188.0,True,True,False,True,football|NFL|2018-10-21|JAX|HOU
nflverse,football,NFL,2018-10-21,MIA,DET,21.0,32.0,159.0,,-177.0,True,True,False,True,football|NFL|2018-10-21|MIA|DET
nflverse,football,NFL,2018-10-21,NYJ,MIN,17.0,37.0,157.0,,-175.0,True,True,False,True,football|NFL|2018-10-21|NYJ|MIN
nflverse,football,NFL,2018-10-21,PHI,CAR,17.0,21.0,-226.0,,202.0,True,True,False,True,football|NFL|2018-10-21|PHI|CAR
nflverse,football,NFL,2018-10-21,TB,CLE,26.0,23.0,-181.0,,163.0,True,True,False,True,football|NFL|2018-10-21|TB|CLE
nflverse,football,NFL,2018-10-21,BAL,NO,23.0,24.0,-143.0,,129.0,True,True,False,True,football|NFL|2018-10-21|BAL|NO
nflverse,football,NFL,2018-10-21,SF,LA,10.0,39.0,338.0,,-390.0,True,True,False,True,football|NFL|2018-10-21|SF|LA
nflverse,football,NFL,2018-10-21,WAS,DAL,20.0,17.0,114.0,,-126.0,True,True,False,True,football|NFL|2018-10-21|WAS|DAL
nflverse,football,NFL,2018-10-21,KC,CIN,45.0,10.0,-271.0,,240.0,True,True,False,True,football|NFL|2018-10-21|KC|CIN
nflverse,football,NFL,2018-10-21,LAC,TEN,20.0,19.0,-277.0,,245.0,True,True,False,True,football|NFL|2018-10-21|LAC|TEN
nflverse,football,NFL,2018-10-22,ATL,NYG,23.0,20.0,-209.0,,187.0,True,True,False,True,football|NFL|2018-10-22|ATL|NYG
nflverse,football,NFL,2018-10-25,HOU,MIA,42.0,23.0,-337.0,,295.0,True,True,False,True,football|NFL|2018-10-25|HOU|MIA
nflverse,football,NFL,2018-10-28,CAR,BAL,36.0,21.0,129.0,,-143.0,True,True,False,True,football|NFL|2018-10-28|CAR|BAL
nflverse,football,NFL,2018-10-28,CHI,NYJ,24.0,10.0,-350.0,,305.0,True,True,False,True,football|NFL|2018-10-28|CHI|NYJ
nflverse,football,NFL,2018-10-28,CIN,TB,37.0,34.0,-192.0,,173.0,True,True,False,True,football|NFL|2018-10-28|CIN|TB
nflverse,football,NFL,2018-10-28,DET,SEA,14.0,28.0,-162.0,,146.0,True,True,False,True,football|NFL|2018-10-28|DET|SEA
nflverse,football,NFL,2018-10-28,KC,DEN,30.0,23.0,-389.0,,337.0,True,True,False,True,football|NFL|2018-10-28|KC|DEN
nflverse,football,NFL,2018-10-28,NYG,WAS,13.0,20.0,-102.0,,-108.0,True,True,False,True,football|NFL|2018-10-28|NYG|WAS
nflverse,football,NFL,2018-10-28,PIT,CLE,33.0,18.0,-378.0,,328.0,True,True,False,True,football|NFL|2018-10-28|PIT|CLE
nflverse,football,NFL,2018-10-28,OAK,IND,28.0,42.0,165.0,,-183.0,True,True,False,True,football|NFL|2018-10-28|OAK|IND
nflverse,football,NFL,2018-10-28,ARI,SF,18.0,15.0,125.0,,-138.0,True,True,False,True,football|NFL|2018-10-28|ARI|SF
nflverse,football,NFL,2018-10-28,LA,GB,29.0,27.0,-340.0,,297.0,True,True,False,True,football|NFL|2018-10-28|LA|GB
nflverse,football,NFL,2018-10-28,MIN,NO,20.0,30.0,118.0,,-130.0,True,True,False,True,football|NFL|2018-10-28|MIN|NO
nflverse,football,NFL,2018-10-28,JAX,PHI,18.0,24.0,186.0,,-208.0,True,True,False,True,football|NFL|2018-10-28|JAX|PHI
nflverse,football,NFL,2018-10-29,BUF,NE,6.0,25.0,744.0,,-1018.0,True,True,False,True,football|NFL|2018-10-29|BUF|NE
nflverse,football,NFL,2018-11-01,SF,OAK,34.0,3.0,106.0,,-117.0,True,True,False,True,football|NFL|2018-11-01|SF|OAK
nflverse,football,NFL,2018-11-04,BAL,PIT,16.0,23.0,-129.0,,117.0,True,True,False,True,football|NFL|2018-11-04|BAL|PIT
nflverse,football,NFL,2018-11-04,BUF,CHI,9.0,41.0,346.0,,-400.0,True,True,False,True,football|NFL|2018-11-04|BUF|CHI
nflverse,football,NFL,2018-11-04,CAR,TB,42.0,28.0,-286.0,,253.0,True,True,False,True,football|NFL|2018-11-04|CAR|TB
nflverse,football,NFL,2018-11-04,CLE,KC,21.0,37.0,330.0,,-380.0,True,True,False,True,football|NFL|2018-11-04|CLE|KC
nflverse,football,NFL,2018-11-04,MIA,NYJ,13.0,6.0,-155.0,,140.0,True,True,False,True,football|NFL|2018-11-04|MIA|NYJ
nflverse,football,NFL,2018-11-04,MIN,DET,24.0,9.0,-218.0,,195.0,True,True,False,True,football|NFL|2018-11-04|MIN|DET
nflverse,football,NFL,2018-11-04,WAS,ATL,14.0,38.0,-128.0,,116.0,True,True,False,True,football|NFL|2018-11-04|WAS|ATL
nflverse,football,NFL,2018-11-04,DEN,HOU,17.0,19.0,-119.0,,108.0,True,True,False,True,football|NFL|2018-11-04|DEN|HOU
nflverse,football,NFL,2018-11-04,SEA,LAC,17.0,25.0,-104.0,,-106.0,True,True,False,True,football|NFL|2018-11-04|SEA|LAC
nflverse,football,NFL,2018-11-04,NO,LA,45.0,35.0,120.0,,-133.0,True,True,False,True,football|NFL|2018-11-04|NO|LA
nflverse,football,NFL,2018-11-04,NE,GB,31.0,17.0,-221.0,,198.0,True,True,False,True,football|NFL|2018-11-04|NE|GB
nflverse,football,NFL,2018-11-05,DAL,TEN,14.0,28.0,-228.0,,203.0,True,True,False,True,football|NFL|2018-11-05|DAL|TEN
nflverse,football,NFL,2018-11-08,PIT,CAR,52.0,21.0,-189.0,,170.0,True,True,False,True,football|NFL|2018-11-08|PIT|CAR
nflverse,football,NFL,2018-11-11,CHI,DET,34.0,22.0,-320.0,,281.0,True,True,False,True,football|NFL|2018-11-11|CHI|DET
nflverse,football,NFL,2018-11-11,CIN,NO,14.0,51.0,225.0,,-253.0,True,True,False,True,football|NFL|2018-11-11|CIN|NO
nflverse,football,NFL,2018-11-11,CLE,ATL,28.0,16.0,212.0,,-238.0,True,True,False,True,football|NFL|2018-11-11|CLE|ATL
nflverse,football,NFL,2018-11-11,IND,JAX,29.0,26.0,-156.0,,141.0,True,True,False,True,football|NFL|2018-11-11|IND|JAX
nflverse,football,NFL,2018-11-11,KC,ARI,26.0,14.0,-1267.0,,835.0,True,True,False,True,football|NFL|2018-11-11|KC|ARI
nflverse,football,NFL,2018-11-11,NYJ,BUF,10.0,41.0,-265.0,,235.0,True,True,False,True,football|NFL|2018-11-11|NYJ|BUF
nflverse,football,NFL,2018-11-11,TB,WAS,3.0,16.0,-183.0,,165.0,True,True,False,True,football|NFL|2018-11-11|TB|WAS
nflverse,football,NFL,2018-11-11,TEN,NE,34.0,10.0,217.0,,-244.0,True,True,False,True,football|NFL|2018-11-11|TEN|NE
nflverse,football,NFL,2018-11-11,OAK,LAC,6.0,20.0,391.0,,-458.0,True,True,False,True,football|NFL|2018-11-11|OAK|LAC
nflverse,football,NFL,2018-11-11,GB,MIA,31.0,12.0,-585.0,,487.0,True,True,False,True,football|NFL|2018-11-11|GB|MIA
nflverse,football,NFL,2018-11-11,LA,SEA,36.0,31.0,-420.0,,361.0,True,True,False,True,football|NFL|2018-11-11|LA|SEA
nflverse,football,NFL,2018-11-11,PHI,DAL,20.0,27.0,-355.0,,310.0,True,True,False,True,football|NFL|2018-11-11|PHI|DAL
nflverse,football,NFL,2018-11-12,SF,NYG,23.0,27.0,-179.0,,161.0,True,True,False,True,football|NFL|2018-11-12|SF|NYG
nflverse,football,NFL,2018-11-15,SEA,GB,27.0,24.0,-162.0,,146.0,True,True,False,True,football|NFL|2018-11-15|SEA|GB
nflverse,football,NFL,2018-11-18,ATL,DAL,19.0,22.0,-186.0,,168.0,True,True,False,True,football|NFL|2018-11-18|ATL|DAL
nflverse,football,NFL,2018-11-18,BAL,CIN,24.0,21.0,-260.0,,231.0,True,True,False,True,football|NFL|2018-11-18|BAL|CIN
nflverse,football,NFL,2018-11-18,DET,CAR,20.0,19.0,173.0,,-192.0,True,True,False,True,football|NFL|2018-11-18|DET|CAR
nflverse,football,NFL,2018-11-18,IND,TEN,38.0,10.0,-129.0,,117.0,True,True,False,True,football|NFL|2018-11-18|IND|TEN
nflverse,football,NFL,2018-11-18,JAX,PIT,16.0,20.0,181.0,,-202.0,True,True,False,True,football|NFL|2018-11-18|JAX|PIT
nflverse,football,NFL,2018-11-18,NYG,TB,38.0,35.0,-162.0,,146.0,True,True,False,True,football|NFL|2018-11-18|NYG|TB
nflverse,football,NFL,2018-11-18,WAS,HOU,21.0,23.0,144.0,,-160.0,True,True,False,True,football|NFL|2018-11-18|WAS|HOU
nflverse,football,NFL,2018-11-18,ARI,OAK,21.0,23.0,-211.0,,189.0,True,True,False,True,football|NFL|2018-11-18|ARI|OAK
nflverse,football,NFL,2018-11-18,LAC,DEN,22.0,23.0,-329.0,,288.0,True,True,False,True,football|NFL|2018-11-18|LAC|DEN
nflverse,football,NFL,2018-11-18,NO,PHI,48.0,7.0,-331.0,,290.0,True,True,False,True,football|NFL|2018-11-18|NO|PHI
nflverse,football,NFL,2018-11-18,CHI,MIN,25.0,20.0,-137.0,,124.0,True,True,False,True,football|NFL|2018-11-18|CHI|MIN
nflverse,football,NFL,2018-11-19,LA,KC,54.0,51.0,-170.0,,153.0,True,True,False,True,football|NFL|2018-11-19|LA|KC
nflverse,football,NFL,2018-11-22,DET,CHI,16.0,23.0,146.0,,-161.0,True,True,False,True,football|NFL|2018-11-22|DET|CHI
nflverse,football,NFL,2018-11-22,DAL,WAS,31.0,23.0,-317.0,,279.0,True,True,False,True,football|NFL|2018-11-22|DAL|WAS
nflverse,football,NFL,2018-11-22,NO,ATL,31.0,17.0,-550.0,,433.0,True,True,False,True,football|NFL|2018-11-22|NO|ATL
nflverse,football,NFL,2018-11-25,BAL,OAK,34.0,17.0,-691.0,,524.0,True,True,False,True,football|NFL|2018-11-25|BAL|OAK
nflverse,football,NFL,2018-11-25,BUF,JAX,24.0,21.0,140.0,,-155.0,True,True,False,True,football|NFL|2018-11-25|BUF|JAX
nflverse,football,NFL,2018-11-25,CAR,SEA,27.0,30.0,-162.0,,146.0,True,True,False,True,football|NFL|2018-11-25|CAR|SEA
nflverse,football,NFL,2018-11-25,CIN,CLE,20.0,35.0,102.0,,-113.0,True,True,False,True,football|NFL|2018-11-25|CIN|CLE
nflverse,football,NFL,2018-11-25,NYJ,NE,13.0,27.0,487.0,,-585.0,True,True,False,True,football|NFL|2018-11-25|NYJ|NE
nflverse,football,NFL,2018-11-25,PHI,NYG,25.0,22.0,-215.0,,192.0,True,True,False,True,football|NFL|2018-11-25|PHI|NYG
nflverse,football,NFL,2018-11-25,TB,SF,27.0,9.0,-127.0,,115.0,True,True,False,True,football|NFL|2018-11-25|TB|SF
nflverse,football,NFL,2018-11-25,LAC,ARI,45.0,10.0,-837.0,,612.0,True,True,False,True,football|NFL|2018-11-25|LAC|ARI
nflverse,football,NFL,2018-11-25,DEN,PIT,24.0,17.0,148.0,,-164.0,True,True,False,True,football|NFL|2018-11-25|DEN|PIT
nflverse,football,NFL,2018-11-25,IND,MIA,27.0,24.0,-394.0,,341.0,True,True,False,True,football|NFL|2018-11-25|IND|MIA
nflverse,football,NFL,2018-11-25,MIN,GB,24.0,17.0,-205.0,,184.0,True,True,False,True,football|NFL|2018-11-25|MIN|GB
nflverse,football,NFL,2018-11-26,HOU,TEN,34.0,17.0,-190.0,,171.0,True,True,False,True,football|NFL|2018-11-26|HOU|TEN
nflverse,football,NFL,2018-11-29,DAL,NO,13.0,10.0,275.0,,-313.0,True,True,False,True,football|NFL|2018-11-29|DAL|NO
nflverse,football,NFL,2018-12-02,ATL,BAL,16.0,26.0,-147.0,,133.0,True,True,False,True,football|NFL|2018-12-02|ATL|BAL
nflverse,football,NFL,2018-12-02,CIN,DEN,10.0,24.0,160.0,,-178.0,True,True,False,True,football|NFL|2018-12-02|CIN|DEN
nflverse,football,NFL,2018-12-02,DET,LA,16.0,30.0,385.0,,-450.0,True,True,False,True,football|NFL|2018-12-02|DET|LA
nflverse,football,NFL,2018-12-02,GB,ARI,17.0,20.0,-729.0,,548.0,True,True,False,True,football|NFL|2018-12-02|GB|ARI
nflverse,football,NFL,2018-12-02,HOU,CLE,29.0,13.0,-246.0,,219.0,True,True,False,True,football|NFL|2018-12-02|HOU|CLE
nflverse,football,NFL,2018-12-02,JAX,IND,6.0,0.0,179.0,,-199.0,True,True,False,True,football|NFL|2018-12-02|JAX|IND
nflverse,football,NFL,2018-12-02,MIA,BUF,21.0,17.0,-180.0,,162.0,True,True,False,True,football|NFL|2018-12-02|MIA|BUF
nflverse,football,NFL,2018-12-02,NYG,CHI,30.0,27.0,166.0,,-185.0,True,True,False,True,football|NFL|2018-12-02|NYG|CHI
nflverse,football,NFL,2018-12-02,TB,CAR,24.0,17.0,166.0,,-185.0,True,True,False,True,football|NFL|2018-12-02|TB|CAR
nflverse,football,NFL,2018-12-02,OAK,KC,33.0,40.0,593.0,,-769.0,True,True,False,True,football|NFL|2018-12-02|OAK|KC
nflverse,football,NFL,2018-12-02,TEN,NYJ,26.0,22.0,-431.0,,370.0,True,True,False,True,football|NFL|2018-12-02|TEN|NYJ
nflverse,football,NFL,2018-12-02,NE,MIN,24.0,10.0,-244.0,,217.0,True,True,False,True,football|NFL|2018-12-02|NE|MIN
nflverse,football,NFL,2018-12-02,SEA,SF,43.0,16.0,-500.0,,411.0,True,True,False,True,football|NFL|2018-12-02|SEA|SF
nflverse,football,NFL,2018-12-02,PIT,LAC,30.0,33.0,-185.0,,166.0,True,True,False,True,football|NFL|2018-12-02|PIT|LAC
nflverse,football,NFL,2018-12-03,PHI,WAS,28.0,13.0,-239.0,,213.0,True,True,False,True,football|NFL|2018-12-03|PHI|WAS
nflverse,football,NFL,2018-12-06,TEN,JAX,30.0,9.0,-248.0,,221.0,True,True,False,True,football|NFL|2018-12-06|TEN|JAX
nflverse,football,NFL,2018-12-09,BUF,NYJ,23.0,27.0,-211.0,,189.0,True,True,False,True,football|NFL|2018-12-09|BUF|NYJ
nflverse,football,NFL,2018-12-09,CLE,CAR,26.0,20.0,106.0,,-117.0,True,True,False,True,football|NFL|2018-12-09|CLE|CAR
nflverse,football,NFL,2018-12-09,GB,ATL,34.0,20.0,-185.0,,166.0,True,True,False,True,football|NFL|2018-12-09|GB|ATL
nflverse,football,NFL,2018-12-09,HOU,IND,21.0,24.0,-196.0,,176.0,True,True,False,True,football|NFL|2018-12-09|HOU|IND
nflverse,football,NFL,2018-12-09,KC,BAL,27.0,24.0,-269.0,,239.0,True,True,False,True,football|NFL|2018-12-09|KC|BAL
nflverse,football,NFL,2018-12-09,MIA,NE,34.0,33.0,319.0,,-367.0,True,True,False,True,football|NFL|2018-12-09|MIA|NE
nflverse,football,NFL,2018-12-09,TB,NO,14.0,28.0,330.0,,-380.0,True,True,False,True,football|NFL|2018-12-09|TB|NO
nflverse,football,NFL,2018-12-09,WAS,NYG,16.0,40.0,151.0,,-167.0,True,True,False,True,football|NFL|2018-12-09|WAS|NYG
nflverse,football,NFL,2018-12-09,LAC,CIN,26.0,21.0,-1292.0,,847.0,True,True,False,True,football|NFL|2018-12-09|LAC|CIN
nflverse,football,NFL,2018-12-09,SF,DEN,20.0,14.0,148.0,,-164.0,True,True,False,True,football|NFL|2018-12-09|SF|DEN
nflverse,football,NFL,2018-12-09,ARI,DET,3.0,17.0,126.0,,-139.0,True,True,False,True,football|NFL|2018-12-09|ARI|DET
nflverse,football,NFL,2018-12-09,DAL,PHI,29.0,23.0,-185.0,,166.0,True,True,False,True,football|NFL|2018-12-09|DAL|PHI
nflverse,football,NFL,2018-12-09,OAK,PIT,24.0,21.0,384.0,,-449.0,True,True,False,True,football|NFL|2018-12-09|OAK|PIT
nflverse,football,NFL,2018-12-09,CHI,LA,15.0,6.0,126.0,,-139.0,True,True,False,True,football|NFL|2018-12-09|CHI|LA
nflverse,football,NFL,2018-12-10,SEA,MIN,21.0,7.0,-171.0,,151.0,True,True,False,True,football|NFL|2018-12-10|SEA|MIN
nflverse,football,NFL,2018-12-13,KC,LAC,28.0,29.0,-194.0,,174.0,True,True,False,True,football|NFL|2018-12-13|KC|LAC
nflverse,football,NFL,2018-12-15,NYJ,HOU,22.0,29.0,253.0,,-286.0,True,True,False,True,football|NFL|2018-12-15|NYJ|HOU
nflverse,football,NFL,2018-12-15,DEN,CLE,16.0,17.0,-128.0,,116.0,True,True,False,True,football|NFL|2018-12-15|DEN|CLE
nflverse,football,NFL,2018-12-16,ATL,ARI,40.0,14.0,-382.0,,332.0,True,True,False,True,football|NFL|2018-12-16|ATL|ARI
nflverse,football,NFL,2018-12-16,BAL,TB,20.0,12.0,-378.0,,328.0,True,True,False,True,football|NFL|2018-12-16|BAL|TB
nflverse,football,NFL,2018-12-16,BUF,DET,14.0,13.0,-146.0,,132.0,True,True,False,True,football|NFL|2018-12-16|BUF|DET
nflverse,football,NFL,2018-12-16,CHI,GB,24.0,17.0,-248.0,,221.0,True,True,False,True,football|NFL|2018-12-16|CHI|GB
nflverse,football,NFL,2018-12-16,CIN,OAK,30.0,16.0,-155.0,,140.0,True,True,False,True,football|NFL|2018-12-16|CIN|OAK
nflverse,football,NFL,2018-12-16,IND,DAL,23.0,0.0,-172.0,,155.0,True,True,False,True,football|NFL|2018-12-16|IND|DAL
nflverse,football,NFL,2018-12-16,JAX,WAS,13.0,16.0,-338.0,,296.0,True,True,False,True,football|NFL|2018-12-16|JAX|WAS
nflverse,football,NFL,2018-12-16,MIN,MIA,41.0,17.0,-356.0,,311.0,True,True,False,True,football|NFL|2018-12-16|MIN|MIA
nflverse,football,NFL,2018-12-16,NYG,TEN,0.0,17.0,112.0,,-123.0,True,True,False,True,football|NFL|2018-12-16|NYG|TEN
nflverse,football,NFL,2018-12-16,SF,SEA,26.0,23.0,186.0,,-207.0,True,True,False,True,football|NFL|2018-12-16|SF|SEA
nflverse,football,NFL,2018-12-16,PIT,NE,17.0,10.0,117.0,,-129.0,True,True,False,True,football|NFL|2018-12-16|PIT|NE
nflverse,football,NFL,2018-12-16,LA,PHI,23.0,30.0,-800.0,,590.0,True,True,False,True,football|NFL|2018-12-16|LA|PHI
nflverse,football,NFL,2018-12-17,CAR,NO,9.0,12.0,221.0,,-248.0,True,True,False,True,football|NFL|2018-12-17|CAR|NO
nflverse,football,NFL,2018-12-22,TEN,WAS,25.0,16.0,-599.0,,481.0,True,True,False,True,football|NFL|2018-12-22|TEN|WAS
nflverse,football,NFL,2018-12-22,LAC,BAL,10.0,22.0,-198.0,,178.0,True,True,False,True,football|NFL|2018-12-22|LAC|BAL
nflverse,football,NFL,2018-12-23,CAR,ATL,10.0,24.0,133.0,,-147.0,True,True,False,True,football|NFL|2018-12-23|CAR|ATL
nflverse,football,NFL,2018-12-23,CLE,CIN,26.0,18.0,-385.0,,334.0,True,True,False,True,football|NFL|2018-12-23|CLE|CIN
nflverse,football,NFL,2018-12-23,DAL,TB,27.0,20.0,-315.0,,277.0,True,True,False,True,football|NFL|2018-12-23|DAL|TB
nflverse,football,NFL,2018-12-23,DET,MIN,9.0,27.0,236.0,,-266.0,True,True,False,True,football|NFL|2018-12-23|DET|MIN
nflverse,football,NFL,2018-12-23,IND,NYG,28.0,27.0,-400.0,,346.0,True,True,False,True,football|NFL|2018-12-23|IND|NYG
nflverse,football,NFL,2018-12-23,MIA,JAX,7.0,17.0,-153.0,,139.0,True,True,False,True,football|NFL|2018-12-23|MIA|JAX
nflverse,football,NFL,2018-12-23,NE,BUF,24.0,12.0,-750.0,,560.0,True,True,False,True,football|NFL|2018-12-23|NE|BUF
nflverse,football,NFL,2018-12-23,NYJ,GB,38.0,44.0,128.0,,-141.0,True,True,False,True,football|NFL|2018-12-23|NYJ|GB
nflverse,football,NFL,2018-12-23,PHI,HOU,32.0,30.0,-123.0,,111.0,True,True,False,True,football|NFL|2018-12-23|PHI|HOU
nflverse,football,NFL,2018-12-23,ARI,LA,9.0,31.0,516.0,,-679.0,True,True,False,True,football|NFL|2018-12-23|ARI|LA
nflverse,football,NFL,2018-12-23,SF,CHI,9.0,14.0,171.0,,-190.0,True,True,False,True,football|NFL|2018-12-23|SF|CHI
nflverse,football,NFL,2018-12-23,NO,PIT,31.0,28.0,-269.0,,238.0,True,True,False,True,football|NFL|2018-12-23|NO|PIT
nflverse,football,NFL,2018-12-23,SEA,KC,38.0,31.0,105.0,,-117.0,True,True,False,True,football|NFL|2018-12-23|SEA|KC
nflverse,football,NFL,2018-12-24,OAK,DEN,27.0,14.0,118.0,,-130.0,True,True,False,True,football|NFL|2018-12-24|OAK|DEN
nflverse,football,NFL,2018-12-30,BUF,MIA,42.0,17.0,-250.0,,222.0,True,True,False,True,football|NFL|2018-12-30|BUF|MIA
nflverse,football,NFL,2018-12-30,GB,DET,0.0,31.0,-324.0,,284.0,True,True,False,True,football|NFL|2018-12-30|GB|DET
nflverse,football,NFL,2018-12-30,HOU,JAX,20.0,3.0,-311.0,,274.0,True,True,False,True,football|NFL|2018-12-30|HOU|JAX
nflverse,football,NFL,2018-12-30,NE,NYJ,38.0,3.0,-848.0,,618.0,True,True,False,True,football|NFL|2018-12-30|NE|NYJ
nflverse,football,NFL,2018-12-30,NO,CAR,14.0,33.0,-314.0,,276.0,True,True,False,True,football|NFL|2018-12-30|NO|CAR
nflverse,football,NFL,2018-12-30,NYG,DAL,35.0,36.0,-338.0,,295.0,True,True,False,True,football|NFL|2018-12-30|NYG|DAL
nflverse,football,NFL,2018-12-30,TB,ATL,32.0,34.0,129.0,,-142.0,True,True,False,True,football|NFL|2018-12-30|TB|ATL
nflverse,football,NFL,2018-12-30,BAL,CLE,26.0,24.0,-325.0,,285.0,True,True,False,True,football|NFL|2018-12-30|BAL|CLE
nflverse,football,NFL,2018-12-30,DEN,LAC,9.0,23.0,239.0,,-270.0,True,True,False,True,football|NFL|2018-12-30|DEN|LAC
nflverse,football,NFL,2018-12-30,KC,OAK,35.0,3.0,-794.0,,586.0,True,True,False,True,football|NFL|2018-12-30|KC|OAK
nflverse,football,NFL,2018-12-30,LA,SF,48.0,32.0,-450.0,,385.0,True,True,False,True,football|NFL|2018-12-30|LA|SF
nflverse,football,NFL,2018-12-30,MIN,CHI,10.0,24.0,-230.0,,205.0,True,True,False,True,football|NFL|2018-12-30|MIN|CHI
nflverse,football,NFL,2018-12-30,PIT,CIN,16.0,13.0,-672.0,,512.0,True,True,False,True,football|NFL|2018-12-30|PIT|CIN
nflverse,football,NFL,2018-12-30,SEA,ARI,27.0,24.0,-822.0,,603.0,True,True,False,True,football|NFL|2018-12-30|SEA|ARI
nflverse,football,NFL,2018-12-30,WAS,PHI,0.0,24.0,218.0,,-245.0,True,True,False,True,football|NFL|2018-12-30|WAS|PHI
nflverse,football,NFL,2018-12-30,TEN,IND,17.0,33.0,190.0,,-212.0,True,True,False,True,football|NFL|2018-12-30|TEN|IND
nflverse,football,NFL,2019-01-05,HOU,IND,7.0,21.0,-124.0,,112.0,True,True,False,True,football|NFL|2019-01-05|HOU|IND
nflverse,football,NFL,2019-01-05,DAL,SEA,24.0,22.0,-149.0,,135.0,True,True,False,True,football|NFL|2019-01-05|DAL|SEA
nflverse,football,NFL,2019-01-06,BAL,LAC,17.0,23.0,-155.0,,140.0,True,True,False,True,football|NFL|2019-01-06|BAL|LAC
nflverse,football,NFL,2019-01-06,CHI,PHI,15.0,16.0,-265.0,,235.0,True,True,False,True,football|NFL|2019-01-06|CHI|PHI
nflverse,football,NFL,2019-01-12,KC,IND,31.0,13.0,-203.0,,182.0,True,True,False,True,football|NFL|2019-01-12|KC|IND
nflverse,football,NFL,2019-01-12,LA,DAL,30.0,22.0,-338.0,,296.0,True,True,False,True,football|NFL|2019-01-12|LA|DAL
nflverse,football,NFL,2019-01-13,NE,LAC,41.0,28.0,-189.0,,170.0,True,True,False,True,football|NFL|2019-01-13|NE|LAC
nflverse,football,NFL,2019-01-13,NO,PHI,20.0,14.0,-373.0,,324.0,True,True,False,True,football|NFL|2019-01-13|NO|PHI
nflverse,football,NFL,2019-01-20,NO,LA,23.0,26.0,-157.0,,142.0,True,True,False,True,football|NFL|2019-01-20|NO|LA
nflverse,football,NFL,2019-01-20,KC,NE,31.0,37.0,-173.0,,156.0,True,True,False,True,football|NFL|2019-01-20|KC|NE
nflverse,football,NFL,2019-02-03,LA,NE,3.0,13.0,111.0,,-123.0,True,True,False,True,football|NFL|2019-02-03|LA|NE
nflverse,football,NFL,2019-09-05,CHI,GB,3.0,10.0,-178.0,,160.0,True,True,False,True,football|NFL|2019-09-05|CHI|GB
nflverse,football,NFL,2019-09-08,CAR,LA,27.0,30.0,111.0,,-122.0,True,True,False,True,football|NFL|2019-09-08|CAR|LA
nflverse,football,NFL,2019-09-08,CLE,TEN,13.0,43.0,-230.0,,206.0,True,True,False,True,football|NFL|2019-09-08|CLE|TEN
nflverse,football,NFL,2019-09-08,JAX,KC,26.0,40.0,163.0,,-181.0,True,True,False,True,football|NFL|2019-09-08|JAX|KC
nflverse,football,NFL,2019-09-08,MIA,BAL,10.0,59.0,263.0,,-298.0,True,True,False,True,football|NFL|2019-09-08|MIA|BAL
nflverse,football,NFL,2019-09-08,MIN,ATL,28.0,12.0,-176.0,,159.0,True,True,False,True,football|NFL|2019-09-08|MIN|ATL
nflverse,football,NFL,2019-09-08,NYJ,BUF,16.0,17.0,-149.0,,135.0,True,True,False,True,football|NFL|2019-09-08|NYJ|BUF
nflverse,football,NFL,2019-09-08,PHI,WAS,32.0,27.0,-463.0,,395.0,True,True,False,True,football|NFL|2019-09-08|PHI|WAS
nflverse,football,NFL,2019-09-08,LAC,IND,30.0,24.0,-265.0,,235.0,True,True,False,True,football|NFL|2019-09-08|LAC|IND
nflverse,football,NFL,2019-09-08,SEA,CIN,21.0,20.0,-398.0,,344.0,True,True,False,True,football|NFL|2019-09-08|SEA|CIN
nflverse,football,NFL,2019-09-08,ARI,DET,27.0,27.0,133.0,,-147.0,True,True,False,True,football|NFL|2019-09-08|ARI|DET
nflverse,football,NFL,2019-09-08,DAL,NYG,35.0,17.0,-308.0,,271.0,True,True,False,True,football|NFL|2019-09-08|DAL|NYG
nflverse,football,NFL,2019-09-08,TB,SF,17.0,31.0,-108.0,,-102.0,True,True,False,True,football|NFL|2019-09-08|TB|SF
nflverse,football,NFL,2019-09-08,NE,PIT,33.0,3.0,-228.0,,203.0,True,True,False,True,football|NFL|2019-09-08|NE|PIT
nflverse,football,NFL,2019-09-09,NO,HOU,30.0,28.0,-310.0,,273.0,True,True,False,True,football|NFL|2019-09-09|NO|HOU
nflverse,football,NFL,2019-09-09,OAK,DEN,24.0,16.0,135.0,,-149.0,True,True,False,True,football|NFL|2019-09-09|OAK|DEN
nflverse,football,NFL,2019-09-12,CAR,TB,14.0,20.0,-277.0,,240.0,True,True,False,True,football|NFL|2019-09-12|CAR|TB
nflverse,football,NFL,2019-09-15,BAL,ARI,23.0,17.0,-665.0,,513.0,True,True,False,True,football|NFL|2019-09-15|BAL|ARI
nflverse,football,NFL,2019-09-15,CIN,SF,17.0,41.0,-107.0,,-103.0,True,True,False,True,football|NFL|2019-09-15|CIN|SF
nflverse,football,NFL,2019-09-15,DET,LAC,13.0,10.0,-103.0,,-107.0,True,True,False,True,football|NFL|2019-09-15|DET|LAC
nflverse,football,NFL,2019-09-15,GB,MIN,21.0,16.0,-165.0,,148.0,True,True,False,True,football|NFL|2019-09-15|GB|MIN
nflverse,football,NFL,2019-09-15,HOU,JAX,13.0,12.0,-336.0,,286.0,True,True,False,True,football|NFL|2019-09-15|HOU|JAX
nflverse,football,NFL,2019-09-15,MIA,NE,0.0,43.0,880.0,,-1300.0,True,True,False,True,football|NFL|2019-09-15|MIA|NE
nflverse,football,NFL,2019-09-15,NYG,BUF,14.0,28.0,102.0,,-113.0,True,True,False,True,football|NFL|2019-09-15|NYG|BUF
nflverse,football,NFL,2019-09-15,PIT,SEA,26.0,28.0,-197.0,,175.0,True,True,False,True,football|NFL|2019-09-15|PIT|SEA
nflverse,football,NFL,2019-09-15,TEN,IND,17.0,19.0,-178.0,,160.0,True,True,False,True,football|NFL|2019-09-15|TEN|IND
nflverse,football,NFL,2019-09-15,WAS,DAL,21.0,31.0,233.0,,-268.0,True,True,False,True,football|NFL|2019-09-15|WAS|DAL
nflverse,football,NFL,2019-09-15,OAK,KC,10.0,28.0,252.0,,-293.0,True,True,False,True,football|NFL|2019-09-15|OAK|KC
nflverse,football,NFL,2019-09-15,DEN,CHI,14.0,16.0,132.0,,-147.0,True,True,False,True,football|NFL|2019-09-15|DEN|CHI
nflverse,football,NFL,2019-09-15,LA,NO,27.0,9.0,-118.0,,107.0,True,True,False,True,football|NFL|2019-09-15|LA|NO
nflverse,football,NFL,2019-09-15,ATL,PHI,24.0,20.0,-105.0,,-105.0,True,True,False,True,football|NFL|2019-09-15|ATL|PHI
nflverse,football,NFL,2019-09-16,NYJ,CLE,3.0,23.0,241.0,,-278.0,True,True,False,True,football|NFL|2019-09-16|NYJ|CLE
nflverse,football,NFL,2019-09-19,JAX,TEN,20.0,7.0,113.0,,-125.0,True,True,False,True,football|NFL|2019-09-19|JAX|TEN
nflverse,football,NFL,2019-09-22,BUF,CIN,21.0,17.0,-252.0,,220.0,True,True,False,True,football|NFL|2019-09-22|BUF|CIN
nflverse,football,NFL,2019-09-22,DAL,MIA,31.0,6.0,-2540.0,,1454.0,True,True,False,True,football|NFL|2019-09-22|DAL|MIA
nflverse,football,NFL,2019-09-22,GB,DEN,27.0,16.0,-327.0,,278.0,True,True,False,True,football|NFL|2019-09-22|GB|DEN
nflverse,football,NFL,2019-09-22,IND,ATL,27.0,24.0,-116.0,,105.0,True,True,False,True,football|NFL|2019-09-22|IND|ATL
nflverse,football,NFL,2019-09-22,KC,BAL,33.0,28.0,-216.0,,191.0,True,True,False,True,football|NFL|2019-09-22|KC|BAL
nflverse,football,NFL,2019-09-22,MIN,OAK,34.0,14.0,-405.0,,337.0,True,True,False,True,football|NFL|2019-09-22|MIN|OAK
nflverse,football,NFL,2019-09-22,NE,NYJ,30.0,14.0,-1962.0,,1203.0,True,True,False,True,football|NFL|2019-09-22|NE|NYJ
nflverse,football,NFL,2019-09-22,PHI,DET,24.0,27.0,-212.0,,188.0,True,True,False,True,football|NFL|2019-09-22|PHI|DET
nflverse,football,NFL,2019-09-22,ARI,CAR,20.0,38.0,-131.0,,118.0,True,True,False,True,football|NFL|2019-09-22|ARI|CAR
nflverse,football,NFL,2019-09-22,TB,NYG,31.0,32.0,-230.0,,202.0,True,True,False,True,football|NFL|2019-09-22|TB|NYG
nflverse,football,NFL,2019-09-22,LAC,HOU,20.0,27.0,-168.0,,151.0,True,True,False,True,football|NFL|2019-09-22|LAC|HOU
nflverse,football,NFL,2019-09-22,SEA,NO,27.0,33.0,-225.0,,199.0,True,True,False,True,football|NFL|2019-09-22|SEA|NO
nflverse,football,NFL,2019-09-22,SF,PIT,24.0,20.0,-276.0,,239.0,True,True,False,True,football|NFL|2019-09-22|SF|PIT
nflverse,football,NFL,2019-09-22,CLE,LA,13.0,20.0,190.0,,-215.0,True,True,False,True,football|NFL|2019-09-22|CLE|LA
nflverse,football,NFL,2019-09-23,WAS,CHI,15.0,31.0,204.0,,-232.0,True,True,False,True,football|NFL|2019-09-23|WAS|CHI
nflverse,football,NFL,2019-09-26,GB,PHI,27.0,34.0,-190.0,,169.0,True,True,False,True,football|NFL|2019-09-26|GB|PHI
nflverse,football,NFL,2019-09-29,ATL,TEN,10.0,24.0,-174.0,,156.0,True,True,False,True,football|NFL|2019-09-29|ATL|TEN
nflverse,football,NFL,2019-09-29,BAL,CLE,25.0,40.0,-327.0,,279.0,True,True,False,True,football|NFL|2019-09-29|BAL|CLE
nflverse,football,NFL,2019-09-29,BUF,NE,10.0,16.0,274.0,,-321.0,True,True,False,True,football|NFL|2019-09-29|BUF|NE
nflverse,football,NFL,2019-09-29,DET,KC,30.0,34.0,307.0,,-364.0,True,True,False,True,football|NFL|2019-09-29|DET|KC
nflverse,football,NFL,2019-09-29,HOU,CAR,10.0,16.0,-257.0,,224.0,True,True,False,True,football|NFL|2019-09-29|HOU|CAR
nflverse,football,NFL,2019-09-29,IND,OAK,24.0,31.0,-242.0,,212.0,True,True,False,True,football|NFL|2019-09-29|IND|OAK
nflverse,football,NFL,2019-09-29,MIA,LAC,10.0,30.0,602.0,,-806.0,True,True,False,True,football|NFL|2019-09-29|MIA|LAC
nflverse,football,NFL,2019-09-29,NYG,WAS,24.0,3.0,-163.0,,146.0,True,True,False,True,football|NFL|2019-09-29|NYG|WAS
nflverse,football,NFL,2019-09-29,ARI,SEA,10.0,27.0,209.0,,-238.0,True,True,False,True,football|NFL|2019-09-29|ARI|SEA
nflverse,football,NFL,2019-09-29,LA,TB,40.0,55.0,-473.0,,385.0,True,True,False,True,football|NFL|2019-09-29|LA|TB
nflverse,football,NFL,2019-09-29,CHI,MIN,16.0,6.0,-102.0,,-108.0,True,True,False,True,football|NFL|2019-09-29|CHI|MIN
nflverse,football,NFL,2019-09-29,DEN,JAX,24.0,26.0,-137.0,,124.0,True,True,False,True,football|NFL|2019-09-29|DEN|JAX
nflverse,football,NFL,2019-09-29,NO,DAL,12.0,10.0,127.0,,-140.0,True,True,False,True,football|NFL|2019-09-29|NO|DAL
nflverse,football,NFL,2019-09-30,PIT,CIN,27.0,3.0,-179.0,,160.0,True,True,False,True,football|NFL|2019-09-30|PIT|CIN
nflverse,football,NFL,2019-10-03,SEA,LA,30.0,29.0,-122.0,,111.0,True,True,False,True,football|NFL|2019-10-03|SEA|LA
nflverse,football,NFL,2019-10-06,CAR,JAX,34.0,27.0,-189.0,,169.0,True,True,False,True,football|NFL|2019-10-06|CAR|JAX
nflverse,football,NFL,2019-10-06,CIN,ARI,23.0,26.0,-154.0,,139.0,True,True,False,True,football|NFL|2019-10-06|CIN|ARI
nflverse,football,NFL,2019-10-06,HOU,ATL,53.0,32.0,-207.0,,184.0,True,True,False,True,football|NFL|2019-10-06|HOU|ATL
nflverse,football,NFL,2019-10-06,NO,TB,31.0,24.0,-148.0,,133.0,True,True,False,True,football|NFL|2019-10-06|NO|TB
nflverse,football,NFL,2019-10-06,NYG,MIN,10.0,28.0,213.0,,-243.0,True,True,False,True,football|NFL|2019-10-06|NYG|MIN
nflverse,football,NFL,2019-10-06,OAK,CHI,24.0,21.0,232.0,,-266.0,True,True,False,True,football|NFL|2019-10-06|OAK|CHI
nflverse,football,NFL,2019-10-06,PHI,NYJ,31.0,6.0,-782.0,,587.0,True,True,False,True,football|NFL|2019-10-06|PHI|NYJ
nflverse,football,NFL,2019-10-06,PIT,BAL,23.0,26.0,160.0,,-179.0,True,True,False,True,football|NFL|2019-10-06|PIT|BAL
nflverse,football,NFL,2019-10-06,TEN,BUF,7.0,14.0,-182.0,,162.0,True,True,False,True,football|NFL|2019-10-06|TEN|BUF
nflverse,football,NFL,2019-10-06,WAS,NE,7.0,33.0,695.0,,-963.0,True,True,False,True,football|NFL|2019-10-06|WAS|NE
nflverse,football,NFL,2019-10-06,LAC,DEN,13.0,20.0,-226.0,,199.0,True,True,False,True,football|NFL|2019-10-06|LAC|DEN
nflverse,football,NFL,2019-10-06,DAL,GB,24.0,34.0,-181.0,,162.0,True,True,False,True,football|NFL|2019-10-06|DAL|GB
nflverse,football,NFL,2019-10-06,KC,IND,13.0,19.0,-504.0,,407.0,True,True,False,True,football|NFL|2019-10-06|KC|IND
nflverse,football,NFL,2019-10-07,SF,CLE,31.0,3.0,-226.0,,199.0,True,True,False,True,football|NFL|2019-10-07|SF|CLE
nflverse,football,NFL,2019-10-10,NE,NYG,35.0,14.0,-1071.0,,756.0,True,True,False,True,football|NFL|2019-10-10|NE|NYG
nflverse,football,NFL,2019-10-13,TB,CAR,26.0,37.0,113.0,,-125.0,True,True,False,True,football|NFL|2019-10-13|TB|CAR
nflverse,football,NFL,2019-10-13,BAL,CIN,23.0,17.0,-531.0,,425.0,True,True,False,True,football|NFL|2019-10-13|BAL|CIN
nflverse,football,NFL,2019-10-13,CLE,SEA,28.0,32.0,-113.0,,102.0,True,True,False,True,football|NFL|2019-10-13|CLE|SEA
nflverse,football,NFL,2019-10-13,JAX,NO,6.0,13.0,-139.0,,126.0,True,True,False,True,football|NFL|2019-10-13|JAX|NO
nflverse,football,NFL,2019-10-13,KC,HOU,24.0,31.0,-186.0,,166.0,True,True,False,True,football|NFL|2019-10-13|KC|HOU
nflverse,football,NFL,2019-10-13,MIA,WAS,16.0,17.0,210.0,,-240.0,True,True,False,True,football|NFL|2019-10-13|MIA|WAS
nflverse,football,NFL,2019-10-13,MIN,PHI,38.0,20.0,-176.0,,157.0,True,True,False,True,football|NFL|2019-10-13|MIN|PHI
nflverse,football,NFL,2019-10-13,ARI,ATL,34.0,33.0,145.0,,-161.0,True,True,False,True,football|NFL|2019-10-13|ARI|ATL
nflverse,football,NFL,2019-10-13,LA,SF,7.0,20.0,-148.0,,133.0,True,True,False,True,football|NFL|2019-10-13|LA|SF
nflverse,football,NFL,2019-10-13,DEN,TEN,16.0,0.0,-121.0,,109.0,True,True,False,True,football|NFL|2019-10-13|DEN|TEN
nflverse,football,NFL,2019-10-13,NYJ,DAL,24.0,22.0,270.0,,-316.0,True,True,False,True,football|NFL|2019-10-13|NYJ|DAL
nflverse,football,NFL,2019-10-13,LAC,PIT,17.0,24.0,-252.0,,220.0,True,True,False,True,football|NFL|2019-10-13|LAC|PIT
nflverse,football,NFL,2019-10-14,GB,DET,23.0,22.0,-198.0,,176.0,True,True,False,True,football|NFL|2019-10-14|GB|DET
nflverse,football,NFL,2019-10-17,DEN,KC,6.0,30.0,134.0,,-149.0,True,True,False,True,football|NFL|2019-10-17|DEN|KC
nflverse,football,NFL,2019-10-20,ATL,LA,10.0,37.0,139.0,,-154.0,True,True,False,True,football|NFL|2019-10-20|ATL|LA
nflverse,football,NFL,2019-10-20,BUF,MIA,31.0,21.0,-1137.0,,793.0,True,True,False,True,football|NFL|2019-10-20|BUF|MIA
nflverse,football,NFL,2019-10-20,CIN,JAX,17.0,27.0,189.0,,-214.0,True,True,False,True,football|NFL|2019-10-20|CIN|JAX
nflverse,football,NFL,2019-10-20,DET,MIN,30.0,42.0,124.0,,-137.0,True,True,False,True,football|NFL|2019-10-20|DET|MIN
nflverse,football,NFL,2019-10-20,GB,OAK,42.0,24.0,-241.0,,211.0,True,True,False,True,football|NFL|2019-10-20|GB|OAK
nflverse,football,NFL,2019-10-20,IND,HOU,30.0,23.0,-120.0,,109.0,True,True,False,True,football|NFL|2019-10-20|IND|HOU
nflverse,football,NFL,2019-10-20,NYG,ARI,21.0,27.0,-188.0,,168.0,True,True,False,True,football|NFL|2019-10-20|NYG|ARI
nflverse,football,NFL,2019-10-20,WAS,SF,0.0,9.0,350.0,,-424.0,True,True,False,True,football|NFL|2019-10-20|WAS|SF
nflverse,football,NFL,2019-10-20,TEN,LAC,23.0,20.0,-157.0,,141.0,True,True,False,True,football|NFL|2019-10-20|TEN|LAC
nflverse,football,NFL,2019-10-20,CHI,NO,25.0,36.0,-213.0,,188.0,True,True,False,True,football|NFL|2019-10-20|CHI|NO
nflverse,football,NFL,2019-10-20,SEA,BAL,16.0,30.0,-157.0,,141.0,True,True,False,True,football|NFL|2019-10-20|SEA|BAL
nflverse,football,NFL,2019-10-20,DAL,PHI,37.0,10.0,-165.0,,148.0,True,True,False,True,football|NFL|2019-10-20|DAL|PHI
nflverse,football,NFL,2019-10-21,NYJ,NE,0.0,33.0,311.0,,-371.0,True,True,False,True,football|NFL|2019-10-21|NYJ|NE
nflverse,football,NFL,2019-10-24,MIN,WAS,19.0,9.0,-1023.0,,729.0,True,True,False,True,football|NFL|2019-10-24|MIN|WAS
nflverse,football,NFL,2019-10-27,ATL,SEA,20.0,27.0,275.0,,-323.0,True,True,False,True,football|NFL|2019-10-27|ATL|SEA
nflverse,football,NFL,2019-10-27,BUF,PHI,13.0,31.0,-122.0,,111.0,True,True,False,True,football|NFL|2019-10-27|BUF|PHI
nflverse,football,NFL,2019-10-27,CHI,LAC,16.0,17.0,-182.0,,163.0,True,True,False,True,football|NFL|2019-10-27|CHI|LAC
nflverse,football,NFL,2019-10-27,DET,NYG,31.0,26.0,-267.0,,232.0,True,True,False,True,football|NFL|2019-10-27|DET|NYG
nflverse,football,NFL,2019-10-27,IND,DEN,15.0,13.0,-238.0,,209.0,True,True,False,True,football|NFL|2019-10-27|IND|DEN
nflverse,football,NFL,2019-10-27,JAX,NYJ,29.0,15.0,-295.0,,254.0,True,True,False,True,football|NFL|2019-10-27|JAX|NYJ
nflverse,football,NFL,2019-10-27,LA,CIN,24.0,10.0,-594.0,,467.0,True,True,False,True,football|NFL|2019-10-27|LA|CIN
nflverse,football,NFL,2019-10-27,NO,ARI,31.0,9.0,-625.0,,467.0,True,True,False,True,football|NFL|2019-10-27|NO|ARI
nflverse,football,NFL,2019-10-27,TEN,TB,27.0,23.0,-122.0,,110.0,True,True,False,True,football|NFL|2019-10-27|TEN|TB
nflverse,football,NFL,2019-10-27,SF,CAR,51.0,13.0,-208.0,,184.0,True,True,False,True,football|NFL|2019-10-27|SF|CAR
nflverse,football,NFL,2019-10-27,HOU,OAK,27.0,24.0,-236.0,,207.0,True,True,False,True,football|NFL|2019-10-27|HOU|OAK
nflverse,football,NFL,2019-10-27,NE,CLE,27.0,13.0,-367.0,,309.0,True,True,False,True,football|NFL|2019-10-27|NE|CLE
nflverse,football,NFL,2019-10-27,KC,GB,24.0,31.0,202.0,,-230.0,True,True,False,True,football|NFL|2019-10-27|KC|GB
nflverse,football,NFL,2019-10-28,PIT,MIA,27.0,14.0,-630.0,,491.0,True,True,False,True,football|NFL|2019-10-28|PIT|MIA
nflverse,football,NFL,2019-10-31,ARI,SF,25.0,28.0,365.0,,-445.0,True,True,False,True,football|NFL|2019-10-31|ARI|SF
nflverse,football,NFL,2019-11-03,JAX,HOU,3.0,26.0,-113.0,,103.0,True,True,False,True,football|NFL|2019-11-03|JAX|HOU
nflverse,football,NFL,2019-11-03,BUF,WAS,24.0,9.0,-449.0,,368.0,True,True,False,True,football|NFL|2019-11-03|BUF|WAS
nflverse,football,NFL,2019-11-03,CAR,TEN,30.0,20.0,-179.0,,160.0,True,True,False,True,football|NFL|2019-11-03|CAR|TEN
nflverse,football,NFL,2019-11-03,KC,MIN,26.0,23.0,198.0,,-225.0,True,True,False,True,football|NFL|2019-11-03|KC|MIN
nflverse,football,NFL,2019-11-03,MIA,NYJ,26.0,18.0,167.0,,-187.0,True,True,False,True,football|NFL|2019-11-03|MIA|NYJ
nflverse,football,NFL,2019-11-03,PHI,CHI,22.0,14.0,-226.0,,199.0,True,True,False,True,football|NFL|2019-11-03|PHI|CHI
nflverse,football,NFL,2019-11-03,PIT,IND,26.0,24.0,-117.0,,107.0,True,True,False,True,football|NFL|2019-11-03|PIT|IND
nflverse,football,NFL,2019-11-03,OAK,DET,31.0,24.0,-143.0,,129.0,True,True,False,True,football|NFL|2019-11-03|OAK|DET
nflverse,football,NFL,2019-11-03,SEA,TB,40.0,34.0,-209.0,,185.0,True,True,False,True,football|NFL|2019-11-03|SEA|TB
nflverse,football,NFL,2019-11-03,DEN,CLE,24.0,19.0,173.0,,-194.0,True,True,False,True,football|NFL|2019-11-03|DEN|CLE
nflverse,football,NFL,2019-11-03,LAC,GB,26.0,11.0,184.0,,-208.0,True,True,False,True,football|NFL|2019-11-03|LAC|GB
nflverse,football,NFL,2019-11-03,BAL,NE,37.0,20.0,135.0,,-150.0,True,True,False,True,football|NFL|2019-11-03|BAL|NE
nflverse,football,NFL,2019-11-04,NYG,DAL,18.0,37.0,255.0,,-297.0,True,True,False,True,football|NFL|2019-11-04|NYG|DAL
nflverse,football,NFL,2019-11-07,OAK,LAC,26.0,24.0,106.0,,-117.0,True,True,False,True,football|NFL|2019-11-07|OAK|LAC
nflverse,football,NFL,2019-11-10,CHI,DET,20.0,13.0,-270.0,,235.0,True,True,False,True,football|NFL|2019-11-10|CHI|DET
nflverse,football,NFL,2019-11-10,CIN,BAL,13.0,49.0,358.0,,-435.0,True,True,False,True,football|NFL|2019-11-10|CIN|BAL
nflverse,football,NFL,2019-11-10,CLE,BUF,19.0,16.0,-151.0,,136.0,True,True,False,True,football|NFL|2019-11-10|CLE|BUF
nflverse,football,NFL,2019-11-10,NO,ATL,9.0,26.0,-649.0,,503.0,True,True,False,True,football|NFL|2019-11-10|NO|ATL
nflverse,football,NFL,2019-11-10,NYJ,NYG,34.0,27.0,133.0,,-147.0,True,True,False,True,football|NFL|2019-11-10|NYJ|NYG
nflverse,football,NFL,2019-11-10,TB,ARI,30.0,27.0,-235.0,,207.0,True,True,False,True,football|NFL|2019-11-10|TB|ARI
nflverse,football,NFL,2019-11-10,TEN,KC,35.0,32.0,205.0,,-233.0,True,True,False,True,football|NFL|2019-11-10|TEN|KC
nflverse,football,NFL,2019-11-10,IND,MIA,12.0,16.0,-481.0,,390.0,True,True,False,True,football|NFL|2019-11-10|IND|MIA
nflverse,football,NFL,2019-11-10,GB,CAR,24.0,16.0,-227.0,,200.0,True,True,False,True,football|NFL|2019-11-10|GB|CAR
nflverse,football,NFL,2019-11-10,PIT,LA,17.0,12.0,189.0,,-214.0,True,True,False,True,football|NFL|2019-11-10|PIT|LA
nflverse,football,NFL,2019-11-10,DAL,MIN,24.0,28.0,-179.0,,160.0,True,True,False,True,football|NFL|2019-11-10|DAL|MIN
nflverse,football,NFL,2019-11-11,SF,SEA,24.0,27.0,-268.0,,233.0,True,True,False,True,football|NFL|2019-11-11|SF|SEA
nflverse,football,NFL,2019-11-14,CLE,PIT,21.0,7.0,-163.0,,146.0,True,True,False,True,football|NFL|2019-11-14|CLE|PIT
nflverse,football,NFL,2019-11-17,BAL,HOU,41.0,7.0,-217.0,,192.0,True,True,False,True,football|NFL|2019-11-17|BAL|HOU
nflverse,football,NFL,2019-11-17,CAR,ATL,3.0,29.0,-199.0,,177.0,True,True,False,True,football|NFL|2019-11-17|CAR|ATL
nflverse,football,NFL,2019-11-17,DET,DAL,27.0,35.0,310.0,,-369.0,True,True,False,True,football|NFL|2019-11-17|DET|DAL
nflverse,football,NFL,2019-11-17,IND,JAX,33.0,13.0,-134.0,,121.0,True,True,False,True,football|NFL|2019-11-17|IND|JAX
nflverse,football,NFL,2019-11-17,MIA,BUF,20.0,37.0,263.0,,-307.0,True,True,False,True,football|NFL|2019-11-17|MIA|BUF
nflverse,football,NFL,2019-11-17,MIN,DEN,27.0,23.0,-412.0,,341.0,True,True,False,True,football|NFL|2019-11-17|MIN|DEN
nflverse,football,NFL,2019-11-17,TB,NO,17.0,34.0,202.0,,-230.0,True,True,False,True,football|NFL|2019-11-17|TB|NO
nflverse,football,NFL,2019-11-17,WAS,NYJ,17.0,34.0,-122.0,,111.0,True,True,False,True,football|NFL|2019-11-17|WAS|NYJ
nflverse,football,NFL,2019-11-17,SF,ARI,36.0,26.0,-429.0,,353.0,True,True,False,True,football|NFL|2019-11-17|SF|ARI
nflverse,football,NFL,2019-11-17,OAK,CIN,17.0,10.0,-605.0,,474.0,True,True,False,True,football|NFL|2019-11-17|OAK|CIN
nflverse,football,NFL,2019-11-17,PHI,NE,10.0,17.0,186.0,,-210.0,True,True,False,True,football|NFL|2019-11-17|PHI|NE
nflverse,football,NFL,2019-11-17,LA,CHI,17.0,7.0,-233.0,,204.0,True,True,False,True,football|NFL|2019-11-17|LA|CHI
nflverse,football,NFL,2019-11-18,LAC,KC,17.0,24.0,213.0,,-243.0,True,True,False,True,football|NFL|2019-11-18|LAC|KC
nflverse,football,NFL,2019-11-21,HOU,IND,20.0,17.0,-183.0,,164.0,True,True,False,True,football|NFL|2019-11-21|HOU|IND
nflverse,football,NFL,2019-11-24,ATL,TB,22.0,35.0,-183.0,,163.0,True,True,False,True,football|NFL|2019-11-24|ATL|TB
nflverse,football,NFL,2019-11-24,BUF,DEN,20.0,3.0,-190.0,,170.0,True,True,False,True,football|NFL|2019-11-24|BUF|DEN
nflverse,football,NFL,2019-11-24,CHI,NYG,19.0,14.0,-252.0,,220.0,True,True,False,True,football|NFL|2019-11-24|CHI|NYG
nflverse,football,NFL,2019-11-24,CIN,PIT,10.0,16.0,199.0,,-225.0,True,True,False,True,football|NFL|2019-11-24|CIN|PIT
nflverse,football,NFL,2019-11-24,CLE,MIA,41.0,24.0,-446.0,,365.0,True,True,False,True,football|NFL|2019-11-24|CLE|MIA
nflverse,football,NFL,2019-11-24,NO,CAR,34.0,31.0,-457.0,,374.0,True,True,False,True,football|NFL|2019-11-24|NO|CAR
nflverse,football,NFL,2019-11-24,NYJ,OAK,34.0,3.0,158.0,,-177.0,True,True,False,True,football|NFL|2019-11-24|NYJ|OAK
nflverse,football,NFL,2019-11-24,PHI,SEA,9.0,17.0,-105.0,,-105.0,True,True,False,True,football|NFL|2019-11-24|PHI|SEA
nflverse,football,NFL,2019-11-24,WAS,DET,19.0,16.0,169.0,,-190.0,True,True,False,True,football|NFL|2019-11-24|WAS|DET
nflverse,football,NFL,2019-11-24,TEN,JAX,42.0,20.0,-225.0,,198.0,True,True,False,True,football|NFL|2019-11-24|TEN|JAX
nflverse,football,NFL,2019-11-24,NE,DAL,13.0,9.0,-231.0,,203.0,True,True,False,True,football|NFL|2019-11-24|NE|DAL
nflverse,football,NFL,2019-11-24,SF,GB,37.0,8.0,-175.0,,156.0,True,True,False,True,football|NFL|2019-11-24|SF|GB
nflverse,football,NFL,2019-11-25,LA,BAL,6.0,45.0,145.0,,-162.0,True,True,False,True,football|NFL|2019-11-25|LA|BAL
nflverse,football,NFL,2019-11-28,DET,CHI,20.0,24.0,203.0,,-230.0,True,True,False,True,football|NFL|2019-11-28|DET|CHI
nflverse,football,NFL,2019-11-28,DAL,BUF,15.0,26.0,-298.0,,256.0,True,True,False,True,football|NFL|2019-11-28|DAL|BUF
nflverse,football,NFL,2019-11-28,ATL,NO,18.0,26.0,272.0,,-319.0,True,True,False,True,football|NFL|2019-11-28|ATL|NO
nflverse,football,NFL,2019-12-01,BAL,SF,20.0,17.0,-242.0,,212.0,True,True,False,True,football|NFL|2019-12-01|BAL|SF
nflverse,football,NFL,2019-12-01,CAR,WAS,21.0,29.0,-482.0,,391.0,True,True,False,True,football|NFL|2019-12-01|CAR|WAS
nflverse,football,NFL,2019-12-01,CIN,NYJ,22.0,6.0,111.0,,-123.0,True,True,False,True,football|NFL|2019-12-01|CIN|NYJ
nflverse,football,NFL,2019-12-01,IND,TEN,17.0,31.0,-101.0,,-109.0,True,True,False,True,football|NFL|2019-12-01|IND|TEN
nflverse,football,NFL,2019-12-01,JAX,TB,11.0,28.0,140.0,,-155.0,True,True,False,True,football|NFL|2019-12-01|JAX|TB
nflverse,football,NFL,2019-12-01,MIA,PHI,37.0,31.0,382.0,,-469.0,True,True,False,True,football|NFL|2019-12-01|MIA|PHI
nflverse,football,NFL,2019-12-01,NYG,GB,13.0,31.0,223.0,,-256.0,True,True,False,True,football|NFL|2019-12-01|NYG|GB
nflverse,football,NFL,2019-12-01,PIT,CLE,20.0,13.0,103.0,,-113.0,True,True,False,True,football|NFL|2019-12-01|PIT|CLE
nflverse,football,NFL,2019-12-01,ARI,LA,7.0,34.0,125.0,,-139.0,True,True,False,True,football|NFL|2019-12-01|ARI|LA
nflverse,football,NFL,2019-12-01,DEN,LAC,23.0,20.0,183.0,,-207.0,True,True,False,True,football|NFL|2019-12-01|DEN|LAC
nflverse,football,NFL,2019-12-01,KC,OAK,40.0,9.0,-451.0,,369.0,True,True,False,True,football|NFL|2019-12-01|KC|OAK
nflverse,football,NFL,2019-12-01,HOU,NE,28.0,22.0,154.0,,-172.0,True,True,False,True,football|NFL|2019-12-01|HOU|NE
nflverse,football,NFL,2019-12-02,SEA,MIN,37.0,30.0,-154.0,,138.0,True,True,False,True,football|NFL|2019-12-02|SEA|MIN
nflverse,football,NFL,2019-12-05,CHI,DAL,31.0,24.0,150.0,,-167.0,True,True,False,True,football|NFL|2019-12-05|CHI|DAL
nflverse,football,NFL,2019-12-08,ATL,CAR,40.0,20.0,-180.0,,161.0,True,True,False,True,football|NFL|2019-12-08|ATL|CAR
nflverse,football,NFL,2019-12-08,BUF,BAL,17.0,24.0,230.0,,-264.0,True,True,False,True,football|NFL|2019-12-08|BUF|BAL
nflverse,football,NFL,2019-12-08,CLE,CIN,27.0,19.0,-269.0,,234.0,True,True,False,True,football|NFL|2019-12-08|CLE|CIN
nflverse,football,NFL,2019-12-08,GB,WAS,20.0,15.0,-752.0,,568.0,True,True,False,True,football|NFL|2019-12-08|GB|WAS
nflverse,football,NFL,2019-12-08,HOU,DEN,24.0,38.0,-389.0,,325.0,True,True,False,True,football|NFL|2019-12-08|HOU|DEN
nflverse,football,NFL,2019-12-08,MIN,DET,20.0,7.0,-587.0,,463.0,True,True,False,True,football|NFL|2019-12-08|MIN|DET
nflverse,football,NFL,2019-12-08,NO,SF,46.0,48.0,-116.0,,105.0,True,True,False,True,football|NFL|2019-12-08|NO|SF
nflverse,football,NFL,2019-12-08,NYJ,MIA,22.0,21.0,-213.0,,189.0,True,True,False,True,football|NFL|2019-12-08|NYJ|MIA
nflverse,football,NFL,2019-12-08,TB,IND,38.0,35.0,-166.0,,149.0,True,True,False,True,football|NFL|2019-12-08|TB|IND
nflverse,football,NFL,2019-12-08,JAX,LAC,10.0,45.0,160.0,,-179.0,True,True,False,True,football|NFL|2019-12-08|JAX|LAC
nflverse,football,NFL,2019-12-08,ARI,PIT,17.0,23.0,117.0,,-130.0,True,True,False,True,football|NFL|2019-12-08|ARI|PIT
nflverse,football,NFL,2019-12-08,NE,KC,16.0,23.0,-150.0,,135.0,True,True,False,True,football|NFL|2019-12-08|NE|KC
nflverse,football,NFL,2019-12-08,OAK,TEN,21.0,42.0,137.0,,-152.0,True,True,False,True,football|NFL|2019-12-08|OAK|TEN
nflverse,football,NFL,2019-12-08,LA,SEA,28.0,12.0,-120.0,,109.0,True,True,False,True,football|NFL|2019-12-08|LA|SEA
nflverse,football,NFL,2019-12-09,PHI,NYG,23.0,17.0,-411.0,,341.0,True,True,False,True,football|NFL|2019-12-09|PHI|NYG
nflverse,football,NFL,2019-12-12,BAL,NYJ,42.0,21.0,-1105.0,,775.0,True,True,False,True,football|NFL|2019-12-12|BAL|NYJ
nflverse,football,NFL,2019-12-15,CAR,SEA,24.0,30.0,218.0,,-250.0,True,True,False,True,football|NFL|2019-12-15|CAR|SEA
nflverse,football,NFL,2019-12-15,CIN,NE,13.0,34.0,381.0,,-468.0,True,True,False,True,football|NFL|2019-12-15|CIN|NE
nflverse,football,NFL,2019-12-15,DET,TB,17.0,38.0,210.0,,-239.0,True,True,False,True,football|NFL|2019-12-15|DET|TB
nflverse,football,NFL,2019-12-15,GB,CHI,21.0,13.0,-218.0,,192.0,True,True,False,True,football|NFL|2019-12-15|GB|CHI
nflverse,football,NFL,2019-12-15,KC,DEN,23.0,3.0,-426.0,,352.0,True,True,False,True,football|NFL|2019-12-15|KC|DEN
nflverse,football,NFL,2019-12-15,NYG,MIA,36.0,20.0,-185.0,,165.0,True,True,False,True,football|NFL|2019-12-15|NYG|MIA
nflverse,football,NFL,2019-12-15,TEN,HOU,21.0,24.0,-165.0,,148.0,True,True,False,True,football|NFL|2019-12-15|TEN|HOU
nflverse,football,NFL,2019-12-15,WAS,PHI,27.0,37.0,247.0,,-286.0,True,True,False,True,football|NFL|2019-12-15|WAS|PHI
nflverse,football,NFL,2019-12-15,ARI,CLE,38.0,24.0,140.0,,-156.0,True,True,False,True,football|NFL|2019-12-15|ARI|CLE
nflverse,football,NFL,2019-12-15,LAC,MIN,10.0,39.0,107.0,,-118.0,True,True,False,True,football|NFL|2019-12-15|LAC|MIN
nflverse,football,NFL,2019-12-15,OAK,JAX,16.0,20.0,-297.0,,255.0,True,True,False,True,football|NFL|2019-12-15|OAK|JAX
nflverse,football,NFL,2019-12-15,DAL,LA,44.0,21.0,104.0,,-115.0,True,True,False,True,football|NFL|2019-12-15|DAL|LA
nflverse,football,NFL,2019-12-15,SF,ATL,22.0,29.0,-460.0,,376.0,True,True,False,True,football|NFL|2019-12-15|SF|ATL
nflverse,football,NFL,2019-12-15,PIT,BUF,10.0,17.0,-112.0,,101.0,True,True,False,True,football|NFL|2019-12-15|PIT|BUF
nflverse,football,NFL,2019-12-16,NO,IND,34.0,7.0,-376.0,,315.0,True,True,False,True,football|NFL|2019-12-16|NO|IND
nflverse,football,NFL,2019-12-21,TB,HOU,20.0,23.0,135.0,,-150.0,True,True,False,True,football|NFL|2019-12-21|TB|HOU
nflverse,football,NFL,2019-12-21,NE,BUF,24.0,17.0,-289.0,,250.0,True,True,False,True,football|NFL|2019-12-21|NE|BUF
nflverse,football,NFL,2019-12-21,SF,LA,34.0,31.0,-320.0,,274.0,True,True,False,True,football|NFL|2019-12-21|SF|LA
nflverse,football,NFL,2019-12-22,ATL,JAX,24.0,12.0,-313.0,,268.0,True,True,False,True,football|NFL|2019-12-22|ATL|JAX
nflverse,football,NFL,2019-12-22,CLE,BAL,15.0,31.0,311.0,,-370.0,True,True,False,True,football|NFL|2019-12-22|CLE|BAL
nflverse,football,NFL,2019-12-22,IND,CAR,38.0,6.0,-308.0,,264.0,True,True,False,True,football|NFL|2019-12-22|IND|CAR
nflverse,football,NFL,2019-12-22,MIA,CIN,38.0,35.0,107.0,,-118.0,True,True,False,True,football|NFL|2019-12-22|MIA|CIN
nflverse,football,NFL,2019-12-22,NYJ,PIT,16.0,10.0,153.0,,-171.0,True,True,False,True,football|NFL|2019-12-22|NYJ|PIT
nflverse,football,NFL,2019-12-22,TEN,NO,28.0,38.0,159.0,,-178.0,True,True,False,True,football|NFL|2019-12-22|TEN|NO
nflverse,football,NFL,2019-12-22,WAS,NYG,35.0,41.0,102.0,,-112.0,True,True,False,True,football|NFL|2019-12-22|WAS|NYG
nflverse,football,NFL,2019-12-22,DEN,DET,27.0,17.0,-400.0,,333.0,True,True,False,True,football|NFL|2019-12-22|DEN|DET
nflverse,football,NFL,2019-12-22,LAC,OAK,17.0,24.0,-321.0,,274.0,True,True,False,True,football|NFL|2019-12-22|LAC|OAK
nflverse,football,NFL,2019-12-22,PHI,DAL,17.0,9.0,109.0,,-120.0,True,True,False,True,football|NFL|2019-12-22|PHI|DAL
nflverse,football,NFL,2019-12-22,SEA,ARI,13.0,27.0,-385.0,,322.0,True,True,False,True,football|NFL|2019-12-22|SEA|ARI
nflverse,football,NFL,2019-12-22,CHI,KC,3.0,26.0,254.0,,-295.0,True,True,False,True,football|NFL|2019-12-22|CHI|KC
nflverse,football,NFL,2019-12-23,MIN,GB,10.0,23.0,-202.0,,179.0,True,True,False,True,football|NFL|2019-12-23|MIN|GB
nflverse,football,NFL,2019-12-29,BUF,NYJ,6.0,13.0,112.0,,-124.0,True,True,False,True,football|NFL|2019-12-29|BUF|NYJ
nflverse,football,NFL,2019-12-29,CAR,NO,10.0,42.0,510.0,,-660.0,True,True,False,True,football|NFL|2019-12-29|CAR|NO
nflverse,football,NFL,2019-12-29,CIN,CLE,33.0,23.0,124.0,,-137.0,True,True,False,True,football|NFL|2019-12-29|CIN|CLE
nflverse,football,NFL,2019-12-29,DET,GB,20.0,23.0,508.0,,-656.0,True,True,False,True,football|NFL|2019-12-29|DET|GB
nflverse,football,NFL,2019-12-29,KC,LAC,31.0,21.0,-389.0,,325.0,True,True,False,True,football|NFL|2019-12-29|KC|LAC
nflverse,football,NFL,2019-12-29,MIN,CHI,19.0,21.0,203.0,,-230.0,True,True,False,True,football|NFL|2019-12-29|MIN|CHI
nflverse,football,NFL,2019-12-29,NE,MIA,24.0,27.0,-1117.0,,781.0,True,True,False,True,football|NFL|2019-12-29|NE|MIA
nflverse,football,NFL,2019-12-29,TB,ATL,22.0,28.0,-120.0,,109.0,True,True,False,True,football|NFL|2019-12-29|TB|ATL
nflverse,football,NFL,2019-12-29,BAL,PIT,28.0,10.0,122.0,,-135.0,True,True,False,True,football|NFL|2019-12-29|BAL|PIT
nflverse,football,NFL,2019-12-29,DAL,WAS,47.0,16.0,-621.0,,485.0,True,True,False,True,football|NFL|2019-12-29|DAL|WAS
nflverse,football,NFL,2019-12-29,DEN,OAK,16.0,15.0,-221.0,,195.0,True,True,False,True,football|NFL|2019-12-29|DEN|OAK
nflverse,football,NFL,2019-12-29,HOU,TEN,14.0,35.0,308.0,,-366.0,True,True,False,True,football|NFL|2019-12-29|HOU|TEN
nflverse,football,NFL,2019-12-29,JAX,IND,38.0,20.0,204.0,,-232.0,True,True,False,True,football|NFL|2019-12-29|JAX|IND
nflverse,football,NFL,2019-12-29,LA,ARI,31.0,24.0,-271.0,,235.0,True,True,False,True,football|NFL|2019-12-29|LA|ARI
nflverse,football,NFL,2019-12-29,NYG,PHI,17.0,34.0,176.0,,-198.0,True,True,False,True,football|NFL|2019-12-29|NYG|PHI
nflverse,football,NFL,2019-12-29,SEA,SF,21.0,26.0,159.0,,-177.0,True,True,False,True,football|NFL|2019-12-29|SEA|SF
nflverse,football,NFL,2020-01-04,HOU,BUF,22.0,19.0,-144.0,,130.0,True,True,False,True,football|NFL|2020-01-04|HOU|BUF
nflverse,football,NFL,2020-01-04,NE,TEN,13.0,20.0,-214.0,,190.0,True,True,False,True,football|NFL|2020-01-04|NE|TEN
nflverse,football,NFL,2020-01-05,NO,MIN,20.0,26.0,-355.0,,300.0,True,True,False,True,football|NFL|2020-01-05|NO|MIN
nflverse,football,NFL,2020-01-05,PHI,SEA,9.0,17.0,-119.0,,108.0,True,True,False,True,football|NFL|2020-01-05|PHI|SEA
nflverse,football,NFL,2020-01-11,SF,MIN,27.0,10.0,-323.0,,276.0,True,True,False,True,football|NFL|2020-01-11|SF|MIN
nflverse,football,NFL,2020-01-11,BAL,TEN,12.0,28.0,-439.0,,361.0,True,True,False,True,football|NFL|2020-01-11|BAL|TEN
nflverse,football,NFL,2020-01-12,KC,HOU,51.0,31.0,-461.0,,376.0,True,True,False,True,football|NFL|2020-01-12|KC|HOU
nflverse,football,NFL,2020-01-12,GB,SEA,28.0,23.0,-224.0,,197.0,True,True,False,True,football|NFL|2020-01-12|GB|SEA
nflverse,football,NFL,2020-01-19,KC,TEN,35.0,24.0,-337.0,,286.0,True,True,False,True,football|NFL|2020-01-19|KC|TEN
nflverse,football,NFL,2020-01-19,SF,GB,37.0,20.0,-375.0,,315.0,True,True,False,True,football|NFL|2020-01-19|SF|GB
nflverse,football,NFL,2020-02-02,KC,SF,31.0,20.0,-125.0,,113.0,True,True,False,True,football|NFL|2020-02-02|KC|SF
nflverse,football,NFL,2020-09-10,KC,HOU,34.0,20.0,-423.0,,349.0,True,True,False,True,football|NFL|2020-09-10|KC|HOU
nflverse,football,NFL,2020-09-13,ATL,SEA,25.0,38.0,-112.0,,102.0,True,True,False,True,football|NFL|2020-09-13|ATL|SEA
nflverse,football,NFL,2020-09-13,BAL,CLE,38.0,6.0,-302.0,,260.0,True,True,False,True,football|NFL|2020-09-13|BAL|CLE
nflverse,football,NFL,2020-09-13,BUF,NYJ,27.0,17.0,-279.0,,242.0,True,True,False,True,football|NFL|2020-09-13|BUF|NYJ
nflverse,football,NFL,2020-09-13,CAR,LV,30.0,34.0,134.0,,-124.0,True,True,False,True,football|NFL|2020-09-13|CAR|LV
nflverse,football,NFL,2020-09-13,DET,CHI,23.0,27.0,-128.0,,116.0,True,True,False,True,football|NFL|2020-09-13|DET|CHI
nflverse,football,NFL,2020-09-13,JAX,IND,27.0,20.0,265.0,,-309.0,True,True,False,True,football|NFL|2020-09-13|JAX|IND
nflverse,football,NFL,2020-09-13,MIN,GB,34.0,43.0,-114.0,,103.0,True,True,False,True,football|NFL|2020-09-13|MIN|GB
nflverse,football,NFL,2020-09-13,NE,MIA,21.0,11.0,-327.0,,278.0,True,True,False,True,football|NFL|2020-09-13|NE|MIA
nflverse,football,NFL,2020-09-13,WAS,PHI,27.0,17.0,200.0,,-227.0,True,True,False,True,football|NFL|2020-09-13|WAS|PHI
nflverse,football,NFL,2020-09-13,CIN,LAC,13.0,16.0,117.0,,-129.0,True,True,False,True,football|NFL|2020-09-13|CIN|LAC
nflverse,football,NFL,2020-09-13,NO,TB,34.0,23.0,-196.0,,174.0,True,True,False,True,football|NFL|2020-09-13|NO|TB
nflverse,football,NFL,2020-09-13,SF,ARI,20.0,24.0,-280.0,,242.0,True,True,False,True,football|NFL|2020-09-13|SF|ARI
nflverse,football,NFL,2020-09-13,LA,DAL,20.0,17.0,-114.0,,103.0,True,True,False,True,football|NFL|2020-09-13|LA|DAL
nflverse,football,NFL,2020-09-14,NYG,PIT,16.0,26.0,221.0,,-253.0,True,True,False,True,football|NFL|2020-09-14|NYG|PIT
nflverse,football,NFL,2020-09-14,DEN,TEN,14.0,16.0,157.0,,-175.0,True,True,False,True,football|NFL|2020-09-14|DEN|TEN
nflverse,football,NFL,2020-09-17,CLE,CIN,35.0,30.0,-243.0,,213.0,True,True,False,True,football|NFL|2020-09-17|CLE|CIN
nflverse,football,NFL,2020-09-20,CHI,NYG,17.0,13.0,-222.0,,196.0,True,True,False,True,football|NFL|2020-09-20|CHI|NYG
nflverse,football,NFL,2020-09-20,DAL,ATL,40.0,39.0,-145.0,,131.0,True,True,False,True,football|NFL|2020-09-20|DAL|ATL
nflverse,football,NFL,2020-09-20,GB,DET,42.0,21.0,-284.0,,245.0,True,True,False,True,football|NFL|2020-09-20|GB|DET
nflverse,football,NFL,2020-09-20,IND,MIN,28.0,11.0,-176.0,,158.0,True,True,False,True,football|NFL|2020-09-20|IND|MIN
nflverse,football,NFL,2020-09-20,MIA,BUF,28.0,31.0,214.0,,-244.0,True,True,False,True,football|NFL|2020-09-20|MIA|BUF
nflverse,football,NFL,2020-09-20,NYJ,SF,13.0,31.0,259.0,,-301.0,True,True,False,True,football|NFL|2020-09-20|NYJ|SF
nflverse,football,NFL,2020-09-20,PHI,LA,19.0,37.0,-123.0,,111.0,True,True,False,True,football|NFL|2020-09-20|PHI|LA
nflverse,football,NFL,2020-09-20,PIT,DEN,26.0,21.0,-267.0,,232.0,True,True,False,True,football|NFL|2020-09-20|PIT|DEN
nflverse,football,NFL,2020-09-20,TB,CAR,31.0,17.0,-342.0,,290.0,True,True,False,True,football|NFL|2020-09-20|TB|CAR
nflverse,football,NFL,2020-09-20,TEN,JAX,33.0,30.0,-295.0,,254.0,True,True,False,True,football|NFL|2020-09-20|TEN|JAX
nflverse,football,NFL,2020-09-20,ARI,WAS,30.0,15.0,-313.0,,268.0,True,True,False,True,football|NFL|2020-09-20|ARI|WAS
nflverse,football,NFL,2020-09-20,HOU,BAL,16.0,33.0,292.0,,-344.0,True,True,False,True,football|NFL|2020-09-20|HOU|BAL
nflverse,football,NFL,2020-09-20,LAC,KC,20.0,23.0,311.0,,-370.0,True,True,False,True,football|NFL|2020-09-20|LAC|KC
nflverse,football,NFL,2020-09-20,SEA,NE,35.0,30.0,-199.0,,177.0,True,True,False,True,football|NFL|2020-09-20|SEA|NE
nflverse,football,NFL,2020-09-21,LV,NO,34.0,24.0,180.0,,-201.0,True,True,False,True,football|NFL|2020-09-21|LV|NO
nflverse,football,NFL,2020-09-24,JAX,MIA,13.0,31.0,-138.0,,124.0,True,True,False,True,football|NFL|2020-09-24|JAX|MIA
nflverse,football,NFL,2020-09-27,ATL,CHI,26.0,30.0,-135.0,,122.0,True,True,False,True,football|NFL|2020-09-27|ATL|CHI
nflverse,football,NFL,2020-09-27,BUF,LA,35.0,32.0,-126.0,,114.0,True,True,False,True,football|NFL|2020-09-27|BUF|LA
nflverse,football,NFL,2020-09-27,CLE,WAS,34.0,20.0,-331.0,,282.0,True,True,False,True,football|NFL|2020-09-27|CLE|WAS
nflverse,football,NFL,2020-09-27,MIN,TEN,30.0,31.0,139.0,,-155.0,True,True,False,True,football|NFL|2020-09-27|MIN|TEN
nflverse,football,NFL,2020-09-27,NE,LV,36.0,20.0,-311.0,,266.0,True,True,False,True,football|NFL|2020-09-27|NE|LV
nflverse,football,NFL,2020-09-27,NYG,SF,9.0,36.0,134.0,,-149.0,True,True,False,True,football|NFL|2020-09-27|NYG|SF
nflverse,football,NFL,2020-09-27,PHI,CIN,23.0,23.0,-233.0,,205.0,True,True,False,True,football|NFL|2020-09-27|PHI|CIN
nflverse,football,NFL,2020-09-27,PIT,HOU,28.0,21.0,-196.0,,174.0,True,True,False,True,football|NFL|2020-09-27|PIT|HOU
nflverse,football,NFL,2020-09-27,IND,NYJ,36.0,7.0,-630.0,,491.0,True,True,False,True,football|NFL|2020-09-27|IND|NYJ
nflverse,football,NFL,2020-09-27,LAC,CAR,16.0,21.0,-265.0,,230.0,True,True,False,True,football|NFL|2020-09-27|LAC|CAR
nflverse,football,NFL,2020-09-27,ARI,DET,23.0,26.0,-218.0,,193.0,True,True,False,True,football|NFL|2020-09-27|ARI|DET
nflverse,football,NFL,2020-09-27,DEN,TB,10.0,28.0,230.0,,-264.0,True,True,False,True,football|NFL|2020-09-27|DEN|TB
nflverse,football,NFL,2020-09-27,SEA,DAL,38.0,31.0,-237.0,,208.0,True,True,False,True,football|NFL|2020-09-27|SEA|DAL
nflverse,football,NFL,2020-09-27,NO,GB,30.0,37.0,-172.0,,154.0,True,True,False,True,football|NFL|2020-09-27|NO|GB
nflverse,football,NFL,2020-09-28,BAL,KC,20.0,34.0,-174.0,,156.0,True,True,False,True,football|NFL|2020-09-28|BAL|KC
nflverse,football,NFL,2020-10-01,NYJ,DEN,28.0,37.0,-114.0,,104.0,True,True,False,True,football|NFL|2020-10-01|NYJ|DEN
nflverse,football,NFL,2020-10-04,CAR,ARI,31.0,21.0,141.0,,-157.0,True,True,False,True,football|NFL|2020-10-04|CAR|ARI
nflverse,football,NFL,2020-10-04,CIN,JAX,33.0,25.0,-112.0,,101.0,True,True,False,True,football|NFL|2020-10-04|CIN|JAX
nflverse,football,NFL,2020-10-04,DAL,CLE,38.0,49.0,-175.0,,157.0,True,True,False,True,football|NFL|2020-10-04|DAL|CLE
nflverse,football,NFL,2020-10-04,DET,NO,29.0,35.0,139.0,,-155.0,True,True,False,True,football|NFL|2020-10-04|DET|NO
nflverse,football,NFL,2020-10-04,HOU,MIN,23.0,31.0,-172.0,,154.0,True,True,False,True,football|NFL|2020-10-04|HOU|MIN
nflverse,football,NFL,2020-10-04,MIA,SEA,23.0,31.0,196.0,,-223.0,True,True,False,True,football|NFL|2020-10-04|MIA|SEA
nflverse,football,NFL,2020-10-04,TB,LAC,38.0,31.0,-331.0,,282.0,True,True,False,True,football|NFL|2020-10-04|TB|LAC
nflverse,football,NFL,2020-10-04,WAS,BAL,17.0,31.0,692.0,,-958.0,True,True,False,True,football|NFL|2020-10-04|WAS|BAL
nflverse,football,NFL,2020-10-04,LA,NYG,17.0,9.0,-890.0,,652.0,True,True,False,True,football|NFL|2020-10-04|LA|NYG
nflverse,football,NFL,2020-10-04,CHI,IND,11.0,19.0,156.0,,-174.0,True,True,False,True,football|NFL|2020-10-04|CHI|IND
nflverse,football,NFL,2020-10-04,LV,BUF,23.0,30.0,154.0,,-172.0,True,True,False,True,football|NFL|2020-10-04|LV|BUF
nflverse,football,NFL,2020-10-04,SF,PHI,20.0,25.0,-320.0,,273.0,True,True,False,True,football|NFL|2020-10-04|SF|PHI
nflverse,football,NFL,2020-10-05,KC,NE,26.0,10.0,-299.0,,257.0,True,True,False,True,football|NFL|2020-10-05|KC|NE
nflverse,football,NFL,2020-10-05,GB,ATL,30.0,16.0,-221.0,,195.0,True,True,False,True,football|NFL|2020-10-05|GB|ATL
nflverse,football,NFL,2020-10-08,CHI,TB,20.0,19.0,164.0,,-184.0,True,True,False,True,football|NFL|2020-10-08|CHI|TB
nflverse,football,NFL,2020-10-11,ATL,CAR,16.0,23.0,-139.0,,125.0,True,True,False,True,football|NFL|2020-10-11|ATL|CAR
nflverse,football,NFL,2020-10-11,BAL,CIN,27.0,3.0,-718.0,,547.0,True,True,False,True,football|NFL|2020-10-11|BAL|CIN
nflverse,football,NFL,2020-10-11,HOU,JAX,30.0,14.0,-281.0,,243.0,True,True,False,True,football|NFL|2020-10-11|HOU|JAX
nflverse,football,NFL,2020-10-11,KC,LV,32.0,40.0,-476.0,,387.0,True,True,False,True,football|NFL|2020-10-11|KC|LV
nflverse,football,NFL,2020-10-11,NYJ,ARI,10.0,30.0,254.0,,-295.0,True,True,False,True,football|NFL|2020-10-11|NYJ|ARI
nflverse,football,NFL,2020-10-11,PIT,PHI,38.0,29.0,-372.0,,312.0,True,True,False,True,football|NFL|2020-10-11|PIT|PHI
nflverse,football,NFL,2020-10-11,WAS,LA,10.0,30.0,262.0,,-305.0,True,True,False,True,football|NFL|2020-10-11|WAS|LA
nflverse,football,NFL,2020-10-11,SF,MIA,17.0,43.0,-357.0,,301.0,True,True,False,True,football|NFL|2020-10-11|SF|MIA
nflverse,football,NFL,2020-10-11,CLE,IND,32.0,23.0,-110.0,,-101.0,True,True,False,True,football|NFL|2020-10-11|CLE|IND
nflverse,football,NFL,2020-10-11,DAL,NYG,37.0,34.0,-347.0,,293.0,True,True,False,True,football|NFL|2020-10-11|DAL|NYG
nflverse,football,NFL,2020-10-11,SEA,MIN,27.0,26.0,-284.0,,245.0,True,True,False,True,football|NFL|2020-10-11|SEA|MIN
nflverse,football,NFL,2020-10-12,NO,LAC,30.0,27.0,-339.0,,288.0,True,True,False,True,football|NFL|2020-10-12|NO|LAC
nflverse,football,NFL,2020-10-13,TEN,BUF,42.0,16.0,150.0,,-168.0,True,True,False,True,football|NFL|2020-10-13|TEN|BUF
nflverse,football,NFL,2020-10-18,CAR,CHI,16.0,23.0,-124.0,,112.0,True,True,False,True,football|NFL|2020-10-18|CAR|CHI
nflverse,football,NFL,2020-10-18,IND,CIN,31.0,27.0,-340.0,,288.0,True,True,False,True,football|NFL|2020-10-18|IND|CIN
nflverse,football,NFL,2020-10-18,JAX,DET,16.0,34.0,139.0,,-154.0,True,True,False,True,football|NFL|2020-10-18|JAX|DET
nflverse,football,NFL,2020-10-18,MIN,ATL,23.0,40.0,-188.0,,167.0,True,True,False,True,football|NFL|2020-10-18|MIN|ATL
nflverse,football,NFL,2020-10-18,NE,DEN,12.0,18.0,-328.0,,280.0,True,True,False,True,football|NFL|2020-10-18|NE|DEN
nflverse,football,NFL,2020-10-18,NYG,WAS,20.0,19.0,-128.0,,116.0,True,True,False,True,football|NFL|2020-10-18|NYG|WAS
nflverse,football,NFL,2020-10-18,PHI,BAL,28.0,30.0,348.0,,-422.0,True,True,False,True,football|NFL|2020-10-18|PHI|BAL
nflverse,football,NFL,2020-10-18,PIT,CLE,38.0,7.0,-159.0,,143.0,True,True,False,True,football|NFL|2020-10-18|PIT|CLE
nflverse,football,NFL,2020-10-18,TEN,HOU,42.0,36.0,-190.0,,169.0,True,True,False,True,football|NFL|2020-10-18|TEN|HOU
nflverse,football,NFL,2020-10-18,MIA,NYJ,24.0,0.0,-410.0,,340.0,True,True,False,True,football|NFL|2020-10-18|MIA|NYJ
nflverse,football,NFL,2020-10-18,TB,GB,38.0,10.0,131.0,,-145.0,True,True,False,True,football|NFL|2020-10-18|TB|GB
nflverse,football,NFL,2020-10-18,SF,LA,24.0,16.0,112.0,,-124.0,True,True,False,True,football|NFL|2020-10-18|SF|LA
nflverse,football,NFL,2020-10-19,BUF,KC,17.0,26.0,203.0,,-230.0,True,True,False,True,football|NFL|2020-10-19|BUF|KC
nflverse,football,NFL,2020-10-19,DAL,ARI,10.0,38.0,-114.0,,103.0,True,True,False,True,football|NFL|2020-10-19|DAL|ARI
nflverse,football,NFL,2020-10-22,PHI,NYG,22.0,21.0,-223.0,,197.0,True,True,False,True,football|NFL|2020-10-22|PHI|NYG
nflverse,football,NFL,2020-10-25,ATL,DET,22.0,23.0,-113.0,,102.0,True,True,False,True,football|NFL|2020-10-25|ATL|DET
nflverse,football,NFL,2020-10-25,CIN,CLE,34.0,37.0,179.0,,-201.0,True,True,False,True,football|NFL|2020-10-25|CIN|CLE
nflverse,football,NFL,2020-10-25,HOU,GB,20.0,35.0,127.0,,-140.0,True,True,False,True,football|NFL|2020-10-25|HOU|GB
nflverse,football,NFL,2020-10-25,NO,CAR,27.0,24.0,-317.0,,271.0,True,True,False,True,football|NFL|2020-10-25|NO|CAR
nflverse,football,NFL,2020-10-25,NYJ,BUF,10.0,18.0,327.0,,-391.0,True,True,False,True,football|NFL|2020-10-25|NYJ|BUF
nflverse,football,NFL,2020-10-25,TEN,PIT,24.0,27.0,-114.0,,103.0,True,True,False,True,football|NFL|2020-10-25|TEN|PIT
nflverse,football,NFL,2020-10-25,WAS,DAL,25.0,3.0,100.0,,-110.0,True,True,False,True,football|NFL|2020-10-25|WAS|DAL
nflverse,football,NFL,2020-10-25,LV,TB,20.0,45.0,171.0,,-192.0,True,True,False,True,football|NFL|2020-10-25|LV|TB
nflverse,football,NFL,2020-10-25,DEN,KC,16.0,43.0,260.0,,-302.0,True,True,False,True,football|NFL|2020-10-25|DEN|KC
nflverse,football,NFL,2020-10-25,LAC,JAX,39.0,29.0,-389.0,,325.0,True,True,False,True,football|NFL|2020-10-25|LAC|JAX
nflverse,football,NFL,2020-10-25,NE,SF,6.0,33.0,-167.0,,150.0,True,True,False,True,football|NFL|2020-10-25|NE|SF
nflverse,football,NFL,2020-10-25,ARI,SEA,37.0,34.0,166.0,,-186.0,True,True,False,True,football|NFL|2020-10-25|ARI|SEA
nflverse,football,NFL,2020-10-26,LA,CHI,24.0,10.0,-291.0,,251.0,True,True,False,True,football|NFL|2020-10-26|LA|CHI
nflverse,football,NFL,2020-10-29,CAR,ATL,17.0,25.0,-115.0,,104.0,True,True,False,True,football|NFL|2020-10-29|CAR|ATL
nflverse,football,NFL,2020-11-01,BAL,PIT,24.0,28.0,-200.0,,178.0,True,True,False,True,football|NFL|2020-11-01|BAL|PIT
nflverse,football,NFL,2020-11-01,BUF,NE,24.0,21.0,-197.0,,175.0,True,True,False,True,football|NFL|2020-11-01|BUF|NE
nflverse,football,NFL,2020-11-01,CIN,TEN,31.0,20.0,274.0,,-321.0,True,True,False,True,football|NFL|2020-11-01|CIN|TEN
nflverse,football,NFL,2020-11-01,CLE,LV,6.0,16.0,-130.0,,117.0,True,True,False,True,football|NFL|2020-11-01|CLE|LV
nflverse,football,NFL,2020-11-01,DET,IND,21.0,41.0,165.0,,-185.0,True,True,False,True,football|NFL|2020-11-01|DET|IND
nflverse,football,NFL,2020-11-01,GB,MIN,22.0,28.0,-249.0,,218.0,True,True,False,True,football|NFL|2020-11-01|GB|MIN
nflverse,football,NFL,2020-11-01,KC,NYJ,35.0,9.0,-1965.0,,1204.0,True,True,False,True,football|NFL|2020-11-01|KC|NYJ
nflverse,football,NFL,2020-11-01,MIA,LA,28.0,17.0,157.0,,-176.0,True,True,False,True,football|NFL|2020-11-01|MIA|LA
nflverse,football,NFL,2020-11-01,DEN,LAC,31.0,30.0,132.0,,-146.0,True,True,False,True,football|NFL|2020-11-01|DEN|LAC
nflverse,football,NFL,2020-11-01,CHI,NO,23.0,26.0,202.0,,-229.0,True,True,False,True,football|NFL|2020-11-01|CHI|NO
nflverse,football,NFL,2020-11-01,SEA,SF,37.0,27.0,-110.0,,-100.0,True,True,False,True,football|NFL|2020-11-01|SEA|SF
nflverse,football,NFL,2020-11-01,PHI,DAL,23.0,9.0,-403.0,,335.0,True,True,False,True,football|NFL|2020-11-01|PHI|DAL
nflverse,football,NFL,2020-11-02,NYG,TB,23.0,25.0,470.0,,-598.0,True,True,False,True,football|NFL|2020-11-02|NYG|TB
nflverse,football,NFL,2020-11-05,SF,GB,17.0,34.0,215.0,,-246.0,True,True,False,True,football|NFL|2020-11-05|SF|GB
nflverse,football,NFL,2020-11-08,ATL,DEN,34.0,27.0,-218.0,,193.0,True,True,False,True,football|NFL|2020-11-08|ATL|DEN
nflverse,football,NFL,2020-11-08,BUF,SEA,44.0,34.0,147.0,,-164.0,True,True,False,True,football|NFL|2020-11-08|BUF|SEA
nflverse,football,NFL,2020-11-08,IND,BAL,10.0,24.0,-104.0,,-106.0,True,True,False,True,football|NFL|2020-11-08|IND|BAL
nflverse,football,NFL,2020-11-08,JAX,HOU,25.0,27.0,249.0,,-289.0,True,True,False,True,football|NFL|2020-11-08|JAX|HOU
nflverse,football,NFL,2020-11-08,KC,CAR,33.0,31.0,-445.0,,365.0,True,True,False,True,football|NFL|2020-11-08|KC|CAR
nflverse,football,NFL,2020-11-08,MIN,DET,34.0,20.0,-173.0,,155.0,True,True,False,True,football|NFL|2020-11-08|MIN|DET
nflverse,football,NFL,2020-11-08,TEN,CHI,24.0,17.0,-280.0,,243.0,True,True,False,True,football|NFL|2020-11-08|TEN|CHI
nflverse,football,NFL,2020-11-08,WAS,NYG,20.0,23.0,-162.0,,145.0,True,True,False,True,football|NFL|2020-11-08|WAS|NYG
nflverse,football,NFL,2020-11-08,LAC,LV,26.0,31.0,102.0,,-112.0,True,True,False,True,football|NFL|2020-11-08|LAC|LV
nflverse,football,NFL,2020-11-08,ARI,MIA,31.0,34.0,-241.0,,211.0,True,True,False,True,football|NFL|2020-11-08|ARI|MIA
nflverse,football,NFL,2020-11-08,DAL,PIT,19.0,24.0,591.0,,-789.0,True,True,False,True,football|NFL|2020-11-08|DAL|PIT
nflverse,football,NFL,2020-11-08,TB,NO,3.0,38.0,-179.0,,160.0,True,True,False,True,football|NFL|2020-11-08|TB|NO
nflverse,football,NFL,2020-11-09,NYJ,NE,27.0,30.0,312.0,,-372.0,True,True,False,True,football|NFL|2020-11-09|NYJ|NE
nflverse,football,NFL,2020-11-12,TEN,IND,17.0,34.0,105.0,,-115.0,True,True,False,True,football|NFL|2020-11-12|TEN|IND
nflverse,football,NFL,2020-11-15,CAR,TB,23.0,46.0,226.0,,-259.0,True,True,False,True,football|NFL|2020-11-15|CAR|TB
nflverse,football,NFL,2020-11-15,CLE,HOU,10.0,7.0,-217.0,,192.0,True,True,False,True,football|NFL|2020-11-15|CLE|HOU
nflverse,football,NFL,2020-11-15,DET,WAS,30.0,27.0,-136.0,,123.0,True,True,False,True,football|NFL|2020-11-15|DET|WAS
nflverse,football,NFL,2020-11-15,GB,JAX,24.0,20.0,-893.0,,653.0,True,True,False,True,football|NFL|2020-11-15|GB|JAX
nflverse,football,NFL,2020-11-15,NYG,PHI,27.0,17.0,194.0,,-219.0,True,True,False,True,football|NFL|2020-11-15|NYG|PHI
nflverse,football,NFL,2020-11-15,ARI,BUF,32.0,30.0,-153.0,,138.0,True,True,False,True,football|NFL|2020-11-15|ARI|BUF
nflverse,football,NFL,2020-11-15,LV,DEN,37.0,12.0,-188.0,,168.0,True,True,False,True,football|NFL|2020-11-15|LV|DEN
nflverse,football,NFL,2020-11-15,MIA,LAC,29.0,21.0,-115.0,,104.0,True,True,False,True,football|NFL|2020-11-15|MIA|LAC
nflverse,football,NFL,2020-11-15,LA,SEA,23.0,16.0,-146.0,,132.0,True,True,False,True,football|NFL|2020-11-15|LA|SEA
nflverse,football,NFL,2020-11-15,NO,SF,27.0,13.0,-387.0,,323.0,True,True,False,True,football|NFL|2020-11-15|NO|SF
nflverse,football,NFL,2020-11-15,PIT,CIN,36.0,10.0,-297.0,,255.0,True,True,False,True,football|NFL|2020-11-15|PIT|CIN
nflverse,football,NFL,2020-11-15,NE,BAL,23.0,17.0,272.0,,-318.0,True,True,False,True,football|NFL|2020-11-15|NE|BAL
nflverse,football,NFL,2020-11-16,CHI,MIN,13.0,19.0,152.0,,-170.0,True,True,False,True,football|NFL|2020-11-16|CHI|MIN
nflverse,football,NFL,2020-11-19,SEA,ARI,28.0,21.0,-164.0,,147.0,True,True,False,True,football|NFL|2020-11-19|SEA|ARI
nflverse,football,NFL,2020-11-22,BAL,TEN,24.0,30.0,-253.0,,221.0,True,True,False,True,football|NFL|2020-11-22|BAL|TEN
nflverse,football,NFL,2020-11-22,CAR,DET,20.0,0.0,152.0,,-169.0,True,True,False,True,football|NFL|2020-11-22|CAR|DET
nflverse,football,NFL,2020-11-22,CLE,PHI,22.0,17.0,-135.0,,122.0,True,True,False,True,football|NFL|2020-11-22|CLE|PHI
nflverse,football,NFL,2020-11-22,HOU,NE,27.0,20.0,132.0,,-147.0,True,True,False,True,football|NFL|2020-11-22|HOU|NE
nflverse,football,NFL,2020-11-22,JAX,PIT,3.0,27.0,386.0,,-475.0,True,True,False,True,football|NFL|2020-11-22|JAX|PIT
nflverse,football,NFL,2020-11-22,NO,ATL,24.0,9.0,-181.0,,162.0,True,True,False,True,football|NFL|2020-11-22|NO|ATL
nflverse,football,NFL,2020-11-22,WAS,CIN,20.0,9.0,-121.0,,110.0,True,True,False,True,football|NFL|2020-11-22|WAS|CIN
nflverse,football,NFL,2020-11-22,DEN,MIA,20.0,13.0,174.0,,-196.0,True,True,False,True,football|NFL|2020-11-22|DEN|MIA
nflverse,football,NFL,2020-11-22,LAC,NYJ,34.0,28.0,-425.0,,351.0,True,True,False,True,football|NFL|2020-11-22|LAC|NYJ
nflverse,football,NFL,2020-11-22,IND,GB,34.0,31.0,-120.0,,109.0,True,True,False,True,football|NFL|2020-11-22|IND|GB
nflverse,football,NFL,2020-11-22,MIN,DAL,28.0,31.0,-304.0,,261.0,True,True,False,True,football|NFL|2020-11-22|MIN|DAL
nflverse,football,NFL,2020-11-22,LV,KC,31.0,35.0,296.0,,-351.0,True,True,False,True,football|NFL|2020-11-22|LV|KC
nflverse,football,NFL,2020-11-23,TB,LA,24.0,27.0,-195.0,,173.0,True,True,False,True,football|NFL|2020-11-23|TB|LA
nflverse,football,NFL,2020-11-26,DET,HOU,25.0,41.0,139.0,,-155.0,True,True,False,True,football|NFL|2020-11-26|DET|HOU
nflverse,football,NFL,2020-11-26,DAL,WAS,16.0,41.0,-135.0,,122.0,True,True,False,True,football|NFL|2020-11-26|DAL|WAS
nflverse,football,NFL,2020-11-29,ATL,LV,43.0,6.0,164.0,,-184.0,True,True,False,True,football|NFL|2020-11-29|ATL|LV
nflverse,football,NFL,2020-11-29,BUF,LAC,27.0,17.0,-214.0,,189.0,True,True,False,True,football|NFL|2020-11-29|BUF|LAC
nflverse,football,NFL,2020-11-29,CIN,NYG,17.0,19.0,227.0,,-260.0,True,True,False,True,football|NFL|2020-11-29|CIN|NYG
nflverse,football,NFL,2020-11-29,IND,TEN,26.0,45.0,-147.0,,133.0,True,True,False,True,football|NFL|2020-11-29|IND|TEN
nflverse,football,NFL,2020-11-29,JAX,CLE,25.0,27.0,284.0,,-334.0,True,True,False,True,football|NFL|2020-11-29|JAX|CLE
nflverse,football,NFL,2020-11-29,MIN,CAR,28.0,27.0,-145.0,,131.0,True,True,False,True,football|NFL|2020-11-29|MIN|CAR
nflverse,football,NFL,2020-11-29,NE,ARI,20.0,17.0,104.0,,-115.0,True,True,False,True,football|NFL|2020-11-29|NE|ARI
nflverse,football,NFL,2020-11-29,NYJ,MIA,3.0,20.0,296.0,,-350.0,True,True,False,True,football|NFL|2020-11-29|NYJ|MIA
nflverse,football,NFL,2020-11-29,DEN,NO,3.0,31.0,906.0,,-1350.0,True,True,False,True,football|NFL|2020-11-29|DEN|NO
nflverse,football,NFL,2020-11-29,LA,SF,20.0,23.0,-215.0,,190.0,True,True,False,True,football|NFL|2020-11-29|LA|SF
nflverse,football,NFL,2020-11-29,TB,KC,24.0,27.0,149.0,,-166.0,True,True,False,True,football|NFL|2020-11-29|TB|KC
nflverse,football,NFL,2020-11-29,GB,CHI,41.0,25.0,-346.0,,293.0,True,True,False,True,football|NFL|2020-11-29|GB|CHI
nflverse,football,NFL,2020-11-30,PHI,SEA,17.0,23.0,237.0,,-274.0,True,True,False,True,football|NFL|2020-11-30|PHI|SEA
nflverse,football,NFL,2020-12-02,PIT,BAL,19.0,14.0,-518.0,,416.0,True,True,False,True,football|NFL|2020-12-02|PIT|BAL
nflverse,football,NFL,2020-12-06,ATL,NO,16.0,21.0,127.0,,-141.0,True,True,False,True,football|NFL|2020-12-06|ATL|NO
nflverse,football,NFL,2020-12-06,CHI,DET,30.0,34.0,-161.0,,145.0,True,True,False,True,football|NFL|2020-12-06|CHI|DET
nflverse,football,NFL,2020-12-06,HOU,IND,20.0,26.0,157.0,,-176.0,True,True,False,True,football|NFL|2020-12-06|HOU|IND
nflverse,football,NFL,2020-12-06,MIA,CIN,19.0,7.0,-491.0,,397.0,True,True,False,True,football|NFL|2020-12-06|MIA|CIN
nflverse,football,NFL,2020-12-06,MIN,JAX,27.0,24.0,-445.0,,365.0,True,True,False,True,football|NFL|2020-12-06|MIN|JAX
nflverse,football,NFL,2020-12-06,NYJ,LV,28.0,31.0,295.0,,-349.0,True,True,False,True,football|NFL|2020-12-06|NYJ|LV
nflverse,football,NFL,2020-12-06,TEN,CLE,35.0,41.0,-200.0,,178.0,True,True,False,True,football|NFL|2020-12-06|TEN|CLE
nflverse,football,NFL,2020-12-06,ARI,LA,28.0,38.0,130.0,,-144.0,True,True,False,True,football|NFL|2020-12-06|ARI|LA
nflverse,football,NFL,2020-12-06,SEA,NYG,12.0,17.0,-514.0,,413.0,True,True,False,True,football|NFL|2020-12-06|SEA|NYG
nflverse,football,NFL,2020-12-06,GB,PHI,30.0,16.0,-393.0,,328.0,True,True,False,True,football|NFL|2020-12-06|GB|PHI
nflverse,football,NFL,2020-12-06,LAC,NE,0.0,45.0,-129.0,,117.0,True,True,False,True,football|NFL|2020-12-06|LAC|NE
nflverse,football,NFL,2020-12-06,KC,DEN,22.0,16.0,-660.0,,510.0,True,True,False,True,football|NFL|2020-12-06|KC|DEN
nflverse,football,NFL,2020-12-07,PIT,WAS,17.0,23.0,-265.0,,231.0,True,True,False,True,football|NFL|2020-12-07|PIT|WAS
nflverse,football,NFL,2020-12-07,SF,BUF,24.0,34.0,-122.0,,110.0,True,True,False,True,football|NFL|2020-12-07|SF|BUF
nflverse,football,NFL,2020-12-08,BAL,DAL,34.0,17.0,-390.0,,326.0,True,True,False,True,football|NFL|2020-12-08|BAL|DAL
nflverse,football,NFL,2020-12-10,LA,NE,24.0,3.0,-228.0,,201.0,True,True,False,True,football|NFL|2020-12-10|LA|NE
nflverse,football,NFL,2020-12-13,CAR,DEN,27.0,32.0,-199.0,,177.0,True,True,False,True,football|NFL|2020-12-13|CAR|DEN
nflverse,football,NFL,2020-12-13,CHI,HOU,36.0,7.0,104.0,,-114.0,True,True,False,True,football|NFL|2020-12-13|CHI|HOU
nflverse,football,NFL,2020-12-13,CIN,DAL,7.0,30.0,148.0,,-164.0,True,True,False,True,football|NFL|2020-12-13|CIN|DAL
nflverse,football,NFL,2020-12-13,JAX,TEN,10.0,31.0,307.0,,-364.0,True,True,False,True,football|NFL|2020-12-13|JAX|TEN
nflverse,football,NFL,2020-12-13,MIA,KC,27.0,33.0,281.0,,-330.0,True,True,False,True,football|NFL|2020-12-13|MIA|KC
nflverse,football,NFL,2020-12-13,NYG,ARI,7.0,26.0,139.0,,-154.0,True,True,False,True,football|NFL|2020-12-13|NYG|ARI
nflverse,football,NFL,2020-12-13,TB,MIN,26.0,14.0,-317.0,,271.0,True,True,False,True,football|NFL|2020-12-13|TB|MIN
nflverse,football,NFL,2020-12-13,LV,IND,27.0,44.0,118.0,,-130.0,True,True,False,True,football|NFL|2020-12-13|LV|IND
nflverse,football,NFL,2020-12-13,SEA,NYJ,40.0,3.0,-1032.0,,734.0,True,True,False,True,football|NFL|2020-12-13|SEA|NYJ
nflverse,football,NFL,2020-12-13,DET,GB,24.0,31.0,292.0,,-345.0,True,True,False,True,football|NFL|2020-12-13|DET|GB
nflverse,football,NFL,2020-12-13,LAC,ATL,20.0,17.0,-118.0,,107.0,True,True,False,True,football|NFL|2020-12-13|LAC|ATL
nflverse,football,NFL,2020-12-13,PHI,NO,24.0,21.0,284.0,,-335.0,True,True,False,True,football|NFL|2020-12-13|PHI|NO
nflverse,football,NFL,2020-12-13,SF,WAS,15.0,23.0,-149.0,,134.0,True,True,False,True,football|NFL|2020-12-13|SF|WAS
nflverse,football,NFL,2020-12-13,BUF,PIT,26.0,15.0,-124.0,,112.0,True,True,False,True,football|NFL|2020-12-13|BUF|PIT
nflverse,football,NFL,2020-12-14,CLE,BAL,42.0,47.0,156.0,,-174.0,True,True,False,True,football|NFL|2020-12-14|CLE|BAL
nflverse,football,NFL,2020-12-17,LV,LAC,27.0,30.0,-174.0,,156.0,True,True,False,True,football|NFL|2020-12-17|LV|LAC
nflverse,football,NFL,2020-12-19,DEN,BUF,19.0,48.0,212.0,,-242.0,True,True,False,True,football|NFL|2020-12-19|DEN|BUF
nflverse,football,NFL,2020-12-19,GB,CAR,24.0,16.0,-419.0,,346.0,True,True,False,True,football|NFL|2020-12-19|GB|CAR
nflverse,football,NFL,2020-12-20,ATL,TB,27.0,31.0,225.0,,-258.0,True,True,False,True,football|NFL|2020-12-20|ATL|TB
nflverse,football,NFL,2020-12-20,BAL,JAX,40.0,14.0,-746.0,,564.0,True,True,False,True,football|NFL|2020-12-20|BAL|JAX
nflverse,football,NFL,2020-12-20,DAL,SF,41.0,33.0,180.0,,-202.0,True,True,False,True,football|NFL|2020-12-20|DAL|SF
nflverse,football,NFL,2020-12-20,IND,HOU,27.0,20.0,-370.0,,311.0,True,True,False,True,football|NFL|2020-12-20|IND|HOU
nflverse,football,NFL,2020-12-20,MIA,NE,22.0,12.0,109.0,,-120.0,True,True,False,True,football|NFL|2020-12-20|MIA|NE
nflverse,football,NFL,2020-12-20,MIN,CHI,27.0,33.0,-152.0,,137.0,True,True,False,True,football|NFL|2020-12-20|MIN|CHI
nflverse,football,NFL,2020-12-20,TEN,DET,46.0,25.0,-389.0,,325.0,True,True,False,True,football|NFL|2020-12-20|TEN|DET
nflverse,football,NFL,2020-12-20,WAS,SEA,15.0,20.0,219.0,,-251.0,True,True,False,True,football|NFL|2020-12-20|WAS|SEA
nflverse,football,NFL,2020-12-20,ARI,PHI,33.0,26.0,-259.0,,226.0,True,True,False,True,football|NFL|2020-12-20|ARI|PHI
nflverse,football,NFL,2020-12-20,LA,NYJ,20.0,23.0,-1601.0,,957.0,True,True,False,True,football|NFL|2020-12-20|LA|NYJ
nflverse,football,NFL,2020-12-20,NO,KC,29.0,32.0,124.0,,-137.0,True,True,False,True,football|NFL|2020-12-20|NO|KC
nflverse,football,NFL,2020-12-20,NYG,CLE,6.0,20.0,235.0,,-271.0,True,True,False,True,football|NFL|2020-12-20|NYG|CLE
nflverse,football,NFL,2020-12-21,CIN,PIT,27.0,17.0,682.0,,-942.0,True,True,False,True,football|NFL|2020-12-21|CIN|PIT
nflverse,football,NFL,2020-12-25,NO,MIN,52.0,33.0,-302.0,,260.0,True,True,False,True,football|NFL|2020-12-25|NO|MIN
nflverse,football,NFL,2020-12-26,DET,TB,7.0,47.0,455.0,,-591.0,True,True,False,True,football|NFL|2020-12-26|DET|TB
nflverse,football,NFL,2020-12-26,ARI,SF,12.0,20.0,-280.0,,242.0,True,True,False,True,football|NFL|2020-12-26|ARI|SF
nflverse,football,NFL,2020-12-26,LV,MIA,25.0,26.0,113.0,,-125.0,True,True,False,True,football|NFL|2020-12-26|LV|MIA
nflverse,football,NFL,2020-12-27,BAL,NYG,27.0,13.0,-420.0,,348.0,True,True,False,True,football|NFL|2020-12-27|BAL|NYG
nflverse,football,NFL,2020-12-27,HOU,CIN,31.0,37.0,-324.0,,276.0,True,True,False,True,football|NFL|2020-12-27|HOU|CIN
nflverse,football,NFL,2020-12-27,JAX,CHI,17.0,41.0,370.0,,-452.0,True,True,False,True,football|NFL|2020-12-27|JAX|CHI
nflverse,football,NFL,2020-12-27,KC,ATL,17.0,14.0,-508.0,,409.0,True,True,False,True,football|NFL|2020-12-27|KC|ATL
nflverse,football,NFL,2020-12-27,NYJ,CLE,23.0,16.0,260.0,,-303.0,True,True,False,True,football|NFL|2020-12-27|NYJ|CLE
nflverse,football,NFL,2020-12-27,PIT,IND,28.0,24.0,-104.0,,-106.0,True,True,False,True,football|NFL|2020-12-27|PIT|IND
nflverse,football,NFL,2020-12-27,LAC,DEN,19.0,16.0,-125.0,,113.0,True,True,False,True,football|NFL|2020-12-27|LAC|DEN
nflverse,football,NFL,2020-12-27,WAS,CAR,13.0,20.0,102.0,,-112.0,True,True,False,True,football|NFL|2020-12-27|WAS|CAR
nflverse,football,NFL,2020-12-27,DAL,PHI,37.0,17.0,149.0,,-166.0,True,True,False,True,football|NFL|2020-12-27|DAL|PHI
nflverse,football,NFL,2020-12-27,SEA,LA,20.0,9.0,-127.0,,115.0,True,True,False,True,football|NFL|2020-12-27|SEA|LA
nflverse,football,NFL,2020-12-27,GB,TEN,40.0,14.0,-177.0,,159.0,True,True,False,True,football|NFL|2020-12-27|GB|TEN
nflverse,football,NFL,2020-12-28,NE,BUF,9.0,38.0,268.0,,-313.0,True,True,False,True,football|NFL|2020-12-28|NE|BUF
nflverse,football,NFL,2021-01-03,BUF,MIA,56.0,26.0,138.0,,-153.0,True,True,False,True,football|NFL|2021-01-03|BUF|MIA
nflverse,football,NFL,2021-01-03,CIN,BAL,3.0,38.0,597.0,,-799.0,True,True,False,True,football|NFL|2021-01-03|CIN|BAL
nflverse,football,NFL,2021-01-03,CLE,PIT,24.0,22.0,-460.0,,376.0,True,True,False,True,football|NFL|2021-01-03|CLE|PIT
nflverse,football,NFL,2021-01-03,DET,MIN,35.0,37.0,145.0,,-161.0,True,True,False,True,football|NFL|2021-01-03|DET|MIN
nflverse,football,NFL,2021-01-03,NE,NYJ,28.0,14.0,-161.0,,145.0,True,True,False,True,football|NFL|2021-01-03|NE|NYJ
nflverse,football,NFL,2021-01-03,NYG,DAL,23.0,19.0,109.0,,-121.0,True,True,False,True,football|NFL|2021-01-03|NYG|DAL
nflverse,football,NFL,2021-01-03,TB,ATL,44.0,27.0,-323.0,,276.0,True,True,False,True,football|NFL|2021-01-03|TB|ATL
nflverse,football,NFL,2021-01-03,CAR,NO,7.0,33.0,219.0,,-250.0,True,True,False,True,football|NFL|2021-01-03|CAR|NO
nflverse,football,NFL,2021-01-03,CHI,GB,16.0,35.0,184.0,,-207.0,True,True,False,True,football|NFL|2021-01-03|CHI|GB
nflverse,football,NFL,2021-01-03,DEN,LV,31.0,32.0,130.0,,-144.0,True,True,False,True,football|NFL|2021-01-03|DEN|LV
nflverse,football,NFL,2021-01-03,HOU,TEN,38.0,41.0,259.0,,-301.0,True,True,False,True,football|NFL|2021-01-03|HOU|TEN
nflverse,football,NFL,2021-01-03,IND,JAX,28.0,14.0,-1350.0,,906.0,True,True,False,True,football|NFL|2021-01-03|IND|JAX
nflverse,football,NFL,2021-01-03,KC,LAC,21.0,38.0,244.0,,-282.0,True,True,False,True,football|NFL|2021-01-03|KC|LAC
nflverse,football,NFL,2021-01-03,LA,ARI,18.0,7.0,-125.0,,113.0,True,True,False,True,football|NFL|2021-01-03|LA|ARI
nflverse,football,NFL,2021-01-03,SF,SEA,23.0,26.0,266.0,,-310.0,True,True,False,True,football|NFL|2021-01-03|SF|SEA
nflverse,football,NFL,2021-01-03,PHI,WAS,14.0,20.0,245.0,,-283.0,True,True,False,True,football|NFL|2021-01-03|PHI|WAS
nflverse,football,NFL,2021-01-09,BUF,IND,27.0,24.0,-325.0,,277.0,True,True,False,True,football|NFL|2021-01-09|BUF|IND
nflverse,football,NFL,2021-01-09,SEA,LA,20.0,30.0,-172.0,,154.0,True,True,False,True,football|NFL|2021-01-09|SEA|LA
nflverse,football,NFL,2021-01-09,WAS,TB,23.0,31.0,373.0,,-456.0,True,True,False,True,football|NFL|2021-01-09|WAS|TB
nflverse,football,NFL,2021-01-10,TEN,BAL,13.0,20.0,163.0,,-182.0,True,True,False,True,football|NFL|2021-01-10|TEN|BAL
nflverse,football,NFL,2021-01-10,NO,CHI,21.0,9.0,-558.0,,443.0,True,True,False,True,football|NFL|2021-01-10|NO|CHI
nflverse,football,NFL,2021-01-10,PIT,CLE,37.0,48.0,-239.0,,210.0,True,True,False,True,football|NFL|2021-01-10|PIT|CLE
nflverse,football,NFL,2021-01-16,GB,LA,32.0,18.0,-351.0,,296.0,True,True,False,True,football|NFL|2021-01-16|GB|LA
nflverse,football,NFL,2021-01-16,BUF,BAL,17.0,3.0,-137.0,,124.0,True,True,False,True,football|NFL|2021-01-16|BUF|BAL
nflverse,football,NFL,2021-01-17,KC,CLE,22.0,17.0,-376.0,,316.0,True,True,False,True,football|NFL|2021-01-17|KC|CLE
nflverse,football,NFL,2021-01-17,NO,TB,20.0,30.0,-133.0,,120.0,True,True,False,True,football|NFL|2021-01-17|NO|TB
nflverse,football,NFL,2021-01-24,GB,TB,26.0,31.0,-176.0,,157.0,True,True,False,True,football|NFL|2021-01-24|GB|TB
nflverse,football,NFL,2021-01-24,KC,BUF,38.0,24.0,-158.0,,142.0,True,True,False,True,football|NFL|2021-01-24|KC|BUF
nflverse,football,NFL,2021-02-07,TB,KC,31.0,9.0,145.0,,-161.0,True,True,False,True,football|NFL|2021-02-07|TB|KC
nflverse,football,NFL,2021-09-09,TB,DAL,31.0,29.0,-425.0,,351.0,True,True,False,True,football|NFL|2021-09-09|TB|DAL
nflverse,football,NFL,2021-09-12,ATL,PHI,6.0,32.0,-180.0,,161.0,True,True,False,True,football|NFL|2021-09-12|ATL|PHI
nflverse,football,NFL,2021-09-12,BUF,PIT,16.0,23.0,-267.0,,232.0,True,True,False,True,football|NFL|2021-09-12|BUF|PIT
nflverse,football,NFL,2021-09-12,CAR,NYJ,19.0,14.0,-184.0,,164.0,True,True,False,True,football|NFL|2021-09-12|CAR|NYJ
nflverse,football,NFL,2021-09-12,CIN,MIN,27.0,24.0,122.0,,-135.0,True,True,False,True,football|NFL|2021-09-12|CIN|MIN
nflverse,football,NFL,2021-09-12,DET,SF,33.0,41.0,344.0,,-415.0,True,True,False,True,football|NFL|2021-09-12|DET|SF
nflverse,football,NFL,2021-09-12,HOU,JAX,37.0,21.0,154.0,,-172.0,True,True,False,True,football|NFL|2021-09-12|HOU|JAX
nflverse,football,NFL,2021-09-12,IND,SEA,16.0,28.0,132.0,,-146.0,True,True,False,True,football|NFL|2021-09-12|IND|SEA
nflverse,football,NFL,2021-09-12,TEN,ARI,13.0,38.0,-146.0,,131.0,True,True,False,True,football|NFL|2021-09-12|TEN|ARI
nflverse,football,NFL,2021-09-12,WAS,LAC,16.0,20.0,-129.0,,117.0,True,True,False,True,football|NFL|2021-09-12|WAS|LAC
nflverse,football,NFL,2021-09-12,KC,CLE,33.0,29.0,-241.0,,211.0,True,True,False,True,football|NFL|2021-09-12|KC|CLE
nflverse,football,NFL,2021-09-12,NE,MIA,16.0,17.0,-173.0,,155.0,True,True,False,True,football|NFL|2021-09-12|NE|MIA
nflverse,football,NFL,2021-09-12,NO,GB,38.0,3.0,162.0,,-181.0,True,True,False,True,football|NFL|2021-09-12|NO|GB
nflverse,football,NFL,2021-09-12,NYG,DEN,13.0,27.0,125.0,,-139.0,True,True,False,True,football|NFL|2021-09-12|NYG|DEN
nflverse,football,NFL,2021-09-12,LA,CHI,34.0,14.0,-387.0,,324.0,True,True,False,True,football|NFL|2021-09-12|LA|CHI
nflverse,football,NFL,2021-09-13,LV,BAL,33.0,27.0,149.0,,-167.0,True,True,False,True,football|NFL|2021-09-13|LV|BAL
nflverse,football,NFL,2021-09-16,WAS,NYG,30.0,29.0,-198.0,,176.0,True,True,False,True,football|NFL|2021-09-16|WAS|NYG
nflverse,football,NFL,2021-09-19,CAR,NO,26.0,7.0,131.0,,-145.0,True,True,False,True,football|NFL|2021-09-19|CAR|NO
nflverse,football,NFL,2021-09-19,CHI,CIN,20.0,17.0,-126.0,,114.0,True,True,False,True,football|NFL|2021-09-19|CHI|CIN
nflverse,football,NFL,2021-09-19,CLE,HOU,31.0,21.0,-675.0,,521.0,True,True,False,True,football|NFL|2021-09-19|CLE|HOU
nflverse,football,NFL,2021-09-19,IND,LA,24.0,27.0,182.0,,-205.0,True,True,False,True,football|NFL|2021-09-19|IND|LA
nflverse,football,NFL,2021-09-19,JAX,DEN,13.0,23.0,211.0,,-241.0,True,True,False,True,football|NFL|2021-09-19|JAX|DEN
nflverse,football,NFL,2021-09-19,MIA,BUF,0.0,35.0,160.0,,-179.0,True,True,False,True,football|NFL|2021-09-19|MIA|BUF
nflverse,football,NFL,2021-09-19,NYJ,NE,6.0,25.0,207.0,,-235.0,True,True,False,True,football|NFL|2021-09-19|NYJ|NE
nflverse,football,NFL,2021-09-19,PHI,SF,11.0,17.0,130.0,,-144.0,True,True,False,True,football|NFL|2021-09-19|PHI|SF
nflverse,football,NFL,2021-09-19,PIT,LV,17.0,26.0,-228.0,,201.0,True,True,False,True,football|NFL|2021-09-19|PIT|LV
nflverse,football,NFL,2021-09-19,ARI,MIN,34.0,33.0,-191.0,,170.0,True,True,False,True,football|NFL|2021-09-19|ARI|MIN
nflverse,football,NFL,2021-09-19,TB,ATL,48.0,25.0,-772.0,,582.0,True,True,False,True,football|NFL|2021-09-19|TB|ATL
nflverse,football,NFL,2021-09-19,LAC,DAL,17.0,20.0,-150.0,,135.0,True,True,False,True,football|NFL|2021-09-19|LAC|DAL
nflverse,football,NFL,2021-09-19,SEA,TEN,30.0,33.0,-286.0,,247.0,True,True,False,True,football|NFL|2021-09-19|SEA|TEN
nflverse,football,NFL,2021-09-19,BAL,KC,36.0,35.0,153.0,,-171.0,True,True,False,True,football|NFL|2021-09-19|BAL|KC
nflverse,football,NFL,2021-09-20,GB,DET,35.0,17.0,-494.0,,400.0,True,True,False,True,football|NFL|2021-09-20|GB|DET
nflverse,football,NFL,2021-09-23,HOU,CAR,9.0,24.0,348.0,,-420.0,True,True,False,True,football|NFL|2021-09-23|HOU|CAR
nflverse,football,NFL,2021-09-26,BUF,WAS,43.0,21.0,-330.0,,281.0,True,True,False,True,football|NFL|2021-09-26|BUF|WAS
nflverse,football,NFL,2021-09-26,CLE,CHI,26.0,6.0,-375.0,,315.0,True,True,False,True,football|NFL|2021-09-26|CLE|CHI
nflverse,football,NFL,2021-09-26,DET,BAL,17.0,19.0,292.0,,-344.0,True,True,False,True,football|NFL|2021-09-26|DET|BAL
nflverse,football,NFL,2021-09-26,JAX,ARI,19.0,31.0,304.0,,-360.0,True,True,False,True,football|NFL|2021-09-26|JAX|ARI
nflverse,football,NFL,2021-09-26,KC,LAC,24.0,30.0,-273.0,,237.0,True,True,False,True,football|NFL|2021-09-26|KC|LAC
nflverse,football,NFL,2021-09-26,NE,NO,13.0,28.0,-144.0,,130.0,True,True,False,True,football|NFL|2021-09-26|NE|NO
nflverse,football,NFL,2021-09-26,NYG,ATL,14.0,17.0,-143.0,,129.0,True,True,False,True,football|NFL|2021-09-26|NYG|ATL
nflverse,football,NFL,2021-09-26,PIT,CIN,10.0,24.0,-140.0,,126.0,True,True,False,True,football|NFL|2021-09-26|PIT|CIN
nflverse,football,NFL,2021-09-26,TEN,IND,25.0,16.0,-196.0,,175.0,True,True,False,True,football|NFL|2021-09-26|TEN|IND
nflverse,football,NFL,2021-09-26,DEN,NYJ,26.0,0.0,-597.0,,470.0,True,True,False,True,football|NFL|2021-09-26|DEN|NYJ
nflverse,football,NFL,2021-09-26,LV,MIA,31.0,28.0,-194.0,,173.0,True,True,False,True,football|NFL|2021-09-26|LV|MIA
nflverse,football,NFL,2021-09-26,LA,TB,34.0,24.0,-104.0,,-106.0,True,True,False,True,football|NFL|2021-09-26|LA|TB
nflverse,football,NFL,2021-09-26,MIN,SEA,30.0,17.0,109.0,,-120.0,True,True,False,True,football|NFL|2021-09-26|MIN|SEA
nflverse,football,NFL,2021-09-26,SF,GB,28.0,30.0,-179.0,,160.0,True,True,False,True,football|NFL|2021-09-26|SF|GB
nflverse,football,NFL,2021-09-27,DAL,PHI,41.0,21.0,-189.0,,168.0,True,True,False,True,football|NFL|2021-09-27|DAL|PHI
nflverse,football,NFL,2021-09-30,CIN,JAX,24.0,21.0,-373.0,,313.0,True,True,False,True,football|NFL|2021-09-30|CIN|JAX
nflverse,football,NFL,2021-10-03,ATL,WAS,30.0,34.0,106.0,,-117.0,True,True,False,True,football|NFL|2021-10-03|ATL|WAS
nflverse,football,NFL,2021-10-03,BUF,HOU,40.0,0.0,-1500.0,,988.0,True,True,False,True,football|NFL|2021-10-03|BUF|HOU
nflverse,football,NFL,2021-10-03,CHI,DET,24.0,14.0,-148.0,,134.0,True,True,False,True,football|NFL|2021-10-03|CHI|DET
nflverse,football,NFL,2021-10-03,DAL,CAR,36.0,28.0,-210.0,,186.0,True,True,False,True,football|NFL|2021-10-03|DAL|CAR
nflverse,football,NFL,2021-10-03,MIA,IND,17.0,27.0,-144.0,,130.0,True,True,False,True,football|NFL|2021-10-03|MIA|IND
nflverse,football,NFL,2021-10-03,MIN,CLE,7.0,14.0,-106.0,,-105.0,True,True,False,True,football|NFL|2021-10-03|MIN|CLE
nflverse,football,NFL,2021-10-03,NO,NYG,21.0,27.0,-337.0,,286.0,True,True,False,True,football|NFL|2021-10-03|NO|NYG
nflverse,football,NFL,2021-10-03,NYJ,TEN,27.0,24.0,206.0,,-234.0,True,True,False,True,football|NFL|2021-10-03|NYJ|TEN
nflverse,football,NFL,2021-10-03,PHI,KC,30.0,42.0,296.0,,-349.0,True,True,False,True,football|NFL|2021-10-03|PHI|KC
nflverse,football,NFL,2021-10-03,LA,ARI,20.0,37.0,-200.0,,178.0,True,True,False,True,football|NFL|2021-10-03|LA|ARI
nflverse,football,NFL,2021-10-03,SF,SEA,21.0,28.0,-133.0,,120.0,True,True,False,True,football|NFL|2021-10-03|SF|SEA
nflverse,football,NFL,2021-10-03,DEN,BAL,7.0,23.0,-118.0,,107.0,True,True,False,True,football|NFL|2021-10-03|DEN|BAL
nflverse,football,NFL,2021-10-03,GB,PIT,27.0,17.0,-276.0,,239.0,True,True,False,True,football|NFL|2021-10-03|GB|PIT
nflverse,football,NFL,2021-10-03,NE,TB,17.0,19.0,223.0,,-255.0,True,True,False,True,football|NFL|2021-10-03|NE|TB
nflverse,football,NFL,2021-10-04,LAC,LV,28.0,14.0,-161.0,,144.0,True,True,False,True,football|NFL|2021-10-04|LAC|LV
nflverse,football,NFL,2021-10-07,SEA,LA,17.0,26.0,122.0,,-135.0,True,True,False,True,football|NFL|2021-10-07|SEA|LA
nflverse,football,NFL,2021-10-10,ATL,NYJ,27.0,20.0,-153.0,,138.0,True,True,False,True,football|NFL|2021-10-10|ATL|NYJ
nflverse,football,NFL,2021-10-10,CAR,PHI,18.0,21.0,-139.0,,126.0,True,True,False,True,football|NFL|2021-10-10|CAR|PHI
nflverse,football,NFL,2021-10-10,CIN,GB,22.0,25.0,111.0,,-123.0,True,True,False,True,football|NFL|2021-10-10|CIN|GB
nflverse,football,NFL,2021-10-10,HOU,NE,22.0,25.0,288.0,,-339.0,True,True,False,True,football|NFL|2021-10-10|HOU|NE
nflverse,football,NFL,2021-10-10,JAX,TEN,19.0,37.0,170.0,,-191.0,True,True,False,True,football|NFL|2021-10-10|JAX|TEN
nflverse,football,NFL,2021-10-10,MIN,DET,19.0,17.0,-418.0,,346.0,True,True,False,True,football|NFL|2021-10-10|MIN|DET
nflverse,football,NFL,2021-10-10,PIT,DEN,27.0,19.0,113.0,,-124.0,True,True,False,True,football|NFL|2021-10-10|PIT|DEN
nflverse,football,NFL,2021-10-10,TB,MIA,45.0,17.0,-564.0,,448.0,True,True,False,True,football|NFL|2021-10-10|TB|MIA
nflverse,football,NFL,2021-10-10,WAS,NO,22.0,33.0,117.0,,-130.0,True,True,False,True,football|NFL|2021-10-10|WAS|NO
nflverse,football,NFL,2021-10-10,LAC,CLE,47.0,42.0,-129.0,,117.0,True,True,False,True,football|NFL|2021-10-10|LAC|CLE
nflverse,football,NFL,2021-10-10,LV,CHI,9.0,20.0,-245.0,,215.0,True,True,False,True,football|NFL|2021-10-10|LV|CHI
nflverse,football,NFL,2021-10-10,ARI,SF,17.0,10.0,-266.0,,231.0,True,True,False,True,football|NFL|2021-10-10|ARI|SF
nflverse,football,NFL,2021-10-10,DAL,NYG,44.0,20.0,-335.0,,285.0,True,True,False,True,football|NFL|2021-10-10|DAL|NYG
nflverse,football,NFL,2021-10-10,KC,BUF,20.0,38.0,-134.0,,121.0,True,True,False,True,football|NFL|2021-10-10|KC|BUF
nflverse,football,NFL,2021-10-11,BAL,IND,31.0,25.0,-356.0,,301.0,True,True,False,True,football|NFL|2021-10-11|BAL|IND
nflverse,football,NFL,2021-10-14,PHI,TB,22.0,28.0,238.0,,-274.0,True,True,False,True,football|NFL|2021-10-14|PHI|TB
nflverse,football,NFL,2021-10-17,JAX,MIA,23.0,20.0,110.0,,-122.0,True,True,False,True,football|NFL|2021-10-17|JAX|MIA
nflverse,football,NFL,2021-10-17,BAL,LAC,34.0,6.0,-166.0,,149.0,True,True,False,True,football|NFL|2021-10-17|BAL|LAC
nflverse,football,NFL,2021-10-17,CAR,MIN,28.0,34.0,121.0,,-134.0,True,True,False,True,football|NFL|2021-10-17|CAR|MIN
nflverse,football,NFL,2021-10-17,CHI,GB,14.0,24.0,201.0,,-228.0,True,True,False,True,football|NFL|2021-10-17|CHI|GB
nflverse,football,NFL,2021-10-17,DET,CIN,11.0,34.0,171.0,,-192.0,True,True,False,True,football|NFL|2021-10-17|DET|CIN
nflverse,football,NFL,2021-10-17,IND,HOU,31.0,3.0,-442.0,,363.0,True,True,False,True,football|NFL|2021-10-17|IND|HOU
nflverse,football,NFL,2021-10-17,NYG,LA,11.0,38.0,280.0,,-328.0,True,True,False,True,football|NFL|2021-10-17|NYG|LA
nflverse,football,NFL,2021-10-17,WAS,KC,13.0,31.0,223.0,,-255.0,True,True,False,True,football|NFL|2021-10-17|WAS|KC
nflverse,football,NFL,2021-10-17,CLE,ARI,14.0,37.0,-143.0,,129.0,True,True,False,True,football|NFL|2021-10-17|CLE|ARI
nflverse,football,NFL,2021-10-17,DEN,LV,24.0,34.0,-205.0,,182.0,True,True,False,True,football|NFL|2021-10-17|DEN|LV
nflverse,football,NFL,2021-10-17,NE,DAL,29.0,35.0,169.0,,-189.0,True,True,False,True,football|NFL|2021-10-17|NE|DAL
nflverse,football,NFL,2021-10-17,PIT,SEA,23.0,20.0,-213.0,,189.0,True,True,False,True,football|NFL|2021-10-17|PIT|SEA
nflverse,football,NFL,2021-10-18,TEN,BUF,34.0,31.0,210.0,,-239.0,True,True,False,True,football|NFL|2021-10-18|TEN|BUF
nflverse,football,NFL,2021-10-21,CLE,DEN,17.0,14.0,-121.0,,110.0,True,True,False,True,football|NFL|2021-10-21|CLE|DEN
nflverse,football,NFL,2021-10-24,BAL,CIN,17.0,41.0,-272.0,,236.0,True,True,False,True,football|NFL|2021-10-24|BAL|CIN
nflverse,football,NFL,2021-10-24,GB,WAS,24.0,10.0,-397.0,,331.0,True,True,False,True,football|NFL|2021-10-24|GB|WAS
nflverse,football,NFL,2021-10-24,MIA,ATL,28.0,30.0,117.0,,-129.0,True,True,False,True,football|NFL|2021-10-24|MIA|ATL
nflverse,football,NFL,2021-10-24,NE,NYJ,54.0,13.0,-303.0,,261.0,True,True,False,True,football|NFL|2021-10-24|NE|NYJ
nflverse,football,NFL,2021-10-24,NYG,CAR,25.0,3.0,139.0,,-154.0,True,True,False,True,football|NFL|2021-10-24|NYG|CAR
nflverse,football,NFL,2021-10-24,TEN,KC,27.0,3.0,185.0,,-209.0,True,True,False,True,football|NFL|2021-10-24|TEN|KC
nflverse,football,NFL,2021-10-24,LA,DET,28.0,19.0,-1256.0,,860.0,True,True,False,True,football|NFL|2021-10-24|LA|DET
nflverse,football,NFL,2021-10-24,LV,PHI,33.0,22.0,-108.0,,-102.0,True,True,False,True,football|NFL|2021-10-24|LV|PHI
nflverse,football,NFL,2021-10-24,ARI,HOU,31.0,5.0,-1766.0,,1119.0,True,True,False,True,football|NFL|2021-10-24|ARI|HOU
nflverse,football,NFL,2021-10-24,TB,CHI,38.0,3.0,-644.0,,501.0,True,True,False,True,football|NFL|2021-10-24|TB|CHI
nflverse,football,NFL,2021-10-24,SF,IND,18.0,30.0,-169.0,,152.0,True,True,False,True,football|NFL|2021-10-24|SF|IND
nflverse,football,NFL,2021-10-25,SEA,NO,10.0,13.0,208.0,,-237.0,True,True,False,True,football|NFL|2021-10-25|SEA|NO
nflverse,football,NFL,2021-10-28,ARI,GB,21.0,24.0,-279.0,,242.0,True,True,False,True,football|NFL|2021-10-28|ARI|GB
nflverse,football,NFL,2021-10-31,ATL,CAR,13.0,19.0,-129.0,,117.0,True,True,False,True,football|NFL|2021-10-31|ATL|CAR
nflverse,football,NFL,2021-10-31,BUF,MIA,26.0,11.0,-983.0,,709.0,True,True,False,True,football|NFL|2021-10-31|BUF|MIA
nflverse,football,NFL,2021-10-31,CHI,SF,22.0,33.0,186.0,,-210.0,True,True,False,True,football|NFL|2021-10-31|CHI|SF
nflverse,football,NFL,2021-10-31,CLE,PIT,10.0,15.0,-222.0,,196.0,True,True,False,True,football|NFL|2021-10-31|CLE|PIT
nflverse,football,NFL,2021-10-31,DET,PHI,6.0,44.0,151.0,,-168.0,True,True,False,True,football|NFL|2021-10-31|DET|PHI
nflverse,football,NFL,2021-10-31,HOU,LA,22.0,38.0,724.0,,-1010.0,True,True,False,True,football|NFL|2021-10-31|HOU|LA
nflverse,football,NFL,2021-10-31,IND,TEN,31.0,34.0,-160.0,,144.0,True,True,False,True,football|NFL|2021-10-31|IND|TEN
nflverse,football,NFL,2021-10-31,NYJ,CIN,34.0,31.0,411.0,,-510.0,True,True,False,True,football|NFL|2021-10-31|NYJ|CIN
nflverse,football,NFL,2021-10-31,LAC,NE,24.0,27.0,-183.0,,163.0,True,True,False,True,football|NFL|2021-10-31|LAC|NE
nflverse,football,NFL,2021-10-31,SEA,JAX,31.0,7.0,-192.0,,171.0,True,True,False,True,football|NFL|2021-10-31|SEA|JAX
nflverse,football,NFL,2021-10-31,DEN,WAS,17.0,10.0,-191.0,,170.0,True,True,False,True,football|NFL|2021-10-31|DEN|WAS
nflverse,football,NFL,2021-10-31,NO,TB,36.0,27.0,168.0,,-188.0,True,True,False,True,football|NFL|2021-10-31|NO|TB
nflverse,football,NFL,2021-10-31,MIN,DAL,16.0,20.0,-219.0,,193.0,True,True,False,True,football|NFL|2021-10-31|MIN|DAL
nflverse,football,NFL,2021-11-01,KC,NYG,20.0,17.0,-530.0,,425.0,True,True,False,True,football|NFL|2021-11-01|KC|NYG
nflverse,football,NFL,2021-11-04,IND,NYJ,45.0,30.0,-509.0,,410.0,True,True,False,True,football|NFL|2021-11-04|IND|NYJ
nflverse,football,NFL,2021-11-07,BAL,MIN,34.0,31.0,-305.0,,262.0,True,True,False,True,football|NFL|2021-11-07|BAL|MIN
nflverse,football,NFL,2021-11-07,CAR,NE,6.0,24.0,157.0,,-176.0,True,True,False,True,football|NFL|2021-11-07|CAR|NE
nflverse,football,NFL,2021-11-07,CIN,CLE,16.0,41.0,-129.0,,117.0,True,True,False,True,football|NFL|2021-11-07|CIN|CLE
nflverse,football,NFL,2021-11-07,DAL,DEN,16.0,30.0,-462.0,,378.0,True,True,False,True,football|NFL|2021-11-07|DAL|DEN
nflverse,football,NFL,2021-11-07,JAX,BUF,9.0,6.0,776.0,,-1101.0,True,True,False,True,football|NFL|2021-11-07|JAX|BUF
nflverse,football,NFL,2021-11-07,MIA,HOU,17.0,9.0,-185.0,,166.0,True,True,False,True,football|NFL|2021-11-07|MIA|HOU
nflverse,football,NFL,2021-11-07,NO,ATL,25.0,27.0,-277.0,,240.0,True,True,False,True,football|NFL|2021-11-07|NO|ATL
nflverse,football,NFL,2021-11-07,NYG,LV,23.0,16.0,137.0,,-152.0,True,True,False,True,football|NFL|2021-11-07|NYG|LV
nflverse,football,NFL,2021-11-07,PHI,LAC,24.0,27.0,-104.0,,-106.0,True,True,False,True,football|NFL|2021-11-07|PHI|LAC
nflverse,football,NFL,2021-11-07,KC,GB,13.0,7.0,-322.0,,275.0,True,True,False,True,football|NFL|2021-11-07|KC|GB
nflverse,football,NFL,2021-11-07,SF,ARI,17.0,31.0,-235.0,,207.0,True,True,False,True,football|NFL|2021-11-07|SF|ARI
nflverse,football,NFL,2021-11-07,LA,TEN,16.0,28.0,-350.0,,296.0,True,True,False,True,football|NFL|2021-11-07|LA|TEN
nflverse,football,NFL,2021-11-08,PIT,CHI,29.0,27.0,-306.0,,263.0,True,True,False,True,football|NFL|2021-11-08|PIT|CHI
nflverse,football,NFL,2021-11-11,MIA,BAL,22.0,10.0,326.0,,-390.0,True,True,False,True,football|NFL|2021-11-11|MIA|BAL
nflverse,football,NFL,2021-11-14,DAL,ATL,43.0,3.0,-392.0,,328.0,True,True,False,True,football|NFL|2021-11-14|DAL|ATL
nflverse,football,NFL,2021-11-14,IND,JAX,23.0,17.0,-434.0,,358.0,True,True,False,True,football|NFL|2021-11-14|IND|JAX
nflverse,football,NFL,2021-11-14,NE,CLE,45.0,7.0,-132.0,,119.0,True,True,False,True,football|NFL|2021-11-14|NE|CLE
nflverse,football,NFL,2021-11-14,NYJ,BUF,17.0,45.0,527.0,,-685.0,True,True,False,True,football|NFL|2021-11-14|NYJ|BUF
nflverse,football,NFL,2021-11-14,PIT,DET,16.0,16.0,-359.0,,303.0,True,True,False,True,football|NFL|2021-11-14|PIT|DET
nflverse,football,NFL,2021-11-14,TEN,NO,23.0,21.0,-147.0,,133.0,True,True,False,True,football|NFL|2021-11-14|TEN|NO
nflverse,football,NFL,2021-11-14,WAS,TB,29.0,19.0,359.0,,-435.0,True,True,False,True,football|NFL|2021-11-14|WAS|TB
nflverse,football,NFL,2021-11-14,ARI,CAR,10.0,34.0,-329.0,,280.0,True,True,False,True,football|NFL|2021-11-14|ARI|CAR
nflverse,football,NFL,2021-11-14,LAC,MIN,20.0,27.0,-179.0,,160.0,True,True,False,True,football|NFL|2021-11-14|LAC|MIN
nflverse,football,NFL,2021-11-14,DEN,PHI,13.0,30.0,-111.0,,101.0,True,True,False,True,football|NFL|2021-11-14|DEN|PHI
nflverse,football,NFL,2021-11-14,GB,SEA,17.0,0.0,-168.0,,151.0,True,True,False,True,football|NFL|2021-11-14|GB|SEA
nflverse,football,NFL,2021-11-14,LV,KC,14.0,41.0,133.0,,-147.0,True,True,False,True,football|NFL|2021-11-14|LV|KC
nflverse,football,NFL,2021-11-15,SF,LA,31.0,10.0,158.0,,-177.0,True,True,False,True,football|NFL|2021-11-15|SF|LA
nflverse,football,NFL,2021-11-18,ATL,NE,0.0,25.0,280.0,,-329.0,True,True,False,True,football|NFL|2021-11-18|ATL|NE
nflverse,football,NFL,2021-11-21,BUF,IND,15.0,41.0,-320.0,,274.0,True,True,False,True,football|NFL|2021-11-21|BUF|IND
nflverse,football,NFL,2021-11-21,CAR,WAS,21.0,27.0,-172.0,,154.0,True,True,False,True,football|NFL|2021-11-21|CAR|WAS
nflverse,football,NFL,2021-11-21,CHI,BAL,13.0,16.0,199.0,,-226.0,True,True,False,True,football|NFL|2021-11-21|CHI|BAL
nflverse,football,NFL,2021-11-21,CLE,DET,13.0,10.0,-590.0,,465.0,True,True,False,True,football|NFL|2021-11-21|CLE|DET
nflverse,football,NFL,2021-11-21,JAX,SF,10.0,30.0,243.0,,-281.0,True,True,False,True,football|NFL|2021-11-21|JAX|SF
nflverse,football,NFL,2021-11-21,MIN,GB,34.0,31.0,101.0,,-111.0,True,True,False,True,football|NFL|2021-11-21|MIN|GB
nflverse,football,NFL,2021-11-21,NYJ,MIA,17.0,24.0,162.0,,-181.0,True,True,False,True,football|NFL|2021-11-21|NYJ|MIA
nflverse,football,NFL,2021-11-21,PHI,NO,40.0,29.0,-144.0,,130.0,True,True,False,True,football|NFL|2021-11-21|PHI|NO
nflverse,football,NFL,2021-11-21,TEN,HOU,13.0,22.0,-462.0,,377.0,True,True,False,True,football|NFL|2021-11-21|TEN|HOU
nflverse,football,NFL,2021-11-21,LV,CIN,13.0,32.0,112.0,,-123.0,True,True,False,True,football|NFL|2021-11-21|LV|CIN
nflverse,football,NFL,2021-11-21,KC,DAL,19.0,9.0,-134.0,,122.0,True,True,False,True,football|NFL|2021-11-21|KC|DAL
nflverse,football,NFL,2021-11-21,SEA,ARI,13.0,23.0,-150.0,,135.0,True,True,False,True,football|NFL|2021-11-21|SEA|ARI
nflverse,football,NFL,2021-11-21,LAC,PIT,41.0,37.0,-251.0,,220.0,True,True,False,True,football|NFL|2021-11-21|LAC|PIT
nflverse,football,NFL,2021-11-22,TB,NYG,30.0,10.0,-527.0,,423.0,True,True,False,True,football|NFL|2021-11-22|TB|NYG
nflverse,football,NFL,2021-11-25,DET,CHI,14.0,16.0,115.0,,-129.0,True,True,False,True,football|NFL|2021-11-25|DET|CHI
nflverse,football,NFL,2021-11-25,DAL,LV,33.0,36.0,-314.0,,269.0,True,True,False,True,football|NFL|2021-11-25|DAL|LV
nflverse,football,NFL,2021-11-25,NO,BUF,6.0,31.0,235.0,,-270.0,True,True,False,True,football|NFL|2021-11-25|NO|BUF
nflverse,football,NFL,2021-11-28,CIN,PIT,41.0,10.0,-172.0,,154.0,True,True,False,True,football|NFL|2021-11-28|CIN|PIT
nflverse,football,NFL,2021-11-28,HOU,NYJ,14.0,21.0,-138.0,,125.0,True,True,False,True,football|NFL|2021-11-28|HOU|NYJ
nflverse,football,NFL,2021-11-28,IND,TB,31.0,38.0,135.0,,-149.0,True,True,False,True,football|NFL|2021-11-28|IND|TB
nflverse,football,NFL,2021-11-28,JAX,ATL,14.0,21.0,105.0,,-115.0,True,True,False,True,football|NFL|2021-11-28|JAX|ATL
nflverse,football,NFL,2021-11-28,MIA,CAR,33.0,10.0,108.0,,-119.0,True,True,False,True,football|NFL|2021-11-28|MIA|CAR
nflverse,football,NFL,2021-11-28,NE,TEN,36.0,13.0,-305.0,,262.0,True,True,False,True,football|NFL|2021-11-28|NE|TEN
nflverse,football,NFL,2021-11-28,NYG,PHI,13.0,7.0,171.0,,-192.0,True,True,False,True,football|NFL|2021-11-28|NYG|PHI
nflverse,football,NFL,2021-11-28,DEN,LAC,28.0,13.0,127.0,,-141.0,True,True,False,True,football|NFL|2021-11-28|DEN|LAC
nflverse,football,NFL,2021-11-28,GB,LA,36.0,28.0,108.0,,-120.0,True,True,False,True,football|NFL|2021-11-28|GB|LA
nflverse,football,NFL,2021-11-28,SF,MIN,34.0,26.0,-183.0,,164.0,True,True,False,True,football|NFL|2021-11-28|SF|MIN
nflverse,football,NFL,2021-11-28,BAL,CLE,16.0,10.0,-156.0,,140.0,True,True,False,True,football|NFL|2021-11-28|BAL|CLE
nflverse,football,NFL,2021-11-29,WAS,SEA,17.0,15.0,116.0,,-128.0,True,True,False,True,football|NFL|2021-11-29|WAS|SEA
nflverse,football,NFL,2021-12-02,NO,DAL,17.0,27.0,222.0,,-254.0,True,True,False,True,football|NFL|2021-12-02|NO|DAL
nflverse,football,NFL,2021-12-05,ATL,TB,17.0,30.0,387.0,,-475.0,True,True,False,True,football|NFL|2021-12-05|ATL|TB
nflverse,football,NFL,2021-12-05,CHI,ARI,22.0,33.0,314.0,,-373.0,True,True,False,True,football|NFL|2021-12-05|CHI|ARI
nflverse,football,NFL,2021-12-05,CIN,LAC,22.0,41.0,-141.0,,127.0,True,True,False,True,football|NFL|2021-12-05|CIN|LAC
nflverse,football,NFL,2021-12-05,DET,MIN,29.0,27.0,255.0,,-296.0,True,True,False,True,football|NFL|2021-12-05|DET|MIN
nflverse,football,NFL,2021-12-05,HOU,IND,0.0,31.0,339.0,,-408.0,True,True,False,True,football|NFL|2021-12-05|HOU|IND
nflverse,football,NFL,2021-12-05,MIA,NYG,20.0,9.0,-293.0,,253.0,True,True,False,True,football|NFL|2021-12-05|MIA|NYG
nflverse,football,NFL,2021-12-05,NYJ,PHI,18.0,33.0,177.0,,-199.0,True,True,False,True,football|NFL|2021-12-05|NYJ|PHI
nflverse,football,NFL,2021-12-05,LA,JAX,37.0,7.0,-796.0,,597.0,True,True,False,True,football|NFL|2021-12-05|LA|JAX
nflverse,football,NFL,2021-12-05,LV,WAS,15.0,17.0,-128.0,,116.0,True,True,False,True,football|NFL|2021-12-05|LV|WAS
nflverse,football,NFL,2021-12-05,PIT,BAL,20.0,19.0,174.0,,-195.0,True,True,False,True,football|NFL|2021-12-05|PIT|BAL
nflverse,football,NFL,2021-12-05,SEA,SF,30.0,23.0,125.0,,-138.0,True,True,False,True,football|NFL|2021-12-05|SEA|SF
nflverse,football,NFL,2021-12-05,KC,DEN,22.0,9.0,-387.0,,323.0,True,True,False,True,football|NFL|2021-12-05|KC|DEN
nflverse,football,NFL,2021-12-06,BUF,NE,10.0,14.0,-146.0,,132.0,True,True,False,True,football|NFL|2021-12-06|BUF|NE
nflverse,football,NFL,2021-12-09,MIN,PIT,36.0,28.0,-175.0,,157.0,True,True,False,True,football|NFL|2021-12-09|MIN|PIT
nflverse,football,NFL,2021-12-12,CAR,ATL,21.0,29.0,-136.0,,123.0,True,True,False,True,football|NFL|2021-12-12|CAR|ATL
nflverse,football,NFL,2021-12-12,CLE,BAL,24.0,22.0,-150.0,,135.0,True,True,False,True,football|NFL|2021-12-12|CLE|BAL
nflverse,football,NFL,2021-12-12,HOU,SEA,13.0,33.0,334.0,,-401.0,True,True,False,True,football|NFL|2021-12-12|HOU|SEA
nflverse,football,NFL,2021-12-12,KC,LV,48.0,9.0,-444.0,,365.0,True,True,False,True,football|NFL|2021-12-12|KC|LV
nflverse,football,NFL,2021-12-12,NYJ,NO,9.0,30.0,173.0,,-194.0,True,True,False,True,football|NFL|2021-12-12|NYJ|NO
nflverse,football,NFL,2021-12-12,TEN,JAX,20.0,0.0,-384.0,,321.0,True,True,False,True,football|NFL|2021-12-12|TEN|JAX
nflverse,football,NFL,2021-12-12,WAS,DAL,20.0,27.0,246.0,,-284.0,True,True,False,True,football|NFL|2021-12-12|WAS|DAL
nflverse,football,NFL,2021-12-12,DEN,DET,38.0,10.0,-635.0,,495.0,True,True,False,True,football|NFL|2021-12-12|DEN|DET
nflverse,football,NFL,2021-12-12,LAC,NYG,37.0,21.0,-395.0,,329.0,True,True,False,True,football|NFL|2021-12-12|LAC|NYG
nflverse,football,NFL,2021-12-12,CIN,SF,23.0,26.0,117.0,,-130.0,True,True,False,True,football|NFL|2021-12-12|CIN|SF
nflverse,football,NFL,2021-12-12,TB,BUF,33.0,27.0,-181.0,,161.0,True,True,False,True,football|NFL|2021-12-12|TB|BUF
nflverse,football,NFL,2021-12-12,GB,CHI,45.0,30.0,-639.0,,498.0,True,True,False,True,football|NFL|2021-12-12|GB|CHI
nflverse,football,NFL,2021-12-13,ARI,LA,23.0,30.0,-172.0,,154.0,True,True,False,True,football|NFL|2021-12-13|ARI|LA
nflverse,football,NFL,2021-12-16,LAC,KC,28.0,34.0,155.0,,-173.0,True,True,False,True,football|NFL|2021-12-16|LAC|KC
nflverse,football,NFL,2021-12-18,IND,NE,27.0,17.0,-109.0,,-102.0,True,True,False,True,football|NFL|2021-12-18|IND|NE
nflverse,football,NFL,2021-12-19,BUF,CAR,31.0,14.0,-739.0,,562.0,True,True,False,True,football|NFL|2021-12-19|BUF|CAR
nflverse,football,NFL,2021-12-19,DET,ARI,30.0,12.0,495.0,,-634.0,True,True,False,True,football|NFL|2021-12-19|DET|ARI
nflverse,football,NFL,2021-12-19,JAX,HOU,16.0,30.0,-257.0,,224.0,True,True,False,True,football|NFL|2021-12-19|JAX|HOU
nflverse,football,NFL,2021-12-19,MIA,NYJ,31.0,24.0,-445.0,,366.0,True,True,False,True,football|NFL|2021-12-19|MIA|NYJ
nflverse,football,NFL,2021-12-19,NYG,DAL,6.0,21.0,428.0,,-534.0,True,True,False,True,football|NFL|2021-12-19|NYG|DAL
nflverse,football,NFL,2021-12-19,PIT,TEN,19.0,13.0,-121.0,,109.0,True,True,False,True,football|NFL|2021-12-19|PIT|TEN
nflverse,football,NFL,2021-12-19,DEN,CIN,10.0,15.0,-155.0,,140.0,True,True,False,True,football|NFL|2021-12-19|DEN|CIN
nflverse,football,NFL,2021-12-19,SF,ATL,31.0,13.0,-380.0,,319.0,True,True,False,True,football|NFL|2021-12-19|SF|ATL
nflverse,football,NFL,2021-12-19,BAL,GB,30.0,31.0,299.0,,-354.0,True,True,False,True,football|NFL|2021-12-19|BAL|GB
nflverse,football,NFL,2021-12-19,TB,NO,0.0,9.0,-518.0,,417.0,True,True,False,True,football|NFL|2021-12-19|TB|NO
nflverse,football,NFL,2021-12-20,CLE,LV,14.0,16.0,131.0,,-147.0,True,True,False,True,football|NFL|2021-12-20|CLE|LV
nflverse,football,NFL,2021-12-20,CHI,MIN,9.0,17.0,274.0,,-320.0,True,True,False,True,football|NFL|2021-12-20|CHI|MIN
nflverse,football,NFL,2021-12-21,LA,SEA,20.0,10.0,-352.0,,298.0,True,True,False,True,football|NFL|2021-12-21|LA|SEA
nflverse,football,NFL,2021-12-21,PHI,WAS,27.0,17.0,-465.0,,380.0,True,True,False,True,football|NFL|2021-12-21|PHI|WAS
nflverse,football,NFL,2021-12-23,TEN,SF,20.0,17.0,154.0,,-171.0,True,True,False,True,football|NFL|2021-12-23|TEN|SF
nflverse,football,NFL,2021-12-25,GB,CLE,24.0,22.0,-430.0,,343.0,True,True,False,True,football|NFL|2021-12-25|GB|CLE
nflverse,football,NFL,2021-12-25,ARI,IND,16.0,22.0,-161.0,,143.0,True,True,False,True,football|NFL|2021-12-25|ARI|IND
nflverse,football,NFL,2021-12-26,ATL,DET,20.0,16.0,-373.0,,309.0,True,True,False,True,football|NFL|2021-12-26|ATL|DET
nflverse,football,NFL,2021-12-26,CAR,TB,6.0,32.0,399.0,,-503.0,True,True,False,True,football|NFL|2021-12-26|CAR|TB
nflverse,football,NFL,2021-12-26,CIN,BAL,41.0,21.0,-369.0,,306.0,True,True,False,True,football|NFL|2021-12-26|CIN|BAL
nflverse,football,NFL,2021-12-26,HOU,LAC,41.0,29.0,500.0,,-661.0,True,True,False,True,football|NFL|2021-12-26|HOU|LAC
nflverse,football,NFL,2021-12-26,MIN,LA,23.0,30.0,158.0,,-177.0,True,True,False,True,football|NFL|2021-12-26|MIN|LA
nflverse,football,NFL,2021-12-26,NE,BUF,21.0,33.0,-114.0,,102.0,True,True,False,True,football|NFL|2021-12-26|NE|BUF
nflverse,football,NFL,2021-12-26,NYJ,JAX,26.0,21.0,-125.0,,114.0,True,True,False,True,football|NFL|2021-12-26|NYJ|JAX
nflverse,football,NFL,2021-12-26,PHI,NYG,34.0,10.0,-529.0,,416.0,True,True,False,True,football|NFL|2021-12-26|PHI|NYG
nflverse,football,NFL,2021-12-26,SEA,CHI,24.0,25.0,-313.0,,268.0,True,True,False,True,football|NFL|2021-12-26|SEA|CHI
nflverse,football,NFL,2021-12-26,KC,PIT,36.0,10.0,-400.0,,328.0,True,True,False,True,football|NFL|2021-12-26|KC|PIT
nflverse,football,NFL,2021-12-26,LV,DEN,17.0,13.0,-102.0,,-109.0,True,True,False,True,football|NFL|2021-12-26|LV|DEN
nflverse,football,NFL,2021-12-26,DAL,WAS,56.0,14.0,-457.0,,367.0,True,True,False,True,football|NFL|2021-12-26|DAL|WAS
nflverse,football,NFL,2021-12-27,NO,MIA,3.0,20.0,143.0,,-160.0,True,True,False,True,football|NFL|2021-12-27|NO|MIA
nflverse,football,NFL,2022-01-02,BAL,LA,19.0,20.0,264.0,,-313.0,True,True,False,True,football|NFL|2022-01-02|BAL|LA
nflverse,football,NFL,2022-01-02,BUF,ATL,29.0,15.0,-871.0,,625.0,True,True,False,True,football|NFL|2022-01-02|BUF|ATL
nflverse,football,NFL,2022-01-02,CHI,NYG,29.0,3.0,-287.0,,245.0,True,True,False,True,football|NFL|2022-01-02|CHI|NYG
nflverse,football,NFL,2022-01-02,CIN,KC,34.0,31.0,157.0,,-178.0,True,True,False,True,football|NFL|2022-01-02|CIN|KC
nflverse,football,NFL,2022-01-02,IND,LV,20.0,23.0,-397.0,,325.0,True,True,False,True,football|NFL|2022-01-02|IND|LV
nflverse,football,NFL,2022-01-02,NE,JAX,50.0,10.0,-1056.0,,727.0,True,True,False,True,football|NFL|2022-01-02|NE|JAX
nflverse,football,NFL,2022-01-02,NYJ,TB,24.0,28.0,623.0,,-868.0,True,True,False,True,football|NFL|2022-01-02|NYJ|TB
nflverse,football,NFL,2022-01-02,TEN,MIA,34.0,3.0,-170.0,,151.0,True,True,False,True,football|NFL|2022-01-02|TEN|MIA
nflverse,football,NFL,2022-01-02,WAS,PHI,16.0,20.0,206.0,,-238.0,True,True,False,True,football|NFL|2022-01-02|WAS|PHI
nflverse,football,NFL,2022-01-02,LAC,DEN,34.0,13.0,-340.0,,285.0,True,True,False,True,football|NFL|2022-01-02|LAC|DEN
nflverse,football,NFL,2022-01-02,SF,HOU,23.0,7.0,-602.0,,463.0,True,True,False,True,football|NFL|2022-01-02|SF|HOU
nflverse,football,NFL,2022-01-02,DAL,ARI,22.0,25.0,-262.0,,225.0,True,True,False,True,football|NFL|2022-01-02|DAL|ARI
nflverse,football,NFL,2022-01-02,NO,CAR,18.0,10.0,-279.0,,238.0,True,True,False,True,football|NFL|2022-01-02|NO|CAR
nflverse,football,NFL,2022-01-02,SEA,DET,51.0,29.0,-399.0,,327.0,True,True,False,True,football|NFL|2022-01-02|SEA|DET
nflverse,football,NFL,2022-01-02,GB,MIN,37.0,10.0,-702.0,,525.0,True,True,False,True,football|NFL|2022-01-02|GB|MIN
nflverse,football,NFL,2022-01-03,PIT,CLE,26.0,14.0,105.0,,-117.0,True,True,False,True,football|NFL|2022-01-03|PIT|CLE
nflverse,football,NFL,2022-01-08,DEN,KC,24.0,28.0,435.0,,-600.0,True,True,False,True,football|NFL|2022-01-08|DEN|KC
nflverse,football,NFL,2022-01-08,PHI,DAL,26.0,51.0,235.0,,-300.0,True,True,False,True,football|NFL|2022-01-08|PHI|DAL
nflverse,football,NFL,2022-01-09,BAL,PIT,13.0,16.0,-155.0,,135.0,True,True,False,True,football|NFL|2022-01-09|BAL|PIT
nflverse,football,NFL,2022-01-09,CLE,CIN,21.0,16.0,-265.0,,215.0,True,True,False,True,football|NFL|2022-01-09|CLE|CIN
nflverse,football,NFL,2022-01-09,DET,GB,37.0,30.0,165.0,,-195.0,True,True,False,True,football|NFL|2022-01-09|DET|GB
nflverse,football,NFL,2022-01-09,HOU,TEN,25.0,28.0,410.0,,-575.0,True,True,False,True,football|NFL|2022-01-09|HOU|TEN
nflverse,football,NFL,2022-01-09,JAX,IND,26.0,11.0,650.0,,-1000.0,True,True,False,True,football|NFL|2022-01-09|JAX|IND
nflverse,football,NFL,2022-01-09,MIN,CHI,31.0,17.0,-190.0,,160.0,True,True,False,True,football|NFL|2022-01-09|MIN|CHI
nflverse,football,NFL,2022-01-09,NYG,WAS,7.0,22.0,206.0,,-238.0,True,True,False,True,football|NFL|2022-01-09|NYG|WAS
nflverse,football,NFL,2022-01-09,ARI,SEA,30.0,38.0,-235.0,,190.0,True,True,False,True,football|NFL|2022-01-09|ARI|SEA
nflverse,football,NFL,2022-01-09,ATL,NO,20.0,30.0,186.0,,-213.0,True,True,False,True,football|NFL|2022-01-09|ATL|NO
nflverse,football,NFL,2022-01-09,BUF,NYJ,27.0,10.0,-1250.0,,750.0,True,True,False,True,football|NFL|2022-01-09|BUF|NYJ
nflverse,football,NFL,2022-01-09,LA,SF,24.0,27.0,-170.0,,150.0,True,True,False,True,football|NFL|2022-01-09|LA|SF
nflverse,football,NFL,2022-01-09,MIA,NE,33.0,24.0,200.0,,-250.0,True,True,False,True,football|NFL|2022-01-09|MIA|NE
nflverse,football,NFL,2022-01-09,TB,CAR,41.0,17.0,-510.0,,375.0,True,True,False,True,football|NFL|2022-01-09|TB|CAR
nflverse,football,NFL,2022-01-09,LV,LAC,35.0,32.0,155.0,,-180.0,True,True,False,True,football|NFL|2022-01-09|LV|LAC
nflverse,football,NFL,2022-01-15,CIN,LV,26.0,19.0,-248.0,,214.0,True,True,False,True,football|NFL|2022-01-15|CIN|LV
nflverse,football,NFL,2022-01-15,BUF,NE,47.0,17.0,-207.0,,181.0,True,True,False,True,football|NFL|2022-01-15|BUF|NE
nflverse,football,NFL,2022-01-16,TB,PHI,31.0,15.0,-352.0,,293.0,True,True,False,True,football|NFL|2022-01-16|TB|PHI
nflverse,football,NFL,2022-01-16,DAL,SF,17.0,23.0,-162.0,,144.0,True,True,False,True,football|NFL|2022-01-16|DAL|SF
nflverse,football,NFL,2022-01-16,KC,PIT,42.0,21.0,-697.0,,522.0,True,True,False,True,football|NFL|2022-01-16|KC|PIT
nflverse,football,NFL,2022-01-17,LA,ARI,34.0,11.0,-179.0,,158.0,True,True,False,True,football|NFL|2022-01-17|LA|ARI
nflverse,football,NFL,2022-01-22,TEN,CIN,16.0,19.0,-191.0,,170.0,True,True,False,True,football|NFL|2022-01-22|TEN|CIN
nflverse,football,NFL,2022-01-22,GB,SF,10.0,13.0,-261.0,,228.0,True,True,False,True,football|NFL|2022-01-22|GB|SF
nflverse,football,NFL,2022-01-23,TB,LA,27.0,30.0,-145.0,,131.0,True,True,False,True,football|NFL|2022-01-23|TB|LA
nflverse,football,NFL,2022-01-23,KC,BUF,42.0,36.0,-138.0,,124.0,True,True,False,True,football|NFL|2022-01-23|KC|BUF
nflverse,football,NFL,2022-01-30,KC,CIN,24.0,27.0,-320.0,,250.0,True,True,False,True,football|NFL|2022-01-30|KC|CIN
nflverse,football,NFL,2022-01-30,LA,SF,20.0,17.0,-180.0,,155.0,True,True,False,True,football|NFL|2022-01-30|LA|SF
nflverse,football,NFL,2022-02-13,CIN,LA,20.0,23.0,160.0,,-190.0,True,True,False,True,football|NFL|2022-02-13|CIN|LA
nflverse,football,NFL,2022-09-08,LA,BUF,10.0,31.0,106.0,,-117.0,True,True,False,True,football|NFL|2022-09-08|LA|BUF
nflverse,football,NFL,2022-09-11,ATL,NO,26.0,27.0,201.0,,-228.0,True,True,False,True,football|NFL|2022-09-11|ATL|NO
nflverse,football,NFL,2022-09-11,CAR,CLE,24.0,26.0,-125.0,,114.0,True,True,False,True,football|NFL|2022-09-11|CAR|CLE
nflverse,football,NFL,2022-09-11,CHI,SF,19.0,10.0,217.0,,-248.0,True,True,False,True,football|NFL|2022-09-11|CHI|SF
nflverse,football,NFL,2022-09-11,CIN,PIT,20.0,23.0,-308.0,,264.0,True,True,False,True,football|NFL|2022-09-11|CIN|PIT
nflverse,football,NFL,2022-09-11,DET,PHI,35.0,38.0,211.0,,-240.0,True,True,False,True,football|NFL|2022-09-11|DET|PHI
nflverse,football,NFL,2022-09-11,HOU,IND,20.0,20.0,250.0,,-290.0,True,True,False,True,football|NFL|2022-09-11|HOU|IND
nflverse,football,NFL,2022-09-11,MIA,NE,20.0,7.0,-155.0,,140.0,True,True,False,True,football|NFL|2022-09-11|MIA|NE
nflverse,football,NFL,2022-09-11,NYJ,BAL,9.0,24.0,231.0,,-265.0,True,True,False,True,football|NFL|2022-09-11|NYJ|BAL
nflverse,football,NFL,2022-09-11,WAS,JAX,28.0,22.0,-159.0,,143.0,True,True,False,True,football|NFL|2022-09-11|WAS|JAX
nflverse,football,NFL,2022-09-11,ARI,KC,21.0,44.0,221.0,,-252.0,True,True,False,True,football|NFL|2022-09-11|ARI|KC
nflverse,football,NFL,2022-09-11,LAC,LV,24.0,19.0,-180.0,,161.0,True,True,False,True,football|NFL|2022-09-11|LAC|LV
nflverse,football,NFL,2022-09-11,MIN,GB,23.0,7.0,-125.0,,113.0,True,True,False,True,football|NFL|2022-09-11|MIN|GB
nflverse,football,NFL,2022-09-11,TEN,NYG,20.0,21.0,-239.0,,209.0,True,True,False,True,football|NFL|2022-09-11|TEN|NYG
nflverse,football,NFL,2022-09-11,DAL,TB,3.0,19.0,120.0,,-133.0,True,True,False,True,football|NFL|2022-09-11|DAL|TB
nflverse,football,NFL,2022-09-12,SEA,DEN,17.0,16.0,221.0,,-253.0,True,True,False,True,football|NFL|2022-09-12|SEA|DEN
nflverse,football,NFL,2022-09-15,KC,LAC,27.0,24.0,-188.0,,167.0,True,True,False,True,football|NFL|2022-09-15|KC|LAC
nflverse,football,NFL,2022-09-18,BAL,MIA,38.0,42.0,-164.0,,148.0,True,True,False,True,football|NFL|2022-09-18|BAL|MIA
nflverse,football,NFL,2022-09-18,CLE,NYJ,30.0,31.0,-235.0,,207.0,True,True,False,True,football|NFL|2022-09-18|CLE|NYJ
nflverse,football,NFL,2022-09-18,DET,WAS,36.0,27.0,103.0,,-114.0,True,True,False,True,football|NFL|2022-09-18|DET|WAS
nflverse,football,NFL,2022-09-18,JAX,IND,24.0,0.0,142.0,,-157.0,True,True,False,True,football|NFL|2022-09-18|JAX|IND
nflverse,football,NFL,2022-09-18,NO,TB,10.0,20.0,124.0,,-138.0,True,True,False,True,football|NFL|2022-09-18|NO|TB
nflverse,football,NFL,2022-09-18,NYG,CAR,19.0,16.0,103.0,,-114.0,True,True,False,True,football|NFL|2022-09-18|NYG|CAR
nflverse,football,NFL,2022-09-18,PIT,NE,14.0,17.0,135.0,,-150.0,True,True,False,True,football|NFL|2022-09-18|PIT|NE
nflverse,football,NFL,2022-09-18,LA,ATL,31.0,27.0,-473.0,,385.0,True,True,False,True,football|NFL|2022-09-18|LA|ATL
nflverse,football,NFL,2022-09-18,SF,SEA,27.0,7.0,-379.0,,318.0,True,True,False,True,football|NFL|2022-09-18|SF|SEA
nflverse,football,NFL,2022-09-18,DAL,CIN,20.0,17.0,260.0,,-303.0,True,True,False,True,football|NFL|2022-09-18|DAL|CIN
nflverse,football,NFL,2022-09-18,DEN,HOU,16.0,9.0,-481.0,,391.0,True,True,False,True,football|NFL|2022-09-18|DEN|HOU
nflverse,football,NFL,2022-09-18,LV,ARI,23.0,29.0,-223.0,,197.0,True,True,False,True,football|NFL|2022-09-18|LV|ARI
nflverse,football,NFL,2022-09-18,GB,CHI,27.0,10.0,-420.0,,348.0,True,True,False,True,football|NFL|2022-09-18|GB|CHI
nflverse,football,NFL,2022-09-19,BUF,TEN,41.0,7.0,-395.0,,329.0,True,True,False,True,football|NFL|2022-09-19|BUF|TEN
nflverse,football,NFL,2022-09-19,PHI,MIN,24.0,7.0,-141.0,,127.0,True,True,False,True,football|NFL|2022-09-19|PHI|MIN
nflverse,football,NFL,2022-09-22,CLE,PIT,29.0,17.0,-206.0,,183.0,True,True,False,True,football|NFL|2022-09-22|CLE|PIT
nflverse,football,NFL,2022-09-25,CAR,NO,22.0,14.0,112.0,,-123.0,True,True,False,True,football|NFL|2022-09-25|CAR|NO
nflverse,football,NFL,2022-09-25,CHI,HOU,23.0,20.0,-156.0,,141.0,True,True,False,True,football|NFL|2022-09-25|CHI|HOU
nflverse,football,NFL,2022-09-25,IND,KC,20.0,17.0,177.0,,-199.0,True,True,False,True,football|NFL|2022-09-25|IND|KC
nflverse,football,NFL,2022-09-25,MIA,BUF,21.0,19.0,175.0,,-196.0,True,True,False,True,football|NFL|2022-09-25|MIA|BUF
nflverse,football,NFL,2022-09-25,MIN,DET,28.0,24.0,-266.0,,232.0,True,True,False,True,football|NFL|2022-09-25|MIN|DET
nflverse,football,NFL,2022-09-25,NE,BAL,26.0,37.0,129.0,,-143.0,True,True,False,True,football|NFL|2022-09-25|NE|BAL
nflverse,football,NFL,2022-09-25,NYJ,CIN,12.0,27.0,220.0,,-247.0,True,True,False,True,football|NFL|2022-09-25|NYJ|CIN
nflverse,football,NFL,2022-09-25,TEN,LV,24.0,22.0,117.0,,-130.0,True,True,False,True,football|NFL|2022-09-25|TEN|LV
nflverse,football,NFL,2022-09-25,WAS,PHI,8.0,24.0,210.0,,-240.0,True,True,False,True,football|NFL|2022-09-25|WAS|PHI
nflverse,football,NFL,2022-09-25,LAC,JAX,10.0,38.0,-252.0,,220.0,True,True,False,True,football|NFL|2022-09-25|LAC|JAX
nflverse,football,NFL,2022-09-25,ARI,LA,12.0,20.0,153.0,,-171.0,True,True,False,True,football|NFL|2022-09-25|ARI|LA
nflverse,football,NFL,2022-09-25,SEA,ATL,23.0,27.0,-106.0,,-104.0,True,True,False,True,football|NFL|2022-09-25|SEA|ATL
nflverse,football,NFL,2022-09-25,TB,GB,12.0,14.0,-123.0,,112.0,True,True,False,True,football|NFL|2022-09-25|TB|GB
nflverse,football,NFL,2022-09-25,DEN,SF,11.0,10.0,-101.0,,-110.0,True,True,False,True,football|NFL|2022-09-25|DEN|SF
nflverse,football,NFL,2022-09-26,NYG,DAL,16.0,23.0,-120.0,,109.0,True,True,False,True,football|NFL|2022-09-26|NYG|DAL
nflverse,football,NFL,2022-09-29,CIN,MIA,27.0,15.0,-190.0,,169.0,True,True,False,True,football|NFL|2022-09-29|CIN|MIA
nflverse,football,NFL,2022-10-02,NO,MIN,25.0,28.0,177.0,,-199.0,True,True,False,True,football|NFL|2022-10-02|NO|MIN
nflverse,football,NFL,2022-10-02,ATL,CLE,23.0,20.0,-103.0,,-107.0,True,True,False,True,football|NFL|2022-10-02|ATL|CLE
nflverse,football,NFL,2022-10-02,BAL,BUF,20.0,23.0,154.0,,-172.0,True,True,False,True,football|NFL|2022-10-02|BAL|BUF
nflverse,football,NFL,2022-10-02,DAL,WAS,25.0,10.0,-155.0,,140.0,True,True,False,True,football|NFL|2022-10-02|DAL|WAS
nflverse,football,NFL,2022-10-02,DET,SEA,45.0,48.0,-169.0,,151.0,True,True,False,True,football|NFL|2022-10-02|DET|SEA
nflverse,football,NFL,2022-10-02,HOU,LAC,24.0,34.0,205.0,,-234.0,True,True,False,True,football|NFL|2022-10-02|HOU|LAC
nflverse,football,NFL,2022-10-02,IND,TEN,17.0,24.0,-205.0,,182.0,True,True,False,True,football|NFL|2022-10-02|IND|TEN
nflverse,football,NFL,2022-10-02,NYG,CHI,20.0,12.0,-144.0,,130.0,True,True,False,True,football|NFL|2022-10-02|NYG|CHI
nflverse,football,NFL,2022-10-02,PHI,JAX,29.0,21.0,-256.0,,223.0,True,True,False,True,football|NFL|2022-10-02|PHI|JAX
nflverse,football,NFL,2022-10-02,PIT,NYJ,20.0,24.0,-161.0,,145.0,True,True,False,True,football|NFL|2022-10-02|PIT|NYJ
nflverse,football,NFL,2022-10-02,CAR,ARI,16.0,26.0,-113.0,,102.0,True,True,False,True,football|NFL|2022-10-02|CAR|ARI
nflverse,football,NFL,2022-10-02,GB,NE,27.0,24.0,-435.0,,358.0,True,True,False,True,football|NFL|2022-10-02|GB|NE
nflverse,football,NFL,2022-10-02,LV,DEN,32.0,23.0,-137.0,,124.0,True,True,False,True,football|NFL|2022-10-02|LV|DEN
nflverse,football,NFL,2022-10-02,TB,KC,31.0,41.0,-125.0,,113.0,True,True,False,True,football|NFL|2022-10-02|TB|KC
nflverse,football,NFL,2022-10-03,SF,LA,24.0,9.0,-124.0,,112.0,True,True,False,True,football|NFL|2022-10-03|SF|LA
nflverse,football,NFL,2022-10-06,DEN,IND,9.0,12.0,-178.0,,159.0,True,True,False,True,football|NFL|2022-10-06|DEN|IND
nflverse,football,NFL,2022-10-09,GB,NYG,22.0,27.0,-397.0,,331.0,True,True,False,True,football|NFL|2022-10-09|GB|NYG
nflverse,football,NFL,2022-10-09,BUF,PIT,38.0,3.0,-749.0,,568.0,True,True,False,True,football|NFL|2022-10-09|BUF|PIT
nflverse,football,NFL,2022-10-09,CLE,LAC,28.0,30.0,103.0,,-114.0,True,True,False,True,football|NFL|2022-10-09|CLE|LAC
nflverse,football,NFL,2022-10-09,JAX,HOU,6.0,13.0,-304.0,,261.0,True,True,False,True,football|NFL|2022-10-09|JAX|HOU
nflverse,football,NFL,2022-10-09,MIN,CHI,29.0,22.0,-385.0,,322.0,True,True,False,True,football|NFL|2022-10-09|MIN|CHI
nflverse,football,NFL,2022-10-09,NE,DET,29.0,0.0,-148.0,,133.0,True,True,False,True,football|NFL|2022-10-09|NE|DET
nflverse,football,NFL,2022-10-09,NO,SEA,39.0,32.0,-229.0,,201.0,True,True,False,True,football|NFL|2022-10-09|NO|SEA
nflverse,football,NFL,2022-10-09,NYJ,MIA,40.0,17.0,146.0,,-162.0,True,True,False,True,football|NFL|2022-10-09|NYJ|MIA
nflverse,football,NFL,2022-10-09,TB,ATL,21.0,15.0,-430.0,,355.0,True,True,False,True,football|NFL|2022-10-09|TB|ATL
nflverse,football,NFL,2022-10-09,WAS,TEN,17.0,21.0,-100.0,,-110.0,True,True,False,True,football|NFL|2022-10-09|WAS|TEN
nflverse,football,NFL,2022-10-09,CAR,SF,15.0,37.0,206.0,,-234.0,True,True,False,True,football|NFL|2022-10-09|CAR|SF
nflverse,football,NFL,2022-10-09,ARI,PHI,17.0,20.0,196.0,,-222.0,True,True,False,True,football|NFL|2022-10-09|ARI|PHI
nflverse,football,NFL,2022-10-09,LA,DAL,10.0,22.0,-220.0,,195.0,True,True,False,True,football|NFL|2022-10-09|LA|DAL
nflverse,football,NFL,2022-10-09,BAL,CIN,19.0,17.0,-168.0,,151.0,True,True,False,True,football|NFL|2022-10-09|BAL|CIN
nflverse,football,NFL,2022-10-10,KC,LV,30.0,29.0,-321.0,,275.0,True,True,False,True,football|NFL|2022-10-10|KC|LV
nflverse,football,NFL,2022-10-13,CHI,WAS,7.0,12.0,109.0,,-120.0,True,True,False,True,football|NFL|2022-10-13|CHI|WAS
nflverse,football,NFL,2022-10-16,ATL,SF,28.0,14.0,166.0,,-185.0,True,True,False,True,football|NFL|2022-10-16|ATL|SF
nflverse,football,NFL,2022-10-16,CLE,NE,15.0,38.0,-140.0,,127.0,True,True,False,True,football|NFL|2022-10-16|CLE|NE
nflverse,football,NFL,2022-10-16,GB,NYJ,10.0,27.0,-362.0,,305.0,True,True,False,True,football|NFL|2022-10-16|GB|NYJ
nflverse,football,NFL,2022-10-16,IND,JAX,34.0,27.0,-122.0,,110.0,True,True,False,True,football|NFL|2022-10-16|IND|JAX
nflverse,football,NFL,2022-10-16,MIA,MIN,16.0,24.0,157.0,,-175.0,True,True,False,True,football|NFL|2022-10-16|MIA|MIN
nflverse,football,NFL,2022-10-16,NO,CIN,26.0,30.0,148.0,,-164.0,True,True,False,True,football|NFL|2022-10-16|NO|CIN
nflverse,football,NFL,2022-10-16,NYG,BAL,24.0,20.0,206.0,,-234.0,True,True,False,True,football|NFL|2022-10-16|NYG|BAL
nflverse,football,NFL,2022-10-16,PIT,TB,20.0,18.0,323.0,,-386.0,True,True,False,True,football|NFL|2022-10-16|PIT|TB
nflverse,football,NFL,2022-10-16,LA,CAR,24.0,10.0,-413.0,,343.0,True,True,False,True,football|NFL|2022-10-16|LA|CAR
nflverse,football,NFL,2022-10-16,SEA,ARI,19.0,9.0,123.0,,-136.0,True,True,False,True,football|NFL|2022-10-16|SEA|ARI
nflverse,football,NFL,2022-10-16,KC,BUF,20.0,24.0,132.0,,-146.0,True,True,False,True,football|NFL|2022-10-16|KC|BUF
nflverse,football,NFL,2022-10-16,PHI,DAL,26.0,17.0,-292.0,,252.0,True,True,False,True,football|NFL|2022-10-16|PHI|DAL
nflverse,football,NFL,2022-10-17,LAC,DEN,19.0,16.0,-186.0,,166.0,True,True,False,True,football|NFL|2022-10-17|LAC|DEN
nflverse,football,NFL,2022-10-20,ARI,NO,42.0,34.0,-140.0,,126.0,True,True,False,True,football|NFL|2022-10-20|ARI|NO
nflverse,football,NFL,2022-10-23,BAL,CLE,23.0,20.0,-282.0,,244.0,True,True,False,True,football|NFL|2022-10-23|BAL|CLE
nflverse,football,NFL,2022-10-23,CAR,TB,21.0,3.0,524.0,,-680.0,True,True,False,True,football|NFL|2022-10-23|CAR|TB
nflverse,football,NFL,2022-10-23,CIN,ATL,35.0,17.0,-271.0,,235.0,True,True,False,True,football|NFL|2022-10-23|CIN|ATL
nflverse,football,NFL,2022-10-23,DAL,DET,24.0,6.0,-278.0,,241.0,True,True,False,True,football|NFL|2022-10-23|DAL|DET
nflverse,football,NFL,2022-10-23,JAX,NYG,17.0,23.0,-165.0,,148.0,True,True,False,True,football|NFL|2022-10-23|JAX|NYG
nflverse,football,NFL,2022-10-23,TEN,IND,19.0,10.0,-143.0,,129.0,True,True,False,True,football|NFL|2022-10-23|TEN|IND
nflverse,football,NFL,2022-10-23,WAS,GB,23.0,21.0,173.0,,-195.0,True,True,False,True,football|NFL|2022-10-23|WAS|GB
nflverse,football,NFL,2022-10-23,DEN,NYJ,9.0,16.0,115.0,,-127.0,True,True,False,True,football|NFL|2022-10-23|DEN|NYJ
nflverse,football,NFL,2022-10-23,LV,HOU,38.0,20.0,-325.0,,278.0,True,True,False,True,football|NFL|2022-10-23|LV|HOU
nflverse,football,NFL,2022-10-23,LAC,SEA,23.0,37.0,-219.0,,193.0,True,True,False,True,football|NFL|2022-10-23|LAC|SEA
nflverse,football,NFL,2022-10-23,SF,KC,23.0,44.0,-104.0,,-106.0,True,True,False,True,football|NFL|2022-10-23|SF|KC
nflverse,football,NFL,2022-10-23,MIA,PIT,16.0,10.0,-297.0,,255.0,True,True,False,True,football|NFL|2022-10-23|MIA|PIT
nflverse,football,NFL,2022-10-24,NE,CHI,14.0,33.0,-392.0,,327.0,True,True,False,True,football|NFL|2022-10-24|NE|CHI
nflverse,football,NFL,2022-10-27,TB,BAL,22.0,27.0,-128.0,,116.0,True,True,False,True,football|NFL|2022-10-27|TB|BAL
nflverse,football,NFL,2022-10-30,JAX,DEN,17.0,21.0,-107.0,,-103.0,True,True,False,True,football|NFL|2022-10-30|JAX|DEN
nflverse,football,NFL,2022-10-30,ATL,CAR,37.0,34.0,-201.0,,178.0,True,True,False,True,football|NFL|2022-10-30|ATL|CAR
nflverse,football,NFL,2022-10-30,DAL,CHI,49.0,29.0,-430.0,,355.0,True,True,False,True,football|NFL|2022-10-30|DAL|CHI
nflverse,football,NFL,2022-10-30,DET,MIA,27.0,31.0,169.0,,-190.0,True,True,False,True,football|NFL|2022-10-30|DET|MIA
nflverse,football,NFL,2022-10-30,MIN,ARI,34.0,26.0,-199.0,,177.0,True,True,False,True,football|NFL|2022-10-30|MIN|ARI
nflverse,football,NFL,2022-10-30,NO,LV,24.0,0.0,108.0,,-119.0,True,True,False,True,football|NFL|2022-10-30|NO|LV
nflverse,football,NFL,2022-10-30,NYJ,NE,17.0,22.0,140.0,,-155.0,True,True,False,True,football|NFL|2022-10-30|NYJ|NE
nflverse,football,NFL,2022-10-30,PHI,PIT,35.0,13.0,-490.0,,397.0,True,True,False,True,football|NFL|2022-10-30|PHI|PIT
nflverse,football,NFL,2022-10-30,HOU,TEN,10.0,17.0,104.0,,-115.0,True,True,False,True,football|NFL|2022-10-30|HOU|TEN
nflverse,football,NFL,2022-10-30,IND,WAS,16.0,17.0,-151.0,,136.0,True,True,False,True,football|NFL|2022-10-30|IND|WAS
nflverse,football,NFL,2022-10-30,LA,SF,14.0,31.0,-106.0,,-104.0,True,True,False,True,football|NFL|2022-10-30|LA|SF
nflverse,football,NFL,2022-10-30,SEA,NYG,27.0,13.0,-164.0,,147.0,True,True,False,True,football|NFL|2022-10-30|SEA|NYG
nflverse,football,NFL,2022-10-30,BUF,GB,27.0,17.0,-445.0,,365.0,True,True,False,True,football|NFL|2022-10-30|BUF|GB
nflverse,football,NFL,2022-10-31,CLE,CIN,32.0,13.0,147.0,,-163.0,True,True,False,True,football|NFL|2022-10-31|CLE|CIN
nflverse,football,NFL,2022-11-03,HOU,PHI,17.0,29.0,539.0,,-702.0,True,True,False,True,football|NFL|2022-11-03|HOU|PHI
nflverse,football,NFL,2022-11-06,ATL,LAC,17.0,20.0,130.0,,-143.0,True,True,False,True,football|NFL|2022-11-06|ATL|LAC
nflverse,football,NFL,2022-11-06,CHI,MIA,32.0,35.0,172.0,,-193.0,True,True,False,True,football|NFL|2022-11-06|CHI|MIA
nflverse,football,NFL,2022-11-06,CIN,CAR,42.0,21.0,-331.0,,282.0,True,True,False,True,football|NFL|2022-11-06|CIN|CAR
nflverse,football,NFL,2022-11-06,DET,GB,15.0,9.0,170.0,,-191.0,True,True,False,True,football|NFL|2022-11-06|DET|GB
nflverse,football,NFL,2022-11-06,JAX,LV,27.0,20.0,116.0,,-129.0,True,True,False,True,football|NFL|2022-11-06|JAX|LV
nflverse,football,NFL,2022-11-06,NE,IND,26.0,3.0,-212.0,,188.0,True,True,False,True,football|NFL|2022-11-06|NE|IND
nflverse,football,NFL,2022-11-06,NYJ,BUF,20.0,17.0,400.0,,-494.0,True,True,False,True,football|NFL|2022-11-06|NYJ|BUF
nflverse,football,NFL,2022-11-06,WAS,MIN,17.0,20.0,151.0,,-169.0,True,True,False,True,football|NFL|2022-11-06|WAS|MIN
nflverse,football,NFL,2022-11-06,ARI,SEA,21.0,31.0,-128.0,,116.0,True,True,False,True,football|NFL|2022-11-06|ARI|SEA
nflverse,football,NFL,2022-11-06,TB,LA,16.0,13.0,-158.0,,142.0,True,True,False,True,football|NFL|2022-11-06|TB|LA
nflverse,football,NFL,2022-11-06,KC,TEN,20.0,17.0,-689.0,,530.0,True,True,False,True,football|NFL|2022-11-06|KC|TEN
nflverse,football,NFL,2022-11-07,NO,BAL,13.0,27.0,112.0,,-124.0,True,True,False,True,football|NFL|2022-11-07|NO|BAL
nflverse,football,NFL,2022-11-10,CAR,ATL,25.0,15.0,119.0,,-132.0,True,True,False,True,football|NFL|2022-11-10|CAR|ATL
nflverse,football,NFL,2022-11-13,TB,SEA,21.0,16.0,-138.0,,124.0,True,True,False,True,football|NFL|2022-11-13|TB|SEA
nflverse,football,NFL,2022-11-13,BUF,MIN,30.0,33.0,-264.0,,230.0,True,True,False,True,football|NFL|2022-11-13|BUF|MIN
nflverse,football,NFL,2022-11-13,CHI,DET,30.0,31.0,-159.0,,143.0,True,True,False,True,football|NFL|2022-11-13|CHI|DET
nflverse,football,NFL,2022-11-13,KC,JAX,27.0,17.0,-399.0,,333.0,True,True,False,True,football|NFL|2022-11-13|KC|JAX
nflverse,football,NFL,2022-11-13,MIA,CLE,39.0,17.0,-177.0,,158.0,True,True,False,True,football|NFL|2022-11-13|MIA|CLE
nflverse,football,NFL,2022-11-13,NYG,HOU,24.0,16.0,-221.0,,195.0,True,True,False,True,football|NFL|2022-11-13|NYG|HOU
nflverse,football,NFL,2022-11-13,PIT,NO,20.0,10.0,-116.0,,105.0,True,True,False,True,football|NFL|2022-11-13|PIT|NO
nflverse,football,NFL,2022-11-13,TEN,DEN,17.0,10.0,-135.0,,122.0,True,True,False,True,football|NFL|2022-11-13|TEN|DEN
nflverse,football,NFL,2022-11-13,LV,IND,20.0,25.0,-199.0,,177.0,True,True,False,True,football|NFL|2022-11-13|LV|IND
nflverse,football,NFL,2022-11-13,GB,DAL,31.0,28.0,177.0,,-199.0,True,True,False,True,football|NFL|2022-11-13|GB|DAL
nflverse,football,NFL,2022-11-13,LA,ARI,17.0,27.0,-183.0,,160.0,True,True,False,True,football|NFL|2022-11-13|LA|ARI
nflverse,football,NFL,2022-11-13,SF,LAC,22.0,16.0,-357.0,,302.0,True,True,False,True,football|NFL|2022-11-13|SF|LAC
nflverse,football,NFL,2022-11-14,PHI,WAS,21.0,32.0,-501.0,,405.0,True,True,False,True,football|NFL|2022-11-14|PHI|WAS
nflverse,football,NFL,2022-11-17,GB,TEN,17.0,27.0,-171.0,,153.0,True,True,False,True,football|NFL|2022-11-17|GB|TEN
nflverse,football,NFL,2022-11-20,ATL,CHI,27.0,24.0,-138.0,,125.0,True,True,False,True,football|NFL|2022-11-20|ATL|CHI
nflverse,football,NFL,2022-11-20,BAL,CAR,13.0,3.0,-647.0,,503.0,True,True,False,True,football|NFL|2022-11-20|BAL|CAR
nflverse,football,NFL,2022-11-20,BUF,CLE,31.0,23.0,-353.0,,298.0,True,True,False,True,football|NFL|2022-11-20|BUF|CLE
nflverse,football,NFL,2022-11-20,HOU,WAS,10.0,23.0,135.0,,-150.0,True,True,False,True,football|NFL|2022-11-20|HOU|WAS
nflverse,football,NFL,2022-11-20,IND,PHI,16.0,17.0,235.0,,-270.0,True,True,False,True,football|NFL|2022-11-20|IND|PHI
nflverse,football,NFL,2022-11-20,NE,NYJ,10.0,3.0,-182.0,,163.0,True,True,False,True,football|NFL|2022-11-20|NE|NYJ
nflverse,football,NFL,2022-11-20,NO,LA,27.0,20.0,-124.0,,112.0,True,True,False,True,football|NFL|2022-11-20|NO|LA
nflverse,football,NFL,2022-11-20,NYG,DET,18.0,31.0,-159.0,,143.0,True,True,False,True,football|NFL|2022-11-20|NYG|DET
nflverse,football,NFL,2022-11-20,DEN,LV,16.0,22.0,-145.0,,131.0,True,True,False,True,football|NFL|2022-11-20|DEN|LV
nflverse,football,NFL,2022-11-20,MIN,DAL,3.0,40.0,118.0,,-131.0,True,True,False,True,football|NFL|2022-11-20|MIN|DAL
nflverse,football,NFL,2022-11-20,PIT,CIN,30.0,37.0,163.0,,-182.0,True,True,False,True,football|NFL|2022-11-20|PIT|CIN
nflverse,football,NFL,2022-11-20,LAC,KC,27.0,30.0,203.0,,-231.0,True,True,False,True,football|NFL|2022-11-20|LAC|KC
nflverse,football,NFL,2022-11-21,ARI,SF,10.0,38.0,350.0,,-422.0,True,True,False,True,football|NFL|2022-11-21|ARI|SF
nflverse,football,NFL,2022-11-24,DET,BUF,25.0,28.0,342.0,,-412.0,True,True,False,True,football|NFL|2022-11-24|DET|BUF
nflverse,football,NFL,2022-11-24,DAL,NYG,28.0,20.0,-441.0,,363.0,True,True,False,True,football|NFL|2022-11-24|DAL|NYG
nflverse,football,NFL,2022-11-24,MIN,NE,33.0,26.0,-136.0,,123.0,True,True,False,True,football|NFL|2022-11-24|MIN|NE
nflverse,football,NFL,2022-11-27,CAR,DEN,23.0,10.0,105.0,,-116.0,True,True,False,True,football|NFL|2022-11-27|CAR|DEN
nflverse,football,NFL,2022-11-27,CLE,TB,23.0,17.0,151.0,,-169.0,True,True,False,True,football|NFL|2022-11-27|CLE|TB
nflverse,football,NFL,2022-11-27,JAX,BAL,28.0,27.0,147.0,,-164.0,True,True,False,True,football|NFL|2022-11-27|JAX|BAL
nflverse,football,NFL,2022-11-27,MIA,HOU,30.0,15.0,-822.0,,613.0,True,True,False,True,football|NFL|2022-11-27|MIA|HOU
nflverse,football,NFL,2022-11-27,NYJ,CHI,31.0,10.0,-375.0,,315.0,True,True,False,True,football|NFL|2022-11-27|NYJ|CHI
nflverse,football,NFL,2022-11-27,TEN,CIN,16.0,20.0,-105.0,,-105.0,True,True,False,True,football|NFL|2022-11-27|TEN|CIN
nflverse,football,NFL,2022-11-27,WAS,ATL,19.0,13.0,-183.0,,163.0,True,True,False,True,football|NFL|2022-11-27|WAS|ATL
nflverse,football,NFL,2022-11-27,ARI,LAC,24.0,25.0,123.0,,-136.0,True,True,False,True,football|NFL|2022-11-27|ARI|LAC
nflverse,football,NFL,2022-11-27,SEA,LV,34.0,40.0,-196.0,,174.0,True,True,False,True,football|NFL|2022-11-27|SEA|LV
nflverse,football,NFL,2022-11-27,KC,LA,26.0,10.0,-1088.0,,768.0,True,True,False,True,football|NFL|2022-11-27|KC|LA
nflverse,football,NFL,2022-11-27,SF,NO,13.0,0.0,-392.0,,327.0,True,True,False,True,football|NFL|2022-11-27|SF|NO
nflverse,football,NFL,2022-11-27,PHI,GB,40.0,33.0,-278.0,,241.0,True,True,False,True,football|NFL|2022-11-27|PHI|GB
nflverse,football,NFL,2022-11-28,IND,PIT,17.0,24.0,-128.0,,116.0,True,True,False,True,football|NFL|2022-11-28|IND|PIT
nflverse,football,NFL,2022-12-01,NE,BUF,10.0,24.0,165.0,,-185.0,True,True,False,True,football|NFL|2022-12-01|NE|BUF
nflverse,football,NFL,2022-12-04,ATL,PIT,16.0,19.0,103.0,,-113.0,True,True,False,True,football|NFL|2022-12-04|ATL|PIT
nflverse,football,NFL,2022-12-04,BAL,DEN,10.0,9.0,-347.0,,294.0,True,True,False,True,football|NFL|2022-12-04|BAL|DEN
nflverse,football,NFL,2022-12-04,CHI,GB,19.0,28.0,163.0,,-182.0,True,True,False,True,football|NFL|2022-12-04|CHI|GB
nflverse,football,NFL,2022-12-04,DET,JAX,40.0,14.0,-118.0,,107.0,True,True,False,True,football|NFL|2022-12-04|DET|JAX
nflverse,football,NFL,2022-12-04,HOU,CLE,14.0,27.0,280.0,,-329.0,True,True,False,True,football|NFL|2022-12-04|HOU|CLE
nflverse,football,NFL,2022-12-04,MIN,NYJ,27.0,22.0,-146.0,,132.0,True,True,False,True,football|NFL|2022-12-04|MIN|NYJ
nflverse,football,NFL,2022-12-04,NYG,WAS,20.0,20.0,113.0,,-124.0,True,True,False,True,football|NFL|2022-12-04|NYG|WAS
nflverse,football,NFL,2022-12-04,PHI,TEN,35.0,10.0,-213.0,,189.0,True,True,False,True,football|NFL|2022-12-04|PHI|TEN
nflverse,football,NFL,2022-12-04,LA,SEA,23.0,27.0,252.0,,-292.0,True,True,False,True,football|NFL|2022-12-04|LA|SEA
nflverse,football,NFL,2022-12-04,SF,MIA,33.0,17.0,-222.0,,196.0,True,True,False,True,football|NFL|2022-12-04|SF|MIA
nflverse,football,NFL,2022-12-04,CIN,KC,27.0,24.0,120.0,,-132.0,True,True,False,True,football|NFL|2022-12-04|CIN|KC
nflverse,football,NFL,2022-12-04,LV,LAC,27.0,20.0,-139.0,,125.0,True,True,False,True,football|NFL|2022-12-04|LV|LAC
nflverse,football,NFL,2022-12-04,DAL,IND,54.0,19.0,-460.0,,376.0,True,True,False,True,football|NFL|2022-12-04|DAL|IND
nflverse,football,NFL,2022-12-05,TB,NO,17.0,16.0,-190.0,,169.0,True,True,False,True,football|NFL|2022-12-05|TB|NO
nflverse,football,NFL,2022-12-08,LA,LV,17.0,16.0,245.0,,-283.0,True,True,False,True,football|NFL|2022-12-08|LA|LV
nflverse,football,NFL,2022-12-11,BUF,NYJ,20.0,12.0,-398.0,,332.0,True,True,False,True,football|NFL|2022-12-11|BUF|NYJ
nflverse,football,NFL,2022-12-11,CIN,CLE,23.0,10.0,-204.0,,181.0,True,True,False,True,football|NFL|2022-12-11|CIN|CLE
nflverse,football,NFL,2022-12-11,DAL,HOU,27.0,23.0,-1365.0,,918.0,True,True,False,True,football|NFL|2022-12-11|DAL|HOU
nflverse,football,NFL,2022-12-11,DET,MIN,34.0,23.0,-132.0,,119.0,True,True,False,True,football|NFL|2022-12-11|DET|MIN
nflverse,football,NFL,2022-12-11,NYG,PHI,22.0,48.0,260.0,,-302.0,True,True,False,True,football|NFL|2022-12-11|NYG|PHI
nflverse,football,NFL,2022-12-11,PIT,BAL,14.0,16.0,-124.0,,112.0,True,True,False,True,football|NFL|2022-12-11|PIT|BAL
nflverse,football,NFL,2022-12-11,TEN,JAX,22.0,36.0,-169.0,,151.0,True,True,False,True,football|NFL|2022-12-11|TEN|JAX
nflverse,football,NFL,2022-12-11,DEN,KC,28.0,34.0,329.0,,-394.0,True,True,False,True,football|NFL|2022-12-11|DEN|KC
nflverse,football,NFL,2022-12-11,SEA,CAR,24.0,30.0,-200.0,,178.0,True,True,False,True,football|NFL|2022-12-11|SEA|CAR
nflverse,football,NFL,2022-12-11,SF,TB,35.0,7.0,-196.0,,175.0,True,True,False,True,football|NFL|2022-12-11|SF|TB
nflverse,football,NFL,2022-12-11,LAC,MIA,23.0,17.0,146.0,,-163.0,True,True,False,True,football|NFL|2022-12-11|LAC|MIA
nflverse,football,NFL,2022-12-12,ARI,NE,13.0,27.0,113.0,,-125.0,True,True,False,True,football|NFL|2022-12-12|ARI|NE
nflverse,football,NFL,2022-12-15,SEA,SF,13.0,21.0,152.0,,-169.0,True,True,False,True,football|NFL|2022-12-15|SEA|SF
nflverse,football,NFL,2022-12-17,MIN,IND,39.0,36.0,-188.0,,168.0,True,True,False,True,football|NFL|2022-12-17|MIN|IND
nflverse,football,NFL,2022-12-17,CLE,BAL,13.0,3.0,-155.0,,139.0,True,True,False,True,football|NFL|2022-12-17|CLE|BAL
nflverse,football,NFL,2022-12-17,BUF,MIA,32.0,29.0,-320.0,,273.0,True,True,False,True,football|NFL|2022-12-17|BUF|MIA
nflverse,football,NFL,2022-12-18,CAR,PIT,16.0,24.0,-145.0,,130.0,True,True,False,True,football|NFL|2022-12-18|CAR|PIT
nflverse,football,NFL,2022-12-18,CHI,PHI,20.0,25.0,323.0,,-386.0,True,True,False,True,football|NFL|2022-12-18|CHI|PHI
nflverse,football,NFL,2022-12-18,HOU,KC,24.0,30.0,572.0,,-755.0,True,True,False,True,football|NFL|2022-12-18|HOU|KC
nflverse,football,NFL,2022-12-18,JAX,DAL,40.0,34.0,168.0,,-188.0,True,True,False,True,football|NFL|2022-12-18|JAX|DAL
nflverse,football,NFL,2022-12-18,NO,ATL,21.0,18.0,-231.0,,203.0,True,True,False,True,football|NFL|2022-12-18|NO|ATL
nflverse,football,NFL,2022-12-18,NYJ,DET,17.0,20.0,-132.0,,120.0,True,True,False,True,football|NFL|2022-12-18|NYJ|DET
nflverse,football,NFL,2022-12-18,DEN,ARI,24.0,15.0,-121.0,,110.0,True,True,False,True,football|NFL|2022-12-18|DEN|ARI
nflverse,football,NFL,2022-12-18,LV,NE,30.0,24.0,-129.0,,117.0,True,True,False,True,football|NFL|2022-12-18|LV|NE
nflverse,football,NFL,2022-12-18,LAC,TEN,17.0,14.0,-158.0,,142.0,True,True,False,True,football|NFL|2022-12-18|LAC|TEN
nflverse,football,NFL,2022-12-18,TB,CIN,23.0,34.0,150.0,,-167.0,True,True,False,True,football|NFL|2022-12-18|TB|CIN
nflverse,football,NFL,2022-12-18,WAS,NYG,12.0,20.0,-203.0,,180.0,True,True,False,True,football|NFL|2022-12-18|WAS|NYG
nflverse,football,NFL,2022-12-19,GB,LA,24.0,12.0,-356.0,,301.0,True,True,False,True,football|NFL|2022-12-19|GB|LA
nflverse,football,NFL,2022-12-22,NYJ,JAX,3.0,19.0,-136.0,,123.0,True,True,False,True,football|NFL|2022-12-22|NYJ|JAX
nflverse,football,NFL,2022-12-24,BAL,ATL,17.0,9.0,-274.0,,238.0,True,True,False,True,football|NFL|2022-12-24|BAL|ATL
nflverse,football,NFL,2022-12-24,CAR,DET,37.0,23.0,117.0,,-129.0,True,True,False,True,football|NFL|2022-12-24|CAR|DET
nflverse,football,NFL,2022-12-24,CHI,BUF,13.0,35.0,304.0,,-360.0,True,True,False,True,football|NFL|2022-12-24|CHI|BUF
nflverse,football,NFL,2022-12-24,CLE,NO,10.0,17.0,-181.0,,162.0,True,True,False,True,football|NFL|2022-12-24|CLE|NO
nflverse,football,NFL,2022-12-24,KC,SEA,24.0,10.0,-447.0,,367.0,True,True,False,True,football|NFL|2022-12-24|KC|SEA
nflverse,football,NFL,2022-12-24,MIN,NYG,27.0,24.0,-215.0,,191.0,True,True,False,True,football|NFL|2022-12-24|MIN|NYG
nflverse,football,NFL,2022-12-24,NE,CIN,18.0,22.0,136.0,,-151.0,True,True,False,True,football|NFL|2022-12-24|NE|CIN
nflverse,football,NFL,2022-12-24,TEN,HOU,14.0,19.0,-170.0,,153.0,True,True,False,True,football|NFL|2022-12-24|TEN|HOU
nflverse,football,NFL,2022-12-24,SF,WAS,37.0,20.0,-279.0,,241.0,True,True,False,True,football|NFL|2022-12-24|SF|WAS
nflverse,football,NFL,2022-12-24,DAL,PHI,40.0,34.0,-200.0,,178.0,True,True,False,True,football|NFL|2022-12-24|DAL|PHI
nflverse,football,NFL,2022-12-24,PIT,LV,13.0,10.0,-141.0,,127.0,True,True,False,True,football|NFL|2022-12-24|PIT|LV
nflverse,football,NFL,2022-12-25,MIA,GB,20.0,26.0,-182.0,,163.0,True,True,False,True,football|NFL|2022-12-25|MIA|GB
nflverse,football,NFL,2022-12-25,LA,DEN,51.0,14.0,155.0,,-173.0,True,True,False,True,football|NFL|2022-12-25|LA|DEN
nflverse,football,NFL,2022-12-25,ARI,TB,16.0,19.0,273.0,,-320.0,True,True,False,True,football|NFL|2022-12-25|ARI|TB
nflverse,football,NFL,2022-12-26,IND,LAC,3.0,20.0,165.0,,-185.0,True,True,False,True,football|NFL|2022-12-26|IND|LAC
nflverse,football,NFL,2022-12-29,TEN,DAL,13.0,27.0,563.0,,-741.0,True,True,False,True,football|NFL|2022-12-29|TEN|DAL
nflverse,football,NFL,2023-01-01,ATL,ARI,20.0,19.0,-279.0,,241.0,True,True,False,True,football|NFL|2023-01-01|ATL|ARI
nflverse,football,NFL,2023-01-01,DET,CHI,41.0,10.0,-219.0,,194.0,True,True,False,True,football|NFL|2023-01-01|DET|CHI
nflverse,football,NFL,2023-01-01,HOU,JAX,3.0,31.0,167.0,,-187.0,True,True,False,True,football|NFL|2023-01-01|HOU|JAX
nflverse,football,NFL,2023-01-01,KC,DEN,27.0,24.0,-711.0,,544.0,True,True,False,True,football|NFL|2023-01-01|KC|DEN
nflverse,football,NFL,2023-01-01,NE,MIA,23.0,21.0,-160.0,,144.0,True,True,False,True,football|NFL|2023-01-01|NE|MIA
nflverse,football,NFL,2023-01-01,NYG,IND,38.0,10.0,-229.0,,202.0,True,True,False,True,football|NFL|2023-01-01|NYG|IND
nflverse,football,NFL,2023-01-01,PHI,NO,10.0,20.0,-225.0,,198.0,True,True,False,True,football|NFL|2023-01-01|PHI|NO
nflverse,football,NFL,2023-01-01,TB,CAR,30.0,24.0,-184.0,,164.0,True,True,False,True,football|NFL|2023-01-01|TB|CAR
nflverse,football,NFL,2023-01-01,WAS,CLE,10.0,24.0,-117.0,,106.0,True,True,False,True,football|NFL|2023-01-01|WAS|CLE
nflverse,football,NFL,2023-01-01,LV,SF,34.0,37.0,371.0,,-453.0,True,True,False,True,football|NFL|2023-01-01|LV|SF
nflverse,football,NFL,2023-01-01,SEA,NYJ,23.0,6.0,102.0,,-113.0,True,True,False,True,football|NFL|2023-01-01|SEA|NYJ
nflverse,football,NFL,2023-01-01,GB,MIN,41.0,17.0,-173.0,,155.0,True,True,False,True,football|NFL|2023-01-01|GB|MIN
nflverse,football,NFL,2023-01-01,LAC,LA,31.0,10.0,-283.0,,244.0,True,True,False,True,football|NFL|2023-01-01|LAC|LA
nflverse,football,NFL,2023-01-01,BAL,PIT,13.0,16.0,-121.0,,110.0,True,True,False,True,football|NFL|2023-01-01|BAL|PIT
nflverse,football,NFL,2023-01-07,LV,KC,13.0,31.0,338.0,,-407.0,True,True,False,True,football|NFL|2023-01-07|LV|KC
nflverse,football,NFL,2023-01-07,JAX,TEN,20.0,16.0,-260.0,,227.0,True,True,False,True,football|NFL|2023-01-07|JAX|TEN
nflverse,football,NFL,2023-01-08,ATL,TB,30.0,17.0,-235.0,,207.0,True,True,False,True,football|NFL|2023-01-08|ATL|TB
nflverse,football,NFL,2023-01-08,BUF,NE,35.0,23.0,-373.0,,314.0,True,True,False,True,football|NFL|2023-01-08|BUF|NE
nflverse,football,NFL,2023-01-08,CHI,MIN,13.0,29.0,227.0,,-260.0,True,True,False,True,football|NFL|2023-01-08|CHI|MIN
nflverse,football,NFL,2023-01-08,CIN,BAL,27.0,16.0,-603.0,,474.0,True,True,False,True,football|NFL|2023-01-08|CIN|BAL
nflverse,football,NFL,2023-01-08,IND,HOU,31.0,32.0,-142.0,,128.0,True,True,False,True,football|NFL|2023-01-08|IND|HOU
nflverse,football,NFL,2023-01-08,MIA,NYJ,11.0,6.0,-200.0,,178.0,True,True,False,True,football|NFL|2023-01-08|MIA|NYJ
nflverse,football,NFL,2023-01-08,NO,CAR,7.0,10.0,-179.0,,160.0,True,True,False,True,football|NFL|2023-01-08|NO|CAR
nflverse,football,NFL,2023-01-08,PIT,CLE,28.0,14.0,-142.0,,128.0,True,True,False,True,football|NFL|2023-01-08|PIT|CLE
nflverse,football,NFL,2023-01-08,DEN,LAC,31.0,28.0,-254.0,,222.0,True,True,False,True,football|NFL|2023-01-08|DEN|LAC
nflverse,football,NFL,2023-01-08,PHI,NYG,22.0,16.0,-1252.0,,858.0,True,True,False,True,football|NFL|2023-01-08|PHI|NYG
nflverse,football,NFL,2023-01-08,SEA,LA,19.0,16.0,-224.0,,198.0,True,True,False,True,football|NFL|2023-01-08|SEA|LA
nflverse,football,NFL,2023-01-08,SF,ARI,38.0,13.0,-1061.0,,753.0,True,True,False,True,football|NFL|2023-01-08|SF|ARI
nflverse,football,NFL,2023-01-08,WAS,DAL,26.0,6.0,274.0,,-320.0,True,True,False,True,football|NFL|2023-01-08|WAS|DAL
nflverse,football,NFL,2023-01-08,GB,DET,16.0,20.0,-273.0,,237.0,True,True,False,True,football|NFL|2023-01-08|GB|DET
nflverse,football,NFL,2023-01-14,SF,SEA,41.0,23.0,-447.0,,367.0,True,True,False,True,football|NFL|2023-01-14|SF|SEA
nflverse,football,NFL,2023-01-14,JAX,LAC,31.0,30.0,114.0,,-126.0,True,True,False,True,football|NFL|2023-01-14|JAX|LAC
nflverse,football,NFL,2023-01-15,BUF,MIA,34.0,31.0,-882.0,,649.0,True,True,False,True,football|NFL|2023-01-15|BUF|MIA
nflverse,football,NFL,2023-01-15,MIN,NYG,24.0,31.0,-142.0,,129.0,True,True,False,True,football|NFL|2023-01-15|MIN|NYG
nflverse,football,NFL,2023-01-15,CIN,BAL,24.0,17.0,-370.0,,311.0,True,True,False,True,football|NFL|2023-01-15|CIN|BAL
nflverse,football,NFL,2023-01-16,TB,DAL,14.0,31.0,122.0,,-135.0,True,True,False,True,football|NFL|2023-01-16|TB|DAL
nflverse,football,NFL,2023-01-21,KC,JAX,27.0,20.0,-461.0,,377.0,True,True,False,True,football|NFL|2023-01-21|KC|JAX
nflverse,football,NFL,2023-01-21,PHI,NYG,38.0,7.0,-360.0,,304.0,True,True,False,True,football|NFL|2023-01-21|PHI|NYG
nflverse,football,NFL,2023-01-22,BUF,CIN,10.0,27.0,-259.0,,226.0,True,True,False,True,football|NFL|2023-01-22|BUF|CIN
nflverse,football,NFL,2023-01-22,SF,DAL,19.0,12.0,-183.0,,164.0,True,True,False,True,football|NFL|2023-01-22|SF|DAL
nflverse,football,NFL,2023-01-29,PHI,SF,31.0,7.0,-147.0,,133.0,True,True,False,True,football|NFL|2023-01-29|PHI|SF
nflverse,football,NFL,2023-01-29,KC,CIN,23.0,20.0,-131.0,,119.0,True,True,False,True,football|NFL|2023-01-29|KC|CIN
nflverse,football,NFL,2023-02-12,PHI,KC,35.0,38.0,-115.0,,104.0,True,True,False,True,football|NFL|2023-02-12|PHI|KC
nflverse,football,NFL,2023-09-07,KC,DET,20.0,21.0,-198.0,,164.0,True,True,False,True,football|NFL|2023-09-07|KC|DET
nflverse,football,NFL,2023-09-10,ATL,CAR,24.0,10.0,-192.0,,160.0,True,True,False,True,football|NFL|2023-09-10|ATL|CAR
nflverse,football,NFL,2023-09-10,BAL,HOU,25.0,9.0,-500.0,,380.0,True,True,False,True,football|NFL|2023-09-10|BAL|HOU
nflverse,football,NFL,2023-09-10,CLE,CIN,24.0,3.0,-108.0,,-112.0,True,True,False,True,football|NFL|2023-09-10|CLE|CIN
nflverse,football,NFL,2023-09-10,IND,JAX,21.0,31.0,170.0,,-205.0,True,True,False,True,football|NFL|2023-09-10|IND|JAX
nflverse,football,NFL,2023-09-10,MIN,TB,17.0,20.0,-205.0,,170.0,True,True,False,True,football|NFL|2023-09-10|MIN|TB
nflverse,football,NFL,2023-09-10,NO,TEN,16.0,15.0,-148.0,,124.0,True,True,False,True,football|NFL|2023-09-10|NO|TEN
nflverse,football,NFL,2023-09-10,PIT,SF,7.0,30.0,100.0,,-120.0,True,True,False,True,football|NFL|2023-09-10|PIT|SF
nflverse,football,NFL,2023-09-10,WAS,ARI,20.0,16.0,-340.0,,270.0,True,True,False,True,football|NFL|2023-09-10|WAS|ARI
nflverse,football,NFL,2023-09-10,CHI,GB,20.0,38.0,-118.0,,-102.0,True,True,False,True,football|NFL|2023-09-10|CHI|GB
nflverse,football,NFL,2023-09-10,DEN,LV,16.0,17.0,-162.0,,136.0,True,True,False,True,football|NFL|2023-09-10|DEN|LV
nflverse,football,NFL,2023-09-10,LAC,MIA,34.0,36.0,-162.0,,136.0,True,True,False,True,football|NFL|2023-09-10|LAC|MIA
nflverse,football,NFL,2023-09-10,NE,PHI,20.0,25.0,154.0,,-185.0,True,True,False,True,football|NFL|2023-09-10|NE|PHI
nflverse,football,NFL,2023-09-10,SEA,LA,13.0,30.0,-218.0,,180.0,True,True,False,True,football|NFL|2023-09-10|SEA|LA
nflverse,football,NFL,2023-09-10,NYG,DAL,0.0,40.0,142.0,,-170.0,True,True,False,True,football|NFL|2023-09-10|NYG|DAL
nflverse,football,NFL,2023-09-11,NYJ,BUF,22.0,16.0,114.0,,-135.0,True,True,False,True,football|NFL|2023-09-11|NYJ|BUF
nflverse,football,NFL,2023-09-14,PHI,MIN,34.0,28.0,-238.0,,195.0,True,True,False,True,football|NFL|2023-09-14|PHI|MIN
nflverse,football,NFL,2023-09-17,ATL,GB,25.0,24.0,-148.0,,124.0,True,True,False,True,football|NFL|2023-09-17|ATL|GB
nflverse,football,NFL,2023-09-17,BUF,LV,38.0,10.0,-355.0,,280.0,True,True,False,True,football|NFL|2023-09-17|BUF|LV
nflverse,football,NFL,2023-09-17,CIN,BAL,24.0,27.0,-175.0,,145.0,True,True,False,True,football|NFL|2023-09-17|CIN|BAL
nflverse,football,NFL,2023-09-17,DET,SEA,31.0,37.0,-218.0,,180.0,True,True,False,True,football|NFL|2023-09-17|DET|SEA
nflverse,football,NFL,2023-09-17,HOU,IND,20.0,31.0,-110.0,,-110.0,True,True,False,True,football|NFL|2023-09-17|HOU|IND
nflverse,football,NFL,2023-09-17,JAX,KC,9.0,17.0,142.0,,-170.0,True,True,False,True,football|NFL|2023-09-17|JAX|KC
nflverse,football,NFL,2023-09-17,TB,CHI,27.0,17.0,-135.0,,114.0,True,True,False,True,football|NFL|2023-09-17|TB|CHI
nflverse,football,NFL,2023-09-17,TEN,LAC,27.0,24.0,120.0,,-142.0,True,True,False,True,football|NFL|2023-09-17|TEN|LAC
nflverse,football,NFL,2023-09-17,ARI,NYG,28.0,31.0,185.0,,-225.0,True,True,False,True,football|NFL|2023-09-17|ARI|NYG
nflverse,football,NFL,2023-09-17,LA,SF,23.0,30.0,270.0,,-340.0,True,True,False,True,football|NFL|2023-09-17|LA|SF
nflverse,football,NFL,2023-09-17,DAL,NYJ,30.0,10.0,-380.0,,300.0,True,True,False,True,football|NFL|2023-09-17|DAL|NYJ
nflverse,football,NFL,2023-09-17,DEN,WAS,33.0,35.0,-198.0,,164.0,True,True,False,True,football|NFL|2023-09-17|DEN|WAS
nflverse,football,NFL,2023-09-17,NE,MIA,17.0,24.0,110.0,,-130.0,True,True,False,True,football|NFL|2023-09-17|NE|MIA
nflverse,football,NFL,2023-09-18,CAR,NO,17.0,20.0,145.0,,-175.0,True,True,False,True,football|NFL|2023-09-18|CAR|NO
nflverse,football,NFL,2023-09-18,PIT,CLE,26.0,22.0,124.0,,-148.0,True,True,False,True,football|NFL|2023-09-18|PIT|CLE
nflverse,football,NFL,2023-09-21,SF,NYG,30.0,12.0,-535.0,,400.0,True,True,False,True,football|NFL|2023-09-21|SF|NYG
nflverse,football,NFL,2023-09-24,BAL,IND,19.0,22.0,-380.0,,300.0,True,True,False,True,football|NFL|2023-09-24|BAL|IND
nflverse,football,NFL,2023-09-24,CLE,TEN,27.0,3.0,-185.0,,154.0,True,True,False,True,football|NFL|2023-09-24|CLE|TEN
nflverse,football,NFL,2023-09-24,DET,ATL,20.0,6.0,-166.0,,140.0,True,True,False,True,football|NFL|2023-09-24|DET|ATL
nflverse,football,NFL,2023-09-24,GB,NO,18.0,17.0,105.0,,-125.0,True,True,False,True,football|NFL|2023-09-24|GB|NO
nflverse,football,NFL,2023-09-24,JAX,HOU,17.0,37.0,-380.0,,300.0,True,True,False,True,football|NFL|2023-09-24|JAX|HOU
nflverse,football,NFL,2023-09-24,MIA,DEN,70.0,20.0,-250.0,,205.0,True,True,False,True,football|NFL|2023-09-24|MIA|DEN
nflverse,football,NFL,2023-09-24,MIN,LAC,24.0,28.0,-110.0,,-110.0,True,True,False,True,football|NFL|2023-09-24|MIN|LAC
nflverse,football,NFL,2023-09-24,NYJ,NE,10.0,15.0,120.0,,-142.0,True,True,False,True,football|NFL|2023-09-24|NYJ|NE
nflverse,football,NFL,2023-09-24,WAS,BUF,3.0,37.0,200.0,,-245.0,True,True,False,True,football|NFL|2023-09-24|WAS|BUF
nflverse,football,NFL,2023-09-24,SEA,CAR,37.0,27.0,-225.0,,185.0,True,True,False,True,football|NFL|2023-09-24|SEA|CAR
nflverse,football,NFL,2023-09-24,ARI,DAL,28.0,16.0,470.0,,-650.0,True,True,False,True,football|NFL|2023-09-24|ARI|DAL
nflverse,football,NFL,2023-09-24,KC,CHI,41.0,10.0,-750.0,,525.0,True,True,False,True,football|NFL|2023-09-24|KC|CHI
nflverse,football,NFL,2023-09-24,LV,PIT,18.0,23.0,-148.0,,124.0,True,True,False,True,football|NFL|2023-09-24|LV|PIT
nflverse,football,NFL,2023-09-25,TB,PHI,11.0,25.0,210.0,,-258.0,True,True,False,True,football|NFL|2023-09-25|TB|PHI
nflverse,football,NFL,2023-09-25,CIN,LA,19.0,16.0,-162.0,,136.0,True,True,False,True,football|NFL|2023-09-25|CIN|LA
nflverse,football,NFL,2023-09-28,GB,DET,20.0,34.0,120.0,,-142.0,True,True,False,True,football|NFL|2023-09-28|GB|DET
nflverse,football,NFL,2023-10-01,JAX,ATL,23.0,7.0,-185.0,,154.0,True,True,False,True,football|NFL|2023-10-01|JAX|ATL
nflverse,football,NFL,2023-10-01,BUF,MIA,48.0,20.0,-142.0,,120.0,True,True,False,True,football|NFL|2023-10-01|BUF|MIA
nflverse,football,NFL,2023-10-01,CAR,MIN,13.0,21.0,185.0,,-225.0,True,True,False,True,football|NFL|2023-10-01|CAR|MIN
nflverse,football,NFL,2023-10-01,CHI,DEN,28.0,31.0,136.0,,-162.0,True,True,False,True,football|NFL|2023-10-01|CHI|DEN
nflverse,football,NFL,2023-10-01,CLE,BAL,3.0,28.0,114.0,,-135.0,True,True,False,True,football|NFL|2023-10-01|CLE|BAL
nflverse,football,NFL,2023-10-01,HOU,PIT,30.0,6.0,136.0,,-162.0,True,True,False,True,football|NFL|2023-10-01|HOU|PIT
nflverse,football,NFL,2023-10-01,IND,LA,23.0,29.0,-105.0,,-115.0,True,True,False,True,football|NFL|2023-10-01|IND|LA
nflverse,football,NFL,2023-10-01,NO,TB,9.0,26.0,-205.0,,170.0,True,True,False,True,football|NFL|2023-10-01|NO|TB
nflverse,football,NFL,2023-10-01,PHI,WAS,34.0,31.0,-455.0,,350.0,True,True,False,True,football|NFL|2023-10-01|PHI|WAS
nflverse,football,NFL,2023-10-01,TEN,CIN,27.0,3.0,136.0,,-162.0,True,True,False,True,football|NFL|2023-10-01|TEN|CIN
nflverse,football,NFL,2023-10-01,LAC,LV,24.0,17.0,-310.0,,250.0,True,True,False,True,football|NFL|2023-10-01|LAC|LV
nflverse,football,NFL,2023-10-01,DAL,NE,38.0,3.0,-285.0,,230.0,True,True,False,True,football|NFL|2023-10-01|DAL|NE
nflverse,football,NFL,2023-10-01,SF,ARI,35.0,16.0,-1100.0,,700.0,True,True,False,True,football|NFL|2023-10-01|SF|ARI
nflverse,football,NFL,2023-10-01,NYJ,KC,20.0,23.0,370.0,,-485.0,True,True,False,True,football|NFL|2023-10-01|NYJ|KC
nflverse,football,NFL,2023-10-02,NYG,SEA,3.0,24.0,120.0,,-142.0,True,True,False,True,football|NFL|2023-10-02|NYG|SEA
nflverse,football,NFL,2023-10-05,WAS,CHI,20.0,40.0,-258.0,,210.0,True,True,False,True,football|NFL|2023-10-05|WAS|CHI
nflverse,football,NFL,2023-10-08,BUF,JAX,20.0,25.0,-250.0,,205.0,True,True,False,True,football|NFL|2023-10-08|BUF|JAX
nflverse,football,NFL,2023-10-08,ATL,HOU,21.0,19.0,-142.0,,120.0,True,True,False,True,football|NFL|2023-10-08|ATL|HOU
nflverse,football,NFL,2023-10-08,DET,CAR,42.0,24.0,-455.0,,350.0,True,True,False,True,football|NFL|2023-10-08|DET|CAR
nflverse,football,NFL,2023-10-08,IND,TEN,23.0,16.0,120.0,,-142.0,True,True,False,True,football|NFL|2023-10-08|IND|TEN
nflverse,football,NFL,2023-10-08,MIA,NYG,31.0,16.0,-750.0,,525.0,True,True,False,True,football|NFL|2023-10-08|MIA|NYG
nflverse,football,NFL,2023-10-08,NE,NO,0.0,34.0,-135.0,,114.0,True,True,False,True,football|NFL|2023-10-08|NE|NO
nflverse,football,NFL,2023-10-08,PIT,BAL,17.0,10.0,190.0,,-230.0,True,True,False,True,football|NFL|2023-10-08|PIT|BAL
nflverse,football,NFL,2023-10-08,ARI,CIN,20.0,34.0,142.0,,-170.0,True,True,False,True,football|NFL|2023-10-08|ARI|CIN
nflverse,football,NFL,2023-10-08,LA,PHI,14.0,23.0,160.0,,-192.0,True,True,False,True,football|NFL|2023-10-08|LA|PHI
nflverse,football,NFL,2023-10-08,DEN,NYJ,21.0,31.0,-135.0,,114.0,True,True,False,True,football|NFL|2023-10-08|DEN|NYJ
nflverse,football,NFL,2023-10-08,MIN,KC,20.0,27.0,150.0,,-180.0,True,True,False,True,football|NFL|2023-10-08|MIN|KC
nflverse,football,NFL,2023-10-08,SF,DAL,42.0,10.0,-180.0,,150.0,True,True,False,True,football|NFL|2023-10-08|SF|DAL
nflverse,football,NFL,2023-10-09,LV,GB,17.0,13.0,-118.0,,-102.0,True,True,False,True,football|NFL|2023-10-09|LV|GB
nflverse,football,NFL,2023-10-12,KC,DEN,19.0,8.0,-650.0,,470.0,True,True,False,True,football|NFL|2023-10-12|KC|DEN
nflverse,football,NFL,2023-10-15,TEN,BAL,16.0,24.0,205.0,,-250.0,True,True,False,True,football|NFL|2023-10-15|TEN|BAL
nflverse,football,NFL,2023-10-15,ATL,WAS,16.0,24.0,-125.0,,105.0,True,True,False,True,football|NFL|2023-10-15|ATL|WAS
nflverse,football,NFL,2023-10-15,CHI,MIN,13.0,19.0,140.0,,-166.0,True,True,False,True,football|NFL|2023-10-15|CHI|MIN
nflverse,football,NFL,2023-10-15,CIN,SEA,17.0,13.0,-155.0,,130.0,True,True,False,True,football|NFL|2023-10-15|CIN|SEA
nflverse,football,NFL,2023-10-15,CLE,SF,19.0,17.0,360.0,,-470.0,True,True,False,True,football|NFL|2023-10-15|CLE|SF
nflverse,football,NFL,2023-10-15,HOU,NO,20.0,13.0,110.0,,-130.0,True,True,False,True,football|NFL|2023-10-15|HOU|NO
nflverse,football,NFL,2023-10-15,JAX,IND,37.0,20.0,-205.0,,170.0,True,True,False,True,football|NFL|2023-10-15|JAX|IND
nflverse,football,NFL,2023-10-15,MIA,CAR,42.0,21.0,-1100.0,,700.0,True,True,False,True,football|NFL|2023-10-15|MIA|CAR
nflverse,football,NFL,2023-10-15,LV,NE,21.0,17.0,-148.0,,124.0,True,True,False,True,football|NFL|2023-10-15|LV|NE
nflverse,football,NFL,2023-10-15,LA,ARI,26.0,9.0,-340.0,,270.0,True,True,False,True,football|NFL|2023-10-15|LA|ARI
nflverse,football,NFL,2023-10-15,NYJ,PHI,20.0,14.0,245.0,,-305.0,True,True,False,True,football|NFL|2023-10-15|NYJ|PHI
nflverse,football,NFL,2023-10-15,TB,DET,6.0,20.0,136.0,,-162.0,True,True,False,True,football|NFL|2023-10-15|TB|DET
nflverse,football,NFL,2023-10-15,BUF,NYG,14.0,9.0,-1200.0,,750.0,True,True,False,True,football|NFL|2023-10-15|BUF|NYG
nflverse,football,NFL,2023-10-16,LAC,DAL,17.0,20.0,110.0,,-130.0,True,True,False,True,football|NFL|2023-10-16|LAC|DAL
nflverse,football,NFL,2023-10-19,NO,JAX,24.0,31.0,-148.0,,124.0,True,True,False,True,football|NFL|2023-10-19|NO|JAX
nflverse,football,NFL,2023-10-22,BAL,DET,38.0,6.0,-162.0,,136.0,True,True,False,True,football|NFL|2023-10-22|BAL|DET
nflverse,football,NFL,2023-10-22,CHI,LV,30.0,12.0,120.0,,-142.0,True,True,False,True,football|NFL|2023-10-22|CHI|LV
nflverse,football,NFL,2023-10-22,IND,CLE,38.0,39.0,150.0,,-180.0,True,True,False,True,football|NFL|2023-10-22|IND|CLE
nflverse,football,NFL,2023-10-22,NE,BUF,29.0,25.0,310.0,,-395.0,True,True,False,True,football|NFL|2023-10-22|NE|BUF
nflverse,football,NFL,2023-10-22,NYG,WAS,14.0,7.0,136.0,,-162.0,True,True,False,True,football|NFL|2023-10-22|NYG|WAS
nflverse,football,NFL,2023-10-22,TB,ATL,13.0,16.0,-148.0,,124.0,True,True,False,True,football|NFL|2023-10-22|TB|ATL
nflverse,football,NFL,2023-10-22,LA,PIT,17.0,24.0,-175.0,,145.0,True,True,False,True,football|NFL|2023-10-22|LA|PIT
nflverse,football,NFL,2023-10-22,SEA,ARI,20.0,10.0,-455.0,,350.0,True,True,False,True,football|NFL|2023-10-22|SEA|ARI
nflverse,football,NFL,2023-10-22,DEN,GB,19.0,17.0,-118.0,,-102.0,True,True,False,True,football|NFL|2023-10-22|DEN|GB
nflverse,football,NFL,2023-10-22,KC,LAC,31.0,17.0,-265.0,,215.0,True,True,False,True,football|NFL|2023-10-22|KC|LAC
nflverse,football,NFL,2023-10-22,PHI,MIA,31.0,17.0,-155.0,,130.0,True,True,False,True,football|NFL|2023-10-22|PHI|MIA
nflverse,football,NFL,2023-10-23,MIN,SF,22.0,17.0,260.0,,-325.0,True,True,False,True,football|NFL|2023-10-23|MIN|SF
nflverse,football,NFL,2023-10-26,BUF,TB,24.0,18.0,-485.0,,370.0,True,True,False,True,football|NFL|2023-10-26|BUF|TB
nflverse,football,NFL,2023-10-29,CAR,HOU,15.0,13.0,136.0,,-162.0,True,True,False,True,football|NFL|2023-10-29|CAR|HOU
nflverse,football,NFL,2023-10-29,DAL,LA,43.0,20.0,-310.0,,250.0,True,True,False,True,football|NFL|2023-10-29|DAL|LA
nflverse,football,NFL,2023-10-29,GB,MIN,10.0,24.0,-108.0,,-112.0,True,True,False,True,football|NFL|2023-10-29|GB|MIN
nflverse,football,NFL,2023-10-29,IND,NO,27.0,38.0,110.0,,-130.0,True,True,False,True,football|NFL|2023-10-29|IND|NO
nflverse,football,NFL,2023-10-29,MIA,NE,31.0,17.0,-380.0,,300.0,True,True,False,True,football|NFL|2023-10-29|MIA|NE
nflverse,football,NFL,2023-10-29,NYG,NYJ,10.0,13.0,136.0,,-162.0,True,True,False,True,football|NFL|2023-10-29|NYG|NYJ
nflverse,football,NFL,2023-10-29,PIT,JAX,10.0,20.0,114.0,,-135.0,True,True,False,True,football|NFL|2023-10-29|PIT|JAX
nflverse,football,NFL,2023-10-29,TEN,ATL,28.0,23.0,110.0,,-130.0,True,True,False,True,football|NFL|2023-10-29|TEN|ATL
nflverse,football,NFL,2023-10-29,WAS,PHI,31.0,38.0,245.0,,-305.0,True,True,False,True,football|NFL|2023-10-29|WAS|PHI
nflverse,football,NFL,2023-10-29,SEA,CLE,24.0,20.0,-198.0,,164.0,True,True,False,True,football|NFL|2023-10-29|SEA|CLE
nflverse,football,NFL,2023-10-29,ARI,BAL,24.0,31.0,380.0,,-500.0,True,True,False,True,football|NFL|2023-10-29|ARI|BAL
nflverse,football,NFL,2023-10-29,DEN,KC,24.0,9.0,270.0,,-340.0,True,True,False,True,football|NFL|2023-10-29|DEN|KC
nflverse,football,NFL,2023-10-29,SF,CIN,17.0,31.0,-205.0,,170.0,True,True,False,True,football|NFL|2023-10-29|SF|CIN
nflverse,football,NFL,2023-10-29,LAC,CHI,30.0,13.0,-440.0,,340.0,True,True,False,True,football|NFL|2023-10-29|LAC|CHI
nflverse,football,NFL,2023-10-30,DET,LV,26.0,14.0,-340.0,,270.0,True,True,False,True,football|NFL|2023-10-30|DET|LV
nflverse,football,NFL,2023-11-02,PIT,TEN,20.0,16.0,-175.0,,145.0,True,True,False,True,football|NFL|2023-11-02|PIT|TEN
nflverse,football,NFL,2023-11-05,KC,MIA,21.0,14.0,-115.0,,-105.0,True,True,False,True,football|NFL|2023-11-05|KC|MIA
nflverse,football,NFL,2023-11-05,ATL,MIN,28.0,31.0,-192.0,,160.0,True,True,False,True,football|NFL|2023-11-05|ATL|MIN
nflverse,football,NFL,2023-11-05,BAL,SEA,37.0,3.0,-270.0,,220.0,True,True,False,True,football|NFL|2023-11-05|BAL|SEA
nflverse,football,NFL,2023-11-05,CLE,ARI,27.0,0.0,-750.0,,525.0,True,True,False,True,football|NFL|2023-11-05|CLE|ARI
nflverse,football,NFL,2023-11-05,GB,LA,20.0,3.0,-198.0,,160.0,True,True,False,True,football|NFL|2023-11-05|GB|LA
nflverse,football,NFL,2023-11-05,HOU,TB,39.0,37.0,-148.0,,124.0,True,True,False,True,football|NFL|2023-11-05|HOU|TB
nflverse,football,NFL,2023-11-05,NE,WAS,17.0,20.0,-155.0,,130.0,True,True,False,True,football|NFL|2023-11-05|NE|WAS
nflverse,football,NFL,2023-11-05,NO,CHI,24.0,17.0,-440.0,,340.0,True,True,False,True,football|NFL|2023-11-05|NO|CHI
nflverse,football,NFL,2023-11-05,CAR,IND,13.0,27.0,110.0,,-130.0,True,True,False,True,football|NFL|2023-11-05|CAR|IND
nflverse,football,NFL,2023-11-05,LV,NYG,30.0,6.0,-118.0,,-102.0,True,True,False,True,football|NFL|2023-11-05|LV|NYG
nflverse,football,NFL,2023-11-05,PHI,DAL,28.0,23.0,-175.0,,145.0,True,True,False,True,football|NFL|2023-11-05|PHI|DAL
nflverse,football,NFL,2023-11-05,CIN,BUF,24.0,18.0,-125.0,,105.0,True,True,False,True,football|NFL|2023-11-05|CIN|BUF
nflverse,football,NFL,2023-11-06,NYJ,LAC,6.0,27.0,142.0,,-170.0,True,True,False,True,football|NFL|2023-11-06|NYJ|LAC
nflverse,football,NFL,2023-11-09,CHI,CAR,16.0,13.0,-180.0,,150.0,True,True,False,True,football|NFL|2023-11-09|CHI|CAR
nflverse,football,NFL,2023-11-12,NE,IND,6.0,10.0,-102.0,,-118.0,True,True,False,True,football|NFL|2023-11-12|NE|IND
nflverse,football,NFL,2023-11-12,BAL,CLE,31.0,33.0,-258.0,,210.0,True,True,False,True,football|NFL|2023-11-12|BAL|CLE
nflverse,football,NFL,2023-11-12,CIN,HOU,27.0,30.0,-250.0,,205.0,True,True,False,True,football|NFL|2023-11-12|CIN|HOU
nflverse,football,NFL,2023-11-12,JAX,SF,3.0,34.0,142.0,,-170.0,True,True,False,True,football|NFL|2023-11-12|JAX|SF
nflverse,football,NFL,2023-11-12,MIN,NO,27.0,19.0,130.0,,-155.0,True,True,False,True,football|NFL|2023-11-12|MIN|NO
nflverse,football,NFL,2023-11-12,PIT,GB,23.0,19.0,-166.0,,140.0,True,True,False,True,football|NFL|2023-11-12|PIT|GB
nflverse,football,NFL,2023-11-12,TB,TEN,20.0,6.0,-142.0,,120.0,True,True,False,True,football|NFL|2023-11-12|TB|TEN
nflverse,football,NFL,2023-11-12,ARI,ATL,25.0,23.0,110.0,,-130.0,True,True,False,True,football|NFL|2023-11-12|ARI|ATL
nflverse,football,NFL,2023-11-12,LAC,DET,38.0,41.0,120.0,,-142.0,True,True,False,True,football|NFL|2023-11-12|LAC|DET
nflverse,football,NFL,2023-11-12,DAL,NYG,49.0,17.0,-2100.0,,1100.0,True,True,False,True,football|NFL|2023-11-12|DAL|NYG
nflverse,football,NFL,2023-11-12,SEA,WAS,29.0,26.0,-270.0,,220.0,True,True,False,True,football|NFL|2023-11-12|SEA|WAS
nflverse,football,NFL,2023-11-12,LV,NYJ,16.0,12.0,-105.0,,-115.0,True,True,False,True,football|NFL|2023-11-12|LV|NYJ
nflverse,football,NFL,2023-11-13,BUF,DEN,22.0,24.0,-395.0,,310.0,True,True,False,True,football|NFL|2023-11-13|BUF|DEN
nflverse,football,NFL,2023-11-16,BAL,CIN,34.0,20.0,-205.0,,170.0,True,True,False,True,football|NFL|2023-11-16|BAL|CIN
nflverse,football,NFL,2023-11-19,CAR,DAL,10.0,33.0,470.0,,-650.0,True,True,False,True,football|NFL|2023-11-19|CAR|DAL
nflverse,football,NFL,2023-11-19,CLE,PIT,13.0,10.0,-142.0,,120.0,True,True,False,True,football|NFL|2023-11-19|CLE|PIT
nflverse,football,NFL,2023-11-19,DET,CHI,31.0,26.0,-440.0,,340.0,True,True,False,True,football|NFL|2023-11-19|DET|CHI
nflverse,football,NFL,2023-11-19,GB,LAC,23.0,20.0,136.0,,-162.0,True,True,False,True,football|NFL|2023-11-19|GB|LAC
nflverse,football,NFL,2023-11-19,HOU,ARI,21.0,16.0,-250.0,,205.0,True,True,False,True,football|NFL|2023-11-19|HOU|ARI
nflverse,football,NFL,2023-11-19,JAX,TEN,34.0,14.0,-290.0,,235.0,True,True,False,True,football|NFL|2023-11-19|JAX|TEN
nflverse,football,NFL,2023-11-19,MIA,LV,20.0,13.0,-1100.0,,700.0,True,True,False,True,football|NFL|2023-11-19|MIA|LV
nflverse,football,NFL,2023-11-19,WAS,NYG,19.0,31.0,-395.0,,310.0,True,True,False,True,football|NFL|2023-11-19|WAS|NYG
nflverse,football,NFL,2023-11-19,SF,TB,27.0,14.0,-950.0,,625.0,True,True,False,True,football|NFL|2023-11-19|SF|TB
nflverse,football,NFL,2023-11-19,BUF,NYJ,32.0,6.0,-395.0,,310.0,True,True,False,True,football|NFL|2023-11-19|BUF|NYJ
nflverse,football,NFL,2023-11-19,LA,SEA,17.0,16.0,-135.0,,114.0,True,True,False,True,football|NFL|2023-11-19|LA|SEA
nflverse,football,NFL,2023-11-19,DEN,MIN,21.0,20.0,-142.0,,120.0,True,True,False,True,football|NFL|2023-11-19|DEN|MIN
nflverse,football,NFL,2023-11-20,KC,PHI,17.0,21.0,-148.0,,124.0,True,True,False,True,football|NFL|2023-11-20|KC|PHI
nflverse,football,NFL,2023-11-23,DET,GB,22.0,29.0,-425.0,,330.0,True,True,False,True,football|NFL|2023-11-23|DET|GB
nflverse,football,NFL,2023-11-23,DAL,WAS,45.0,10.0,-800.0,,550.0,True,True,False,True,football|NFL|2023-11-23|DAL|WAS
nflverse,football,NFL,2023-11-23,SEA,SF,13.0,31.0,280.0,,-355.0,True,True,False,True,football|NFL|2023-11-23|SEA|SF
nflverse,football,NFL,2023-11-24,NYJ,MIA,13.0,34.0,380.0,,-500.0,True,True,False,True,football|NFL|2023-11-24|NYJ|MIA
nflverse,football,NFL,2023-11-26,ATL,NO,24.0,15.0,110.0,,-130.0,True,True,False,True,football|NFL|2023-11-26|ATL|NO
nflverse,football,NFL,2023-11-26,CIN,PIT,10.0,16.0,114.0,,-135.0,True,True,False,True,football|NFL|2023-11-26|CIN|PIT
nflverse,football,NFL,2023-11-26,HOU,JAX,21.0,24.0,-105.0,,-115.0,True,True,False,True,football|NFL|2023-11-26|HOU|JAX
nflverse,football,NFL,2023-11-26,IND,TB,27.0,20.0,-155.0,,130.0,True,True,False,True,football|NFL|2023-11-26|IND|TB
nflverse,football,NFL,2023-11-26,NYG,NE,10.0,7.0,180.0,,-218.0,True,True,False,True,football|NFL|2023-11-26|NYG|NE
nflverse,football,NFL,2023-11-26,TEN,CAR,17.0,10.0,-175.0,,145.0,True,True,False,True,football|NFL|2023-11-26|TEN|CAR
nflverse,football,NFL,2023-11-26,ARI,LA,14.0,37.0,124.0,,-148.0,True,True,False,True,football|NFL|2023-11-26|ARI|LA
nflverse,football,NFL,2023-11-26,DEN,CLE,29.0,12.0,-125.0,,105.0,True,True,False,True,football|NFL|2023-11-26|DEN|CLE
nflverse,football,NFL,2023-11-26,LV,KC,17.0,31.0,380.0,,-500.0,True,True,False,True,football|NFL|2023-11-26|LV|KC
nflverse,football,NFL,2023-11-26,PHI,BUF,37.0,34.0,-148.0,,124.0,True,True,False,True,football|NFL|2023-11-26|PHI|BUF
nflverse,football,NFL,2023-11-26,LAC,BAL,10.0,20.0,142.0,,-170.0,True,True,False,True,football|NFL|2023-11-26|LAC|BAL
nflverse,football,NFL,2023-11-27,MIN,CHI,10.0,12.0,-166.0,,140.0,True,True,False,True,football|NFL|2023-11-27|MIN|CHI
nflverse,football,NFL,2023-11-30,DAL,SEA,41.0,35.0,-500.0,,380.0,True,True,False,True,football|NFL|2023-11-30|DAL|SEA
nflverse,football,NFL,2023-12-03,HOU,DEN,22.0,17.0,-170.0,,142.0,True,True,False,True,football|NFL|2023-12-03|HOU|DEN
nflverse,football,NFL,2023-12-03,NE,LAC,0.0,6.0,185.0,,-225.0,True,True,False,True,football|NFL|2023-12-03|NE|LAC
nflverse,football,NFL,2023-12-03,NO,DET,28.0,33.0,164.0,,-198.0,True,True,False,True,football|NFL|2023-12-03|NO|DET
nflverse,football,NFL,2023-12-03,NYJ,ATL,8.0,13.0,105.0,,-125.0,True,True,False,True,football|NFL|2023-12-03|NYJ|ATL
nflverse,football,NFL,2023-12-03,PIT,ARI,10.0,24.0,-285.0,,230.0,True,True,False,True,football|NFL|2023-12-03|PIT|ARI
nflverse,football,NFL,2023-12-03,TEN,IND,28.0,31.0,102.0,,-122.0,True,True,False,True,football|NFL|2023-12-03|TEN|IND
nflverse,football,NFL,2023-12-03,WAS,MIA,15.0,45.0,350.0,,-455.0,True,True,False,True,football|NFL|2023-12-03|WAS|MIA
nflverse,football,NFL,2023-12-03,TB,CAR,21.0,18.0,-198.0,,164.0,True,True,False,True,football|NFL|2023-12-03|TB|CAR
nflverse,football,NFL,2023-12-03,LA,CLE,36.0,19.0,-192.0,,160.0,True,True,False,True,football|NFL|2023-12-03|LA|CLE
nflverse,football,NFL,2023-12-03,PHI,SF,19.0,42.0,124.0,,-148.0,True,True,False,True,football|NFL|2023-12-03|PHI|SF
nflverse,football,NFL,2023-12-03,GB,KC,27.0,19.0,215.0,,-265.0,True,True,False,True,football|NFL|2023-12-03|GB|KC
nflverse,football,NFL,2023-12-04,JAX,CIN,31.0,34.0,-550.0,,410.0,True,True,False,True,football|NFL|2023-12-04|JAX|CIN
nflverse,football,NFL,2023-12-07,PIT,NE,18.0,21.0,-270.0,,220.0,True,True,False,True,football|NFL|2023-12-07|PIT|NE
nflverse,football,NFL,2023-12-10,ATL,TB,25.0,29.0,-125.0,,105.0,True,True,False,True,football|NFL|2023-12-10|ATL|TB
nflverse,football,NFL,2023-12-10,BAL,LA,37.0,31.0,-360.0,,285.0,True,True,False,True,football|NFL|2023-12-10|BAL|LA
nflverse,football,NFL,2023-12-10,CHI,DET,28.0,13.0,142.0,,-170.0,True,True,False,True,football|NFL|2023-12-10|CHI|DET
nflverse,football,NFL,2023-12-10,CIN,IND,34.0,14.0,-148.0,,124.0,True,True,False,True,football|NFL|2023-12-10|CIN|IND
nflverse,football,NFL,2023-12-10,CLE,JAX,31.0,27.0,-142.0,,120.0,True,True,False,True,football|NFL|2023-12-10|CLE|JAX
nflverse,football,NFL,2023-12-10,NO,CAR,28.0,6.0,-245.0,,200.0,True,True,False,True,football|NFL|2023-12-10|NO|CAR
nflverse,football,NFL,2023-12-10,NYJ,HOU,30.0,6.0,145.0,,-175.0,True,True,False,True,football|NFL|2023-12-10|NYJ|HOU
nflverse,football,NFL,2023-12-10,LV,MIN,0.0,3.0,130.0,,-155.0,True,True,False,True,football|NFL|2023-12-10|LV|MIN
nflverse,football,NFL,2023-12-10,SF,SEA,28.0,16.0,-1000.0,,650.0,True,True,False,True,football|NFL|2023-12-10|SF|SEA
nflverse,football,NFL,2023-12-10,KC,BUF,17.0,20.0,-125.0,,105.0,True,True,False,True,football|NFL|2023-12-10|KC|BUF
nflverse,football,NFL,2023-12-10,LAC,DEN,7.0,24.0,-162.0,,136.0,True,True,False,True,football|NFL|2023-12-10|LAC|DEN
nflverse,football,NFL,2023-12-10,DAL,PHI,33.0,13.0,-175.0,,145.0,True,True,False,True,football|NFL|2023-12-10|DAL|PHI
nflverse,football,NFL,2023-12-11,MIA,TEN,27.0,28.0,-950.0,,625.0,True,True,False,True,football|NFL|2023-12-11|MIA|TEN
nflverse,football,NFL,2023-12-11,NYG,GB,24.0,22.0,215.0,,-265.0,True,True,False,True,football|NFL|2023-12-11|NYG|GB
nflverse,football,NFL,2023-12-14,LV,LAC,63.0,21.0,-162.0,,136.0,True,True,False,True,football|NFL|2023-12-14|LV|LAC
nflverse,football,NFL,2023-12-16,CIN,MIN,27.0,24.0,-175.0,,145.0,True,True,False,True,football|NFL|2023-12-16|CIN|MIN
nflverse,football,NFL,2023-12-16,IND,PIT,30.0,13.0,-122.0,,102.0,True,True,False,True,football|NFL|2023-12-16|IND|PIT
nflverse,football,NFL,2023-12-16,DET,DEN,42.0,17.0,-258.0,,210.0,True,True,False,True,football|NFL|2023-12-16|DET|DEN
nflverse,football,NFL,2023-12-17,CAR,ATL,9.0,7.0,130.0,,-155.0,True,True,False,True,football|NFL|2023-12-17|CAR|ATL
nflverse,football,NFL,2023-12-17,CLE,CHI,20.0,17.0,-148.0,,124.0,True,True,False,True,football|NFL|2023-12-17|CLE|CHI
nflverse,football,NFL,2023-12-17,GB,TB,20.0,34.0,-218.0,,180.0,True,True,False,True,football|NFL|2023-12-17|GB|TB
nflverse,football,NFL,2023-12-17,MIA,NYJ,30.0,0.0,-345.0,,275.0,True,True,False,True,football|NFL|2023-12-17|MIA|NYJ
nflverse,football,NFL,2023-12-17,NE,KC,17.0,27.0,370.0,,-485.0,True,True,False,True,football|NFL|2023-12-17|NE|KC
nflverse,football,NFL,2023-12-17,NO,NYG,24.0,6.0,-250.0,,205.0,True,True,False,True,football|NFL|2023-12-17|NO|NYG
nflverse,football,NFL,2023-12-17,TEN,HOU,16.0,19.0,-170.0,,142.0,True,True,False,True,football|NFL|2023-12-17|TEN|HOU
nflverse,football,NFL,2023-12-17,ARI,SF,29.0,45.0,525.0,,-750.0,True,True,False,True,football|NFL|2023-12-17|ARI|SF
nflverse,football,NFL,2023-12-17,LA,WAS,28.0,20.0,-298.0,,240.0,True,True,False,True,football|NFL|2023-12-17|LA|WAS
nflverse,football,NFL,2023-12-17,BUF,DAL,31.0,10.0,-135.0,,114.0,True,True,False,True,football|NFL|2023-12-17|BUF|DAL
nflverse,football,NFL,2023-12-17,JAX,BAL,7.0,23.0,185.0,,-225.0,True,True,False,True,football|NFL|2023-12-17|JAX|BAL
nflverse,football,NFL,2023-12-18,SEA,PHI,20.0,17.0,195.0,,-238.0,True,True,False,True,football|NFL|2023-12-18|SEA|PHI
nflverse,football,NFL,2023-12-21,LA,NO,30.0,22.0,-218.0,,180.0,True,True,False,True,football|NFL|2023-12-21|LA|NO
nflverse,football,NFL,2023-12-23,PIT,CIN,34.0,11.0,130.0,,-155.0,True,True,False,True,football|NFL|2023-12-23|PIT|CIN
nflverse,football,NFL,2023-12-23,LAC,BUF,22.0,24.0,550.0,,-800.0,True,True,False,True,football|NFL|2023-12-23|LAC|BUF
nflverse,football,NFL,2023-12-24,ATL,IND,29.0,10.0,-155.0,,130.0,True,True,False,True,football|NFL|2023-12-24|ATL|IND
nflverse,football,NFL,2023-12-24,CAR,GB,30.0,33.0,164.0,,-198.0,True,True,False,True,football|NFL|2023-12-24|CAR|GB
nflverse,football,NFL,2023-12-24,HOU,CLE,22.0,36.0,136.0,,-162.0,True,True,False,True,football|NFL|2023-12-24|HOU|CLE
nflverse,football,NFL,2023-12-24,MIN,DET,24.0,30.0,124.0,,-148.0,True,True,False,True,football|NFL|2023-12-24|MIN|DET
nflverse,football,NFL,2023-12-24,NYJ,WAS,30.0,28.0,-166.0,,140.0,True,True,False,True,football|NFL|2023-12-24|NYJ|WAS
nflverse,football,NFL,2023-12-24,TEN,SEA,17.0,20.0,140.0,,-166.0,True,True,False,True,football|NFL|2023-12-24|TEN|SEA
nflverse,football,NFL,2023-12-24,TB,JAX,30.0,12.0,105.0,,-125.0,True,True,False,True,football|NFL|2023-12-24|TB|JAX
nflverse,football,NFL,2023-12-24,CHI,ARI,27.0,16.0,-218.0,,180.0,True,True,False,True,football|NFL|2023-12-24|CHI|ARI
nflverse,football,NFL,2023-12-24,MIA,DAL,22.0,20.0,-122.0,,102.0,True,True,False,True,football|NFL|2023-12-24|MIA|DAL
nflverse,football,NFL,2023-12-24,DEN,NE,23.0,26.0,-340.0,,270.0,True,True,False,True,football|NFL|2023-12-24|DEN|NE
nflverse,football,NFL,2023-12-25,KC,LV,14.0,20.0,-600.0,,440.0,True,True,False,True,football|NFL|2023-12-25|KC|LV
nflverse,football,NFL,2023-12-25,PHI,NYG,33.0,25.0,-900.0,,600.0,True,True,False,True,football|NFL|2023-12-25|PHI|NYG
nflverse,football,NFL,2023-12-25,SF,BAL,19.0,33.0,-345.0,,275.0,True,True,False,True,football|NFL|2023-12-25|SF|BAL
nflverse,football,NFL,2023-12-28,CLE,NYJ,37.0,20.0,-345.0,,270.0,True,True,False,True,football|NFL|2023-12-28|CLE|NYJ
nflverse,football,NFL,2023-12-30,DAL,DET,20.0,19.0,-238.0,,195.0,True,True,False,True,football|NFL|2023-12-30|DAL|DET
nflverse,football,NFL,2023-12-31,BAL,MIA,56.0,19.0,-180.0,,150.0,True,True,False,True,football|NFL|2023-12-31|BAL|MIA
nflverse,football,NFL,2023-12-31,BUF,NE,27.0,21.0,-1200.0,,750.0,True,True,False,True,football|NFL|2023-12-31|BUF|NE
nflverse,football,NFL,2023-12-31,CHI,ATL,37.0,17.0,-155.0,,130.0,True,True,False,True,football|NFL|2023-12-31|CHI|ATL
nflverse,football,NFL,2023-12-31,HOU,TEN,26.0,3.0,-230.0,,190.0,True,True,False,True,football|NFL|2023-12-31|HOU|TEN
nflverse,football,NFL,2023-12-31,IND,LV,23.0,20.0,-180.0,,150.0,True,True,False,True,football|NFL|2023-12-31|IND|LV
nflverse,football,NFL,2023-12-31,JAX,CAR,26.0,0.0,-192.0,,160.0,True,True,False,True,football|NFL|2023-12-31|JAX|CAR
nflverse,football,NFL,2023-12-31,NYG,LA,25.0,26.0,240.0,,-298.0,True,True,False,True,football|NFL|2023-12-31|NYG|LA
nflverse,football,NFL,2023-12-31,PHI,ARI,31.0,35.0,-750.0,,525.0,True,True,False,True,football|NFL|2023-12-31|PHI|ARI
nflverse,football,NFL,2023-12-31,TB,NO,13.0,23.0,-148.0,,124.0,True,True,False,True,football|NFL|2023-12-31|TB|NO
nflverse,football,NFL,2023-12-31,WAS,SF,10.0,27.0,675.0,,-1050.0,True,True,False,True,football|NFL|2023-12-31|WAS|SF
nflverse,football,NFL,2023-12-31,SEA,PIT,23.0,30.0,-225.0,,185.0,True,True,False,True,football|NFL|2023-12-31|SEA|PIT
nflverse,football,NFL,2023-12-31,DEN,LAC,16.0,9.0,-198.0,,164.0,True,True,False,True,football|NFL|2023-12-31|DEN|LAC
nflverse,football,NFL,2023-12-31,KC,CIN,25.0,17.0,-345.0,,275.0,True,True,False,True,football|NFL|2023-12-31|KC|CIN
nflverse,football,NFL,2023-12-31,MIN,GB,10.0,33.0,-112.0,,-108.0,True,True,False,True,football|NFL|2023-12-31|MIN|GB
nflverse,football,NFL,2024-01-06,BAL,PIT,10.0,17.0,130.0,,-155.0,True,True,False,True,football|NFL|2024-01-06|BAL|PIT
nflverse,football,NFL,2024-01-06,IND,HOU,19.0,23.0,105.0,,-125.0,True,True,False,True,football|NFL|2024-01-06|IND|HOU
nflverse,football,NFL,2024-01-07,CAR,TB,0.0,9.0,200.0,,-245.0,True,True,False,True,football|NFL|2024-01-07|CAR|TB
nflverse,football,NFL,2024-01-07,CIN,CLE,31.0,14.0,-360.0,,285.0,True,True,False,True,football|NFL|2024-01-07|CIN|CLE
nflverse,football,NFL,2024-01-07,DET,MIN,30.0,20.0,-205.0,,170.0,True,True,False,True,football|NFL|2024-01-07|DET|MIN
nflverse,football,NFL,2024-01-07,NE,NYJ,3.0,17.0,-142.0,,120.0,True,True,False,True,football|NFL|2024-01-07|NE|NYJ
nflverse,football,NFL,2024-01-07,NO,ATL,48.0,17.0,-175.0,,145.0,True,True,False,True,football|NFL|2024-01-07|NO|ATL
nflverse,football,NFL,2024-01-07,TEN,JAX,28.0,20.0,154.0,,-185.0,True,True,False,True,football|NFL|2024-01-07|TEN|JAX
nflverse,football,NFL,2024-01-07,ARI,SEA,20.0,21.0,130.0,,-155.0,True,True,False,True,football|NFL|2024-01-07|ARI|SEA
nflverse,football,NFL,2024-01-07,GB,CHI,17.0,9.0,-148.0,,124.0,True,True,False,True,football|NFL|2024-01-07|GB|CHI
nflverse,football,NFL,2024-01-07,LAC,KC,12.0,13.0,-185.0,,154.0,True,True,False,True,football|NFL|2024-01-07|LAC|KC
nflverse,football,NFL,2024-01-07,LV,DEN,27.0,14.0,-175.0,,145.0,True,True,False,True,football|NFL|2024-01-07|LV|DEN
nflverse,football,NFL,2024-01-07,NYG,PHI,27.0,10.0,190.0,,-238.0,True,True,False,True,football|NFL|2024-01-07|NYG|PHI
nflverse,football,NFL,2024-01-07,SF,LA,20.0,21.0,-245.0,,200.0,True,True,False,True,football|NFL|2024-01-07|SF|LA
nflverse,football,NFL,2024-01-07,WAS,DAL,10.0,38.0,575.0,,-850.0,True,True,False,True,football|NFL|2024-01-07|WAS|DAL
nflverse,football,NFL,2024-01-07,MIA,BUF,14.0,21.0,130.0,,-155.0,True,True,False,True,football|NFL|2024-01-07|MIA|BUF
nflverse,football,NFL,2024-01-13,HOU,CLE,45.0,14.0,124.0,,-148.0,True,True,False,True,football|NFL|2024-01-13|HOU|CLE
nflverse,football,NFL,2024-01-13,KC,MIA,26.0,7.0,-230.0,,190.0,True,True,False,True,football|NFL|2024-01-13|KC|MIA
nflverse,football,NFL,2024-01-14,DAL,GB,32.0,48.0,-345.0,,275.0,True,True,False,True,football|NFL|2024-01-14|DAL|GB
nflverse,football,NFL,2024-01-14,DET,LA,24.0,23.0,-162.0,,136.0,True,True,False,True,football|NFL|2024-01-14|DET|LA
nflverse,football,NFL,2024-01-15,BUF,PIT,31.0,17.0,-485.0,,370.0,True,True,False,True,football|NFL|2024-01-15|BUF|PIT
nflverse,football,NFL,2024-01-15,TB,PHI,32.0,9.0,136.0,,-162.0,True,True,False,True,football|NFL|2024-01-15|TB|PHI
nflverse,football,NFL,2024-01-20,BAL,HOU,34.0,10.0,-425.0,,330.0,True,True,False,True,football|NFL|2024-01-20|BAL|HOU
nflverse,football,NFL,2024-01-20,SF,GB,24.0,21.0,-470.0,,360.0,True,True,False,True,football|NFL|2024-01-20|SF|GB
nflverse,football,NFL,2024-01-21,DET,TB,31.0,23.0,-278.0,,225.0,True,True,False,True,football|NFL|2024-01-21|DET|TB
nflverse,football,NFL,2024-01-21,BUF,KC,24.0,27.0,-142.0,,120.0,True,True,False,True,football|NFL|2024-01-21|BUF|KC
nflverse,football,NFL,2024-01-28,BAL,KC,10.0,17.0,-218.0,,180.0,True,True,False,True,football|NFL|2024-01-28|BAL|KC
nflverse,football,NFL,2024-01-28,SF,DET,34.0,31.0,-325.0,,260.0,True,True,False,True,football|NFL|2024-01-28|SF|DET
nflverse,football,NFL,2024-02-11,KC,SF,25.0,22.0,100.0,,-120.0,True,True,False,True,football|NFL|2024-02-11|KC|SF
nflverse,football,NFL,2024-09-05,KC,BAL,27.0,20.0,-148.0,,124.0,True,True,False,True,football|NFL|2024-09-05|KC|BAL
nflverse,football,NFL,2024-09-06,PHI,GB,34.0,29.0,-130.0,,110.0,True,True,False,True,football|NFL|2024-09-06|PHI|GB
nflverse,football,NFL,2024-09-08,ATL,PIT,10.0,18.0,-192.0,,160.0,True,True,False,True,football|NFL|2024-09-08|ATL|PIT
nflverse,football,NFL,2024-09-08,BUF,ARI,34.0,28.0,-310.0,,250.0,True,True,False,True,football|NFL|2024-09-08|BUF|ARI
nflverse,football,NFL,2024-09-08,CHI,TEN,24.0,17.0,-198.0,,164.0,True,True,False,True,football|NFL|2024-09-08|CHI|TEN
nflverse,football,NFL,2024-09-08,CIN,NE,10.0,16.0,-375.0,,295.0,True,True,False,True,football|NFL|2024-09-08|CIN|NE
nflverse,football,NFL,2024-09-08,IND,HOU,27.0,29.0,130.0,,-155.0,True,True,False,True,football|NFL|2024-09-08|IND|HOU
nflverse,football,NFL,2024-09-08,MIA,JAX,20.0,17.0,-180.0,,150.0,True,True,False,True,football|NFL|2024-09-08|MIA|JAX
nflverse,football,NFL,2024-09-08,NO,CAR,47.0,10.0,-192.0,,160.0,True,True,False,True,football|NFL|2024-09-08|NO|CAR
nflverse,football,NFL,2024-09-08,NYG,MIN,6.0,28.0,-105.0,,-115.0,True,True,False,True,football|NFL|2024-09-08|NYG|MIN
nflverse,football,NFL,2024-09-08,LAC,LV,22.0,10.0,-155.0,,130.0,True,True,False,True,football|NFL|2024-09-08|LAC|LV
nflverse,football,NFL,2024-09-08,SEA,DEN,26.0,20.0,-278.0,,225.0,True,True,False,True,football|NFL|2024-09-08|SEA|DEN
nflverse,football,NFL,2024-09-08,CLE,DAL,17.0,33.0,-130.0,,110.0,True,True,False,True,football|NFL|2024-09-08|CLE|DAL
nflverse,football,NFL,2024-09-08,TB,WAS,37.0,20.0,-198.0,,164.0,True,True,False,True,football|NFL|2024-09-08|TB|WAS
nflverse,football,NFL,2024-09-08,DET,LA,26.0,20.0,-225.0,,185.0,True,True,False,True,football|NFL|2024-09-08|DET|LA
nflverse,football,NFL,2024-09-09,SF,NYJ,32.0,19.0,-180.0,,150.0,True,True,False,True,football|NFL|2024-09-09|SF|NYJ
nflverse,football,NFL,2024-09-12,MIA,BUF,10.0,31.0,-135.0,,114.0,True,True,False,True,football|NFL|2024-09-12|MIA|BUF
nflverse,football,NFL,2024-09-15,BAL,LV,23.0,26.0,-455.0,,350.0,True,True,False,True,football|NFL|2024-09-15|BAL|LV
nflverse,football,NFL,2024-09-15,CAR,LAC,3.0,26.0,185.0,,-225.0,True,True,False,True,football|NFL|2024-09-15|CAR|LAC
nflverse,football,NFL,2024-09-15,DAL,NO,19.0,44.0,-290.0,,235.0,True,True,False,True,football|NFL|2024-09-15|DAL|NO
nflverse,football,NFL,2024-09-15,DET,TB,16.0,20.0,-375.0,,295.0,True,True,False,True,football|NFL|2024-09-15|DET|TB
nflverse,football,NFL,2024-09-15,GB,IND,16.0,10.0,120.0,,-142.0,True,True,False,True,football|NFL|2024-09-15|GB|IND
nflverse,football,NFL,2024-09-15,JAX,CLE,13.0,18.0,-170.0,,142.0,True,True,False,True,football|NFL|2024-09-15|JAX|CLE
nflverse,football,NFL,2024-09-15,MIN,SF,23.0,17.0,180.0,,-218.0,True,True,False,True,football|NFL|2024-09-15|MIN|SF
nflverse,football,NFL,2024-09-15,NE,SEA,20.0,23.0,142.0,,-170.0,True,True,False,True,football|NFL|2024-09-15|NE|SEA
nflverse,football,NFL,2024-09-15,TEN,NYJ,17.0,24.0,150.0,,-180.0,True,True,False,True,football|NFL|2024-09-15|TEN|NYJ
nflverse,football,NFL,2024-09-15,WAS,NYG,21.0,18.0,-125.0,,105.0,True,True,False,True,football|NFL|2024-09-15|WAS|NYG
nflverse,football,NFL,2024-09-15,ARI,LA,41.0,10.0,-108.0,,-112.0,True,True,False,True,football|NFL|2024-09-15|ARI|LA
nflverse,football,NFL,2024-09-15,DEN,PIT,6.0,13.0,130.0,,-155.0,True,True,False,True,football|NFL|2024-09-15|DEN|PIT
nflverse,football,NFL,2024-09-15,KC,CIN,26.0,25.0,-290.0,,235.0,True,True,False,True,football|NFL|2024-09-15|KC|CIN
nflverse,football,NFL,2024-09-15,HOU,CHI,19.0,13.0,-258.0,,210.0,True,True,False,True,football|NFL|2024-09-15|HOU|CHI
nflverse,football,NFL,2024-09-16,PHI,ATL,21.0,22.0,-265.0,,215.0,True,True,False,True,football|NFL|2024-09-16|PHI|ATL
nflverse,football,NFL,2024-09-19,NYJ,NE,24.0,3.0,-285.0,,230.0,True,True,False,True,football|NFL|2024-09-19|NYJ|NE
nflverse,football,NFL,2024-09-22,CLE,NYG,15.0,21.0,-270.0,,220.0,True,True,False,True,football|NFL|2024-09-22|CLE|NYG
nflverse,football,NFL,2024-09-22,IND,CHI,21.0,16.0,-125.0,,105.0,True,True,False,True,football|NFL|2024-09-22|IND|CHI
nflverse,football,NFL,2024-09-22,MIN,HOU,34.0,7.0,114.0,,-135.0,True,True,False,True,football|NFL|2024-09-22|MIN|HOU
nflverse,football,NFL,2024-09-22,NO,PHI,12.0,15.0,-142.0,,120.0,True,True,False,True,football|NFL|2024-09-22|NO|PHI
nflverse,football,NFL,2024-09-22,PIT,LAC,20.0,10.0,-148.0,,124.0,True,True,False,True,football|NFL|2024-09-22|PIT|LAC
nflverse,football,NFL,2024-09-22,TB,DEN,7.0,26.0,-245.0,,200.0,True,True,False,True,football|NFL|2024-09-22|TB|DEN
nflverse,football,NFL,2024-09-22,TEN,GB,14.0,30.0,-162.0,,136.0,True,True,False,True,football|NFL|2024-09-22|TEN|GB
nflverse,football,NFL,2024-09-22,LV,CAR,22.0,36.0,-245.0,,200.0,True,True,False,True,football|NFL|2024-09-22|LV|CAR
nflverse,football,NFL,2024-09-22,SEA,MIA,24.0,3.0,-205.0,,170.0,True,True,False,True,football|NFL|2024-09-22|SEA|MIA
nflverse,football,NFL,2024-09-22,ARI,DET,13.0,20.0,124.0,,-148.0,True,True,False,True,football|NFL|2024-09-22|ARI|DET
nflverse,football,NFL,2024-09-22,DAL,BAL,25.0,28.0,100.0,,-120.0,True,True,False,True,football|NFL|2024-09-22|DAL|BAL
nflverse,football,NFL,2024-09-22,LA,SF,27.0,24.0,210.0,,-258.0,True,True,False,True,football|NFL|2024-09-22|LA|SF
nflverse,football,NFL,2024-09-22,ATL,KC,17.0,22.0,142.0,,-170.0,True,True,False,True,football|NFL|2024-09-22|ATL|KC
nflverse,football,NFL,2024-09-23,BUF,JAX,47.0,10.0,-218.0,,180.0,True,True,False,True,football|NFL|2024-09-23|BUF|JAX
nflverse,football,NFL,2024-09-23,CIN,WAS,33.0,38.0,-355.0,,280.0,True,True,False,True,football|NFL|2024-09-23|CIN|WAS
nflverse,football,NFL,2024-09-26,NYG,DAL,15.0,20.0,205.0,,-250.0,True,True,False,True,football|NFL|2024-09-26|NYG|DAL
nflverse,football,NFL,2024-09-29,ATL,NO,26.0,24.0,-142.0,,120.0,True,True,False,True,football|NFL|2024-09-29|ATL|NO
nflverse,football,NFL,2024-09-29,CAR,CIN,24.0,34.0,170.0,,-205.0,True,True,False,True,football|NFL|2024-09-29|CAR|CIN
nflverse,football,NFL,2024-09-29,CHI,LA,24.0,18.0,-162.0,,136.0,True,True,False,True,football|NFL|2024-09-29|CHI|LA
nflverse,football,NFL,2024-09-29,GB,MIN,29.0,31.0,-135.0,,114.0,True,True,False,True,football|NFL|2024-09-29|GB|MIN
nflverse,football,NFL,2024-09-29,HOU,JAX,24.0,20.0,-238.0,,195.0,True,True,False,True,football|NFL|2024-09-29|HOU|JAX
nflverse,football,NFL,2024-09-29,IND,PIT,27.0,24.0,110.0,,-130.0,True,True,False,True,football|NFL|2024-09-29|IND|PIT
nflverse,football,NFL,2024-09-29,NYJ,DEN,9.0,10.0,-425.0,,330.0,True,True,False,True,football|NFL|2024-09-29|NYJ|DEN
nflverse,football,NFL,2024-09-29,TB,PHI,33.0,16.0,-105.0,,-115.0,True,True,False,True,football|NFL|2024-09-29|TB|PHI
nflverse,football,NFL,2024-09-29,ARI,WAS,14.0,42.0,-180.0,,150.0,True,True,False,True,football|NFL|2024-09-29|ARI|WAS
nflverse,football,NFL,2024-09-29,SF,NE,30.0,13.0,-550.0,,410.0,True,True,False,True,football|NFL|2024-09-29|SF|NE
nflverse,football,NFL,2024-09-29,LAC,KC,10.0,17.0,275.0,,-345.0,True,True,False,True,football|NFL|2024-09-29|LAC|KC
nflverse,football,NFL,2024-09-29,LV,CLE,20.0,16.0,114.0,,-135.0,True,True,False,True,football|NFL|2024-09-29|LV|CLE
nflverse,football,NFL,2024-09-29,BAL,BUF,35.0,10.0,-135.0,,114.0,True,True,False,True,football|NFL|2024-09-29|BAL|BUF
nflverse,football,NFL,2024-09-30,MIA,TEN,12.0,31.0,-135.0,,114.0,True,True,False,True,football|NFL|2024-09-30|MIA|TEN
nflverse,football,NFL,2024-09-30,DET,SEA,42.0,29.0,-185.0,,154.0,True,True,False,True,football|NFL|2024-09-30|DET|SEA
nflverse,football,NFL,2024-10-03,ATL,TB,36.0,30.0,-142.0,,120.0,True,True,False,True,football|NFL|2024-10-03|ATL|TB
nflverse,football,NFL,2024-10-06,MIN,NYJ,23.0,17.0,-142.0,,120.0,True,True,False,True,football|NFL|2024-10-06|MIN|NYJ
nflverse,football,NFL,2024-10-06,CHI,CAR,36.0,10.0,-198.0,,164.0,True,True,False,True,football|NFL|2024-10-06|CHI|CAR
nflverse,football,NFL,2024-10-06,CIN,BAL,38.0,41.0,124.0,,-148.0,True,True,False,True,football|NFL|2024-10-06|CIN|BAL
nflverse,football,NFL,2024-10-06,HOU,BUF,23.0,20.0,-118.0,,-102.0,True,True,False,True,football|NFL|2024-10-06|HOU|BUF
nflverse,football,NFL,2024-10-06,JAX,IND,37.0,34.0,-185.0,,154.0,True,True,False,True,football|NFL|2024-10-06|JAX|IND
nflverse,football,NFL,2024-10-06,NE,MIA,10.0,15.0,110.0,,-130.0,True,True,False,True,football|NFL|2024-10-06|NE|MIA
nflverse,football,NFL,2024-10-06,WAS,CLE,34.0,13.0,-155.0,,130.0,True,True,False,True,football|NFL|2024-10-06|WAS|CLE
nflverse,football,NFL,2024-10-06,DEN,LV,34.0,18.0,-155.0,,130.0,True,True,False,True,football|NFL|2024-10-06|DEN|LV
nflverse,football,NFL,2024-10-06,SF,ARI,23.0,24.0,-325.0,,260.0,True,True,False,True,football|NFL|2024-10-06|SF|ARI
nflverse,football,NFL,2024-10-06,LA,GB,19.0,24.0,130.0,,-155.0,True,True,False,True,football|NFL|2024-10-06|LA|GB
nflverse,football,NFL,2024-10-06,SEA,NYG,20.0,29.0,-310.0,,250.0,True,True,False,True,football|NFL|2024-10-06|SEA|NYG
nflverse,football,NFL,2024-10-06,PIT,DAL,17.0,20.0,-135.0,,114.0,True,True,False,True,football|NFL|2024-10-06|PIT|DAL
nflverse,football,NFL,2024-10-07,KC,NO,26.0,13.0,-230.0,,190.0,True,True,False,True,football|NFL|2024-10-07|KC|NO
nflverse,football,NFL,2024-10-10,SEA,SF,24.0,36.0,164.0,,-198.0,True,True,False,True,football|NFL|2024-10-10|SEA|SF
nflverse,football,NFL,2024-10-13,CHI,JAX,35.0,16.0,100.0,,-120.0,True,True,False,True,football|NFL|2024-10-13|CHI|JAX
nflverse,football,NFL,2024-10-13,BAL,WAS,30.0,23.0,-285.0,,230.0,True,True,False,True,football|NFL|2024-10-13|BAL|WAS
nflverse,football,NFL,2024-10-13,GB,ARI,34.0,13.0,-238.0,,195.0,True,True,False,True,football|NFL|2024-10-13|GB|ARI
nflverse,football,NFL,2024-10-13,NE,HOU,21.0,41.0,215.0,,-265.0,True,True,False,True,football|NFL|2024-10-13|NE|HOU
nflverse,football,NFL,2024-10-13,NO,TB,27.0,51.0,145.0,,-175.0,True,True,False,True,football|NFL|2024-10-13|NO|TB
nflverse,football,NFL,2024-10-13,PHI,CLE,20.0,16.0,-425.0,,330.0,True,True,False,True,football|NFL|2024-10-13|PHI|CLE
nflverse,football,NFL,2024-10-13,TEN,IND,17.0,20.0,-135.0,,114.0,True,True,False,True,football|NFL|2024-10-13|TEN|IND
nflverse,football,NFL,2024-10-13,DEN,LAC,16.0,23.0,130.0,,-155.0,True,True,False,True,football|NFL|2024-10-13|DEN|LAC
nflverse,football,NFL,2024-10-13,LV,PIT,13.0,32.0,150.0,,-180.0,True,True,False,True,football|NFL|2024-10-13|LV|PIT
nflverse,football,NFL,2024-10-13,CAR,ATL,20.0,38.0,210.0,,-258.0,True,True,False,True,football|NFL|2024-10-13|CAR|ATL
nflverse,football,NFL,2024-10-13,DAL,DET,9.0,47.0,150.0,,-180.0,True,True,False,True,football|NFL|2024-10-13|DAL|DET
nflverse,football,NFL,2024-10-13,NYG,CIN,7.0,17.0,190.0,,-230.0,True,True,False,True,football|NFL|2024-10-13|NYG|CIN
nflverse,football,NFL,2024-10-14,NYJ,BUF,20.0,23.0,102.0,,-122.0,True,True,False,True,football|NFL|2024-10-14|NYJ|BUF
nflverse,football,NFL,2024-10-17,NO,DEN,10.0,33.0,124.0,,-148.0,True,True,False,True,football|NFL|2024-10-17|NO|DEN
nflverse,football,NFL,2024-10-20,JAX,NE,32.0,16.0,-298.0,,240.0,True,True,False,True,football|NFL|2024-10-20|JAX|NE
nflverse,football,NFL,2024-10-20,ATL,SEA,14.0,34.0,-162.0,,136.0,True,True,False,True,football|NFL|2024-10-20|ATL|SEA
nflverse,football,NFL,2024-10-20,BUF,TEN,34.0,10.0,-535.0,,400.0,True,True,False,True,football|NFL|2024-10-20|BUF|TEN
nflverse,football,NFL,2024-10-20,CLE,CIN,14.0,21.0,190.0,,-230.0,True,True,False,True,football|NFL|2024-10-20|CLE|CIN
nflverse,football,NFL,2024-10-20,GB,HOU,24.0,22.0,-170.0,,142.0,True,True,False,True,football|NFL|2024-10-20|GB|HOU
nflverse,football,NFL,2024-10-20,IND,MIA,16.0,10.0,-155.0,,130.0,True,True,False,True,football|NFL|2024-10-20|IND|MIA
nflverse,football,NFL,2024-10-20,MIN,DET,29.0,31.0,-118.0,,-102.0,True,True,False,True,football|NFL|2024-10-20|MIN|DET
nflverse,football,NFL,2024-10-20,NYG,PHI,3.0,28.0,140.0,,-166.0,True,True,False,True,football|NFL|2024-10-20|NYG|PHI
nflverse,football,NFL,2024-10-20,LA,LV,20.0,15.0,-355.0,,280.0,True,True,False,True,football|NFL|2024-10-20|LA|LV
nflverse,football,NFL,2024-10-20,WAS,CAR,40.0,7.0,-535.0,,400.0,True,True,False,True,football|NFL|2024-10-20|WAS|CAR
nflverse,football,NFL,2024-10-20,SF,KC,18.0,28.0,-142.0,,120.0,True,True,False,True,football|NFL|2024-10-20|SF|KC
nflverse,football,NFL,2024-10-20,PIT,NYJ,37.0,15.0,140.0,,-166.0,True,True,False,True,football|NFL|2024-10-20|PIT|NYJ
nflverse,football,NFL,2024-10-21,TB,BAL,31.0,41.0,185.0,,-225.0,True,True,False,True,football|NFL|2024-10-21|TB|BAL
nflverse,football,NFL,2024-10-21,ARI,LAC,17.0,15.0,102.0,,-122.0,True,True,False,True,football|NFL|2024-10-21|ARI|LAC
nflverse,football,NFL,2024-10-24,LA,MIN,30.0,20.0,130.0,,-155.0,True,True,False,True,football|NFL|2024-10-24|LA|MIN
nflverse,football,NFL,2024-10-27,CIN,PHI,17.0,37.0,-148.0,,124.0,True,True,False,True,football|NFL|2024-10-27|CIN|PHI
nflverse,football,NFL,2024-10-27,CLE,BAL,29.0,24.0,300.0,,-380.0,True,True,False,True,football|NFL|2024-10-27|CLE|BAL
nflverse,football,NFL,2024-10-27,DET,TEN,52.0,14.0,-800.0,,550.0,True,True,False,True,football|NFL|2024-10-27|DET|TEN
nflverse,football,NFL,2024-10-27,HOU,IND,23.0,20.0,-225.0,,185.0,True,True,False,True,football|NFL|2024-10-27|HOU|IND
nflverse,football,NFL,2024-10-27,JAX,GB,27.0,30.0,160.0,,-192.0,True,True,False,True,football|NFL|2024-10-27|JAX|GB
nflverse,football,NFL,2024-10-27,MIA,ARI,27.0,28.0,-198.0,,164.0,True,True,False,True,football|NFL|2024-10-27|MIA|ARI
nflverse,football,NFL,2024-10-27,NE,NYJ,25.0,22.0,245.0,,-305.0,True,True,False,True,football|NFL|2024-10-27|NE|NYJ
nflverse,football,NFL,2024-10-27,TB,ATL,26.0,31.0,102.0,,-122.0,True,True,False,True,football|NFL|2024-10-27|TB|ATL
nflverse,football,NFL,2024-10-27,LAC,NO,26.0,8.0,-310.0,,250.0,True,True,False,True,football|NFL|2024-10-27|LAC|NO
nflverse,football,NFL,2024-10-27,SEA,BUF,10.0,31.0,142.0,,-170.0,True,True,False,True,football|NFL|2024-10-27|SEA|BUF
nflverse,football,NFL,2024-10-27,DEN,CAR,28.0,14.0,-750.0,,525.0,True,True,False,True,football|NFL|2024-10-27|DEN|CAR
nflverse,football,NFL,2024-10-27,LV,KC,20.0,27.0,340.0,,-440.0,True,True,False,True,football|NFL|2024-10-27|LV|KC
nflverse,football,NFL,2024-10-27,WAS,CHI,18.0,15.0,-122.0,,102.0,True,True,False,True,football|NFL|2024-10-27|WAS|CHI
nflverse,football,NFL,2024-10-27,SF,DAL,30.0,24.0,-238.0,,195.0,True,True,False,True,football|NFL|2024-10-27|SF|DAL
nflverse,football,NFL,2024-10-28,PIT,NYG,26.0,18.0,-270.0,,220.0,True,True,False,True,football|NFL|2024-10-28|PIT|NYG
nflverse,football,NFL,2024-10-31,NYJ,HOU,21.0,13.0,-148.0,,124.0,True,True,False,True,football|NFL|2024-10-31|NYJ|HOU
nflverse,football,NFL,2024-11-03,ATL,DAL,27.0,21.0,-166.0,,140.0,True,True,False,True,football|NFL|2024-11-03|ATL|DAL
nflverse,football,NFL,2024-11-03,BAL,DEN,41.0,10.0,-440.0,,330.0,True,True,False,True,football|NFL|2024-11-03|BAL|DEN
nflverse,football,NFL,2024-11-03,BUF,MIA,30.0,27.0,-285.0,,230.0,True,True,False,True,football|NFL|2024-11-03|BUF|MIA
nflverse,football,NFL,2024-11-03,CAR,NO,23.0,22.0,275.0,,-345.0,True,True,False,True,football|NFL|2024-11-03|CAR|NO
nflverse,football,NFL,2024-11-03,CIN,LV,41.0,24.0,-410.0,,320.0,True,True,False,True,football|NFL|2024-11-03|CIN|LV
nflverse,football,NFL,2024-11-03,CLE,LAC,10.0,27.0,110.0,,-130.0,True,True,False,True,football|NFL|2024-11-03|CLE|LAC
nflverse,football,NFL,2024-11-03,NYG,WAS,22.0,27.0,180.0,,-218.0,True,True,False,True,football|NFL|2024-11-03|NYG|WAS
nflverse,football,NFL,2024-11-03,TEN,NE,20.0,17.0,-162.0,,136.0,True,True,False,True,football|NFL|2024-11-03|TEN|NE
nflverse,football,NFL,2024-11-03,ARI,CHI,29.0,9.0,-120.0,,100.0,True,True,False,True,football|NFL|2024-11-03|ARI|CHI
nflverse,football,NFL,2024-11-03,PHI,JAX,28.0,23.0,-340.0,,270.0,True,True,False,True,football|NFL|2024-11-03|PHI|JAX
nflverse,football,NFL,2024-11-03,GB,DET,14.0,24.0,130.0,,-155.0,True,True,False,True,football|NFL|2024-11-03|GB|DET
nflverse,football,NFL,2024-11-03,SEA,LA,20.0,26.0,105.0,,-125.0,True,True,False,True,football|NFL|2024-11-03|SEA|LA
nflverse,football,NFL,2024-11-03,MIN,IND,21.0,13.0,-298.0,,240.0,True,True,False,True,football|NFL|2024-11-03|MIN|IND
nflverse,football,NFL,2024-11-04,KC,TB,30.0,24.0,-425.0,,330.0,True,True,False,True,football|NFL|2024-11-04|KC|TB
nflverse,football,NFL,2024-11-07,BAL,CIN,35.0,34.0,-270.0,,220.0,True,True,False,True,football|NFL|2024-11-07|BAL|CIN
nflverse,football,NFL,2024-11-10,CAR,NYG,20.0,17.0,240.0,,-298.0,True,True,False,True,football|NFL|2024-11-10|CAR|NYG
nflverse,football,NFL,2024-11-10,CHI,NE,3.0,19.0,-325.0,,260.0,True,True,False,True,football|NFL|2024-11-10|CHI|NE
nflverse,football,NFL,2024-11-10,IND,BUF,20.0,30.0,190.0,,-230.0,True,True,False,True,football|NFL|2024-11-10|IND|BUF
nflverse,football,NFL,2024-11-10,JAX,MIN,7.0,12.0,280.0,,-345.0,True,True,False,True,football|NFL|2024-11-10|JAX|MIN
nflverse,football,NFL,2024-11-10,KC,DEN,16.0,14.0,-380.0,,300.0,True,True,False,True,football|NFL|2024-11-10|KC|DEN
nflverse,football,NFL,2024-11-10,NO,ATL,20.0,17.0,160.0,,-192.0,True,True,False,True,football|NFL|2024-11-10|NO|ATL
nflverse,football,NFL,2024-11-10,TB,SF,20.0,23.0,240.0,,-298.0,True,True,False,True,football|NFL|2024-11-10|TB|SF
nflverse,football,NFL,2024-11-10,WAS,PIT,27.0,28.0,-122.0,,102.0,True,True,False,True,football|NFL|2024-11-10|WAS|PIT
nflverse,football,NFL,2024-11-10,LAC,TEN,27.0,17.0,-380.0,,300.0,True,True,False,True,football|NFL|2024-11-10|LAC|TEN
nflverse,football,NFL,2024-11-10,ARI,NYJ,31.0,6.0,110.0,,-130.0,True,True,False,True,football|NFL|2024-11-10|ARI|NYJ
nflverse,football,NFL,2024-11-10,DAL,PHI,6.0,34.0,285.0,,-360.0,True,True,False,True,football|NFL|2024-11-10|DAL|PHI
nflverse,football,NFL,2024-11-10,HOU,DET,23.0,26.0,190.0,,-230.0,True,True,False,True,football|NFL|2024-11-10|HOU|DET
nflverse,football,NFL,2024-11-11,LA,MIA,15.0,23.0,-142.0,,120.0,True,True,False,True,football|NFL|2024-11-11|LA|MIA
nflverse,football,NFL,2024-11-14,PHI,WAS,26.0,18.0,-230.0,,190.0,True,True,False,True,football|NFL|2024-11-14|PHI|WAS
nflverse,football,NFL,2024-11-17,CHI,GB,19.0,20.0,215.0,,-265.0,True,True,False,True,football|NFL|2024-11-17|CHI|GB
nflverse,football,NFL,2024-11-17,DET,JAX,52.0,6.0,-1000.0,,650.0,True,True,False,True,football|NFL|2024-11-17|DET|JAX
nflverse,football,NFL,2024-11-17,MIA,LV,34.0,19.0,-425.0,,330.0,True,True,False,True,football|NFL|2024-11-17|MIA|LV
nflverse,football,NFL,2024-11-17,NE,LA,22.0,28.0,164.0,,-198.0,True,True,False,True,football|NFL|2024-11-17|NE|LA
nflverse,football,NFL,2024-11-17,NO,CLE,35.0,14.0,-105.0,,-115.0,True,True,False,True,football|NFL|2024-11-17|NO|CLE
nflverse,football,NFL,2024-11-17,NYJ,IND,27.0,28.0,-205.0,,170.0,True,True,False,True,football|NFL|2024-11-17|NYJ|IND
nflverse,football,NFL,2024-11-17,PIT,BAL,18.0,16.0,145.0,,-175.0,True,True,False,True,football|NFL|2024-11-17|PIT|BAL
nflverse,football,NFL,2024-11-17,TEN,MIN,13.0,23.0,235.0,,-290.0,True,True,False,True,football|NFL|2024-11-17|TEN|MIN
nflverse,football,NFL,2024-11-17,DEN,ATL,38.0,6.0,-135.0,,114.0,True,True,False,True,football|NFL|2024-11-17|DEN|ATL
nflverse,football,NFL,2024-11-17,SF,SEA,17.0,20.0,-265.0,,215.0,True,True,False,True,football|NFL|2024-11-17|SF|SEA
nflverse,football,NFL,2024-11-17,BUF,KC,30.0,21.0,-142.0,,120.0,True,True,False,True,football|NFL|2024-11-17|BUF|KC
nflverse,football,NFL,2024-11-17,LAC,CIN,34.0,27.0,-110.0,,-110.0,True,True,False,True,football|NFL|2024-11-17|LAC|CIN
nflverse,football,NFL,2024-11-18,DAL,HOU,10.0,34.0,285.0,,-360.0,True,True,False,True,football|NFL|2024-11-18|DAL|HOU
nflverse,football,NFL,2024-11-21,CLE,PIT,24.0,19.0,170.0,,-205.0,True,True,False,True,football|NFL|2024-11-21|CLE|PIT
nflverse,football,NFL,2024-11-24,CAR,KC,27.0,30.0,500.0,,-700.0,True,True,False,True,football|NFL|2024-11-24|CAR|KC
nflverse,football,NFL,2024-11-24,CHI,MIN,27.0,30.0,145.0,,-175.0,True,True,False,True,football|NFL|2024-11-24|CHI|MIN
nflverse,football,NFL,2024-11-24,HOU,TEN,27.0,32.0,-375.0,,295.0,True,True,False,True,football|NFL|2024-11-24|HOU|TEN
nflverse,football,NFL,2024-11-24,IND,DET,6.0,24.0,295.0,,-375.0,True,True,False,True,football|NFL|2024-11-24|IND|DET
nflverse,football,NFL,2024-11-24,MIA,NE,34.0,15.0,-360.0,,285.0,True,True,False,True,football|NFL|2024-11-24|MIA|NE
nflverse,football,NFL,2024-11-24,NYG,TB,7.0,30.0,240.0,,-298.0,True,True,False,True,football|NFL|2024-11-24|NYG|TB
nflverse,football,NFL,2024-11-24,WAS,DAL,26.0,34.0,-625.0,,455.0,True,True,False,True,football|NFL|2024-11-24|WAS|DAL
nflverse,football,NFL,2024-11-24,LV,DEN,19.0,29.0,225.0,,-278.0,True,True,False,True,football|NFL|2024-11-24|LV|DEN
nflverse,football,NFL,2024-11-24,GB,SF,38.0,10.0,-290.0,,235.0,True,True,False,True,football|NFL|2024-11-24|GB|SF
nflverse,football,NFL,2024-11-24,SEA,ARI,16.0,6.0,-105.0,,-115.0,True,True,False,True,football|NFL|2024-11-24|SEA|ARI
nflverse,football,NFL,2024-11-24,LA,PHI,20.0,37.0,142.0,,-170.0,True,True,False,True,football|NFL|2024-11-24|LA|PHI
nflverse,football,NFL,2024-11-25,LAC,BAL,23.0,30.0,140.0,,-166.0,True,True,False,True,football|NFL|2024-11-25|LAC|BAL
nflverse,football,NFL,2024-11-28,DET,CHI,23.0,20.0,-520.0,,390.0,True,True,False,True,football|NFL|2024-11-28|DET|CHI
nflverse,football,NFL,2024-11-28,DAL,NYG,27.0,20.0,-218.0,,185.0,True,True,False,True,football|NFL|2024-11-28|DAL|NYG
nflverse,football,NFL,2024-11-28,GB,MIA,30.0,17.0,-175.0,,145.0,True,True,False,True,football|NFL|2024-11-28|GB|MIA
nflverse,football,NFL,2024-11-29,KC,LV,19.0,17.0,-800.0,,550.0,True,True,False,True,football|NFL|2024-11-29|KC|LV
nflverse,football,NFL,2024-12-01,ATL,LAC,13.0,17.0,-102.0,,-118.0,True,True,False,True,football|NFL|2024-12-01|ATL|LAC
nflverse,football,NFL,2024-12-01,CIN,PIT,38.0,44.0,-155.0,,130.0,True,True,False,True,football|NFL|2024-12-01|CIN|PIT
nflverse,football,NFL,2024-12-01,JAX,HOU,20.0,23.0,160.0,,-192.0,True,True,False,True,football|NFL|2024-12-01|JAX|HOU
nflverse,football,NFL,2024-12-01,MIN,ARI,23.0,22.0,-185.0,,154.0,True,True,False,True,football|NFL|2024-12-01|MIN|ARI
nflverse,football,NFL,2024-12-01,NE,IND,24.0,25.0,114.0,,-135.0,True,True,False,True,football|NFL|2024-12-01|NE|IND
nflverse,football,NFL,2024-12-01,NYJ,SEA,21.0,26.0,-115.0,,-105.0,True,True,False,True,football|NFL|2024-12-01|NYJ|SEA
nflverse,football,NFL,2024-12-01,WAS,TEN,42.0,19.0,-250.0,,205.0,True,True,False,True,football|NFL|2024-12-01|WAS|TEN
nflverse,football,NFL,2024-12-01,CAR,TB,23.0,26.0,235.0,,-290.0,True,True,False,True,football|NFL|2024-12-01|CAR|TB
nflverse,football,NFL,2024-12-01,NO,LA,14.0,21.0,120.0,,-142.0,True,True,False,True,football|NFL|2024-12-01|NO|LA
nflverse,football,NFL,2024-12-01,BAL,PHI,19.0,24.0,-162.0,,136.0,True,True,False,True,football|NFL|2024-12-01|BAL|PHI
nflverse,football,NFL,2024-12-01,BUF,SF,35.0,10.0,-340.0,,270.0,True,True,False,True,football|NFL|2024-12-01|BUF|SF
nflverse,football,NFL,2024-12-02,DEN,CLE,41.0,32.0,-290.0,,235.0,True,True,False,True,football|NFL|2024-12-02|DEN|CLE
nflverse,football,NFL,2024-12-05,DET,GB,34.0,31.0,-170.0,,142.0,True,True,False,True,football|NFL|2024-12-05|DET|GB
nflverse,football,NFL,2024-12-08,MIA,NYJ,32.0,26.0,-298.0,,240.0,True,True,False,True,football|NFL|2024-12-08|MIA|NYJ
nflverse,football,NFL,2024-12-08,MIN,ATL,42.0,21.0,-250.0,,205.0,True,True,False,True,football|NFL|2024-12-08|MIN|ATL
nflverse,football,NFL,2024-12-08,NYG,NO,11.0,14.0,200.0,,-245.0,True,True,False,True,football|NFL|2024-12-08|NYG|NO
nflverse,football,NFL,2024-12-08,PHI,CAR,22.0,16.0,-950.0,,625.0,True,True,False,True,football|NFL|2024-12-08|PHI|CAR
nflverse,football,NFL,2024-12-08,PIT,CLE,27.0,14.0,-258.0,,210.0,True,True,False,True,football|NFL|2024-12-08|PIT|CLE
nflverse,football,NFL,2024-12-08,TB,LV,28.0,13.0,-325.0,,260.0,True,True,False,True,football|NFL|2024-12-08|TB|LV
nflverse,football,NFL,2024-12-08,TEN,JAX,6.0,10.0,-170.0,,142.0,True,True,False,True,football|NFL|2024-12-08|TEN|JAX
nflverse,football,NFL,2024-12-08,ARI,SEA,18.0,30.0,-175.0,,145.0,True,True,False,True,football|NFL|2024-12-08|ARI|SEA
nflverse,football,NFL,2024-12-08,LA,BUF,44.0,42.0,160.0,,-192.0,True,True,False,True,football|NFL|2024-12-08|LA|BUF
nflverse,football,NFL,2024-12-08,SF,CHI,38.0,13.0,-162.0,,136.0,True,True,False,True,football|NFL|2024-12-08|SF|CHI
nflverse,football,NFL,2024-12-08,KC,LAC,19.0,17.0,-238.0,,195.0,True,True,False,True,football|NFL|2024-12-08|KC|LAC
nflverse,football,NFL,2024-12-09,DAL,CIN,20.0,27.0,190.0,,-230.0,True,True,False,True,football|NFL|2024-12-09|DAL|CIN
nflverse,football,NFL,2024-12-12,SF,LA,6.0,12.0,-155.0,,130.0,True,True,False,True,football|NFL|2024-12-12|SF|LA
nflverse,football,NFL,2024-12-15,CAR,DAL,14.0,30.0,-142.0,,120.0,True,True,False,True,football|NFL|2024-12-15|CAR|DAL
nflverse,football,NFL,2024-12-15,CLE,KC,7.0,21.0,190.0,,-230.0,True,True,False,True,football|NFL|2024-12-15|CLE|KC
nflverse,football,NFL,2024-12-15,HOU,MIA,20.0,12.0,-155.0,,130.0,True,True,False,True,football|NFL|2024-12-15|HOU|MIA
nflverse,football,NFL,2024-12-15,JAX,NYJ,25.0,32.0,145.0,,-175.0,True,True,False,True,football|NFL|2024-12-15|JAX|NYJ
nflverse,football,NFL,2024-12-15,NO,WAS,19.0,20.0,295.0,,-375.0,True,True,False,True,football|NFL|2024-12-15|NO|WAS
nflverse,football,NFL,2024-12-15,NYG,BAL,14.0,35.0,1000.0,,-1800.0,True,True,False,True,football|NFL|2024-12-15|NYG|BAL
nflverse,football,NFL,2024-12-15,TEN,CIN,27.0,37.0,205.0,,-250.0,True,True,False,True,football|NFL|2024-12-15|TEN|CIN
nflverse,football,NFL,2024-12-15,ARI,NE,30.0,17.0,-258.0,,210.0,True,True,False,True,football|NFL|2024-12-15|ARI|NE
nflverse,football,NFL,2024-12-15,DEN,IND,31.0,13.0,-238.0,,195.0,True,True,False,True,football|NFL|2024-12-15|DEN|IND
nflverse,football,NFL,2024-12-15,DET,BUF,42.0,48.0,-130.0,,110.0,True,True,False,True,football|NFL|2024-12-15|DET|BUF
nflverse,football,NFL,2024-12-15,LAC,TB,17.0,40.0,-162.0,,136.0,True,True,False,True,football|NFL|2024-12-15|LAC|TB
nflverse,football,NFL,2024-12-15,PHI,PIT,27.0,13.0,-265.0,,215.0,True,True,False,True,football|NFL|2024-12-15|PHI|PIT
nflverse,football,NFL,2024-12-15,SEA,GB,13.0,30.0,136.0,,-162.0,True,True,False,True,football|NFL|2024-12-15|SEA|GB
nflverse,football,NFL,2024-12-16,MIN,CHI,30.0,12.0,-325.0,,260.0,True,True,False,True,football|NFL|2024-12-16|MIN|CHI
nflverse,football,NFL,2024-12-16,LV,ATL,9.0,15.0,275.0,,-345.0,True,True,False,True,football|NFL|2024-12-16|LV|ATL
nflverse,football,NFL,2024-12-19,LAC,DEN,34.0,27.0,-148.0,,124.0,True,True,False,True,football|NFL|2024-12-19|LAC|DEN
nflverse,football,NFL,2024-12-21,KC,HOU,27.0,19.0,-180.0,,150.0,True,True,False,True,football|NFL|2024-12-21|KC|HOU
nflverse,football,NFL,2024-12-21,BAL,PIT,34.0,17.0,-345.0,,275.0,True,True,False,True,football|NFL|2024-12-21|BAL|PIT
nflverse,football,NFL,2024-12-22,ATL,NYG,34.0,7.0,-550.0,,410.0,True,True,False,True,football|NFL|2024-12-22|ATL|NYG
nflverse,football,NFL,2024-12-22,CAR,ARI,36.0,30.0,200.0,,-245.0,True,True,False,True,football|NFL|2024-12-22|CAR|ARI
nflverse,football,NFL,2024-12-22,CHI,DET,17.0,34.0,270.0,,-340.0,True,True,False,True,football|NFL|2024-12-22|CHI|DET
nflverse,football,NFL,2024-12-22,CIN,CLE,24.0,6.0,-575.0,,425.0,True,True,False,True,football|NFL|2024-12-22|CIN|CLE
nflverse,football,NFL,2024-12-22,IND,TEN,38.0,30.0,-198.0,,164.0,True,True,False,True,football|NFL|2024-12-22|IND|TEN
nflverse,football,NFL,2024-12-22,NYJ,LA,9.0,19.0,136.0,,-162.0,True,True,False,True,football|NFL|2024-12-22|NYJ|LA
nflverse,football,NFL,2024-12-22,WAS,PHI,36.0,33.0,180.0,,-218.0,True,True,False,True,football|NFL|2024-12-22|WAS|PHI
nflverse,football,NFL,2024-12-22,SEA,MIN,24.0,27.0,124.0,,-148.0,True,True,False,True,football|NFL|2024-12-22|SEA|MIN
nflverse,football,NFL,2024-12-22,BUF,NE,24.0,21.0,-1100.0,,700.0,True,True,False,True,football|NFL|2024-12-22|BUF|NE
nflverse,football,NFL,2024-12-22,LV,JAX,19.0,14.0,-130.0,,110.0,True,True,False,True,football|NFL|2024-12-22|LV|JAX
nflverse,football,NFL,2024-12-22,MIA,SF,29.0,17.0,105.0,,-125.0,True,True,False,True,football|NFL|2024-12-22|MIA|SF
nflverse,football,NFL,2024-12-22,DAL,TB,26.0,24.0,180.0,,-218.0,True,True,False,True,football|NFL|2024-12-22|DAL|TB
nflverse,football,NFL,2024-12-23,GB,NO,34.0,0.0,-950.0,,625.0,True,True,False,True,football|NFL|2024-12-23|GB|NO
nflverse,football,NFL,2024-12-25,PIT,KC,10.0,29.0,136.0,,-162.0,True,True,False,True,football|NFL|2024-12-25|PIT|KC
nflverse,football,NFL,2024-12-25,HOU,BAL,2.0,31.0,200.0,,-245.0,True,True,False,True,football|NFL|2024-12-25|HOU|BAL
nflverse,football,NFL,2024-12-26,CHI,SEA,3.0,6.0,160.0,,-192.0,True,True,False,True,football|NFL|2024-12-26|CHI|SEA
nflverse,football,NFL,2024-12-28,NE,LAC,7.0,40.0,245.0,,-305.0,True,True,False,True,football|NFL|2024-12-28|NE|LAC
nflverse,football,NFL,2024-12-28,CIN,DEN,30.0,24.0,-175.0,,145.0,True,True,False,True,football|NFL|2024-12-28|CIN|DEN
nflverse,football,NFL,2024-12-28,LA,ARI,13.0,9.0,-340.0,,270.0,True,True,False,True,football|NFL|2024-12-28|LA|ARI
nflverse,football,NFL,2024-12-29,BUF,NYJ,40.0,14.0,-520.0,,390.0,True,True,False,True,football|NFL|2024-12-29|BUF|NYJ
nflverse,football,NFL,2024-12-29,JAX,TEN,20.0,13.0,-112.0,,-108.0,True,True,False,True,football|NFL|2024-12-29|JAX|TEN
nflverse,football,NFL,2024-12-29,NO,LV,10.0,25.0,105.0,,-125.0,True,True,False,True,football|NFL|2024-12-29|NO|LV
nflverse,football,NFL,2024-12-29,NYG,IND,45.0,33.0,320.0,,-410.0,True,True,False,True,football|NFL|2024-12-29|NYG|IND
nflverse,football,NFL,2024-12-29,PHI,DAL,41.0,7.0,-325.0,,260.0,True,True,False,True,football|NFL|2024-12-29|PHI|DAL
nflverse,football,NFL,2024-12-29,TB,CAR,48.0,14.0,-500.0,,380.0,True,True,False,True,football|NFL|2024-12-29|TB|CAR
nflverse,football,NFL,2024-12-29,CLE,MIA,3.0,20.0,142.0,,-170.0,True,True,False,True,football|NFL|2024-12-29|CLE|MIA
nflverse,football,NFL,2024-12-29,MIN,GB,27.0,25.0,-108.0,,-112.0,True,True,False,True,football|NFL|2024-12-29|MIN|GB
nflverse,football,NFL,2024-12-29,WAS,ATL,30.0,24.0,-192.0,,160.0,True,True,False,True,football|NFL|2024-12-29|WAS|ATL
nflverse,football,NFL,2024-12-30,SF,DET,34.0,40.0,190.0,,-230.0,True,True,False,True,football|NFL|2024-12-30|SF|DET
nflverse,football,NFL,2025-01-04,BAL,CLE,35.0,10.0,-2400.0,,1200.0,True,True,False,True,football|NFL|2025-01-04|BAL|CLE
nflverse,football,NFL,2025-01-04,PIT,CIN,17.0,19.0,124.0,,-148.0,True,True,False,True,football|NFL|2025-01-04|PIT|CIN
nflverse,football,NFL,2025-01-05,ATL,CAR,38.0,44.0,-380.0,,300.0,True,True,False,True,football|NFL|2025-01-05|ATL|CAR
nflverse,football,NFL,2025-01-05,DAL,WAS,19.0,23.0,250.0,,-310.0,True,True,False,True,football|NFL|2025-01-05|DAL|WAS
nflverse,football,NFL,2025-01-05,GB,CHI,22.0,24.0,-410.0,,320.0,True,True,False,True,football|NFL|2025-01-05|GB|CHI
nflverse,football,NFL,2025-01-05,IND,JAX,26.0,23.0,-180.0,,150.0,True,True,False,True,football|NFL|2025-01-05|IND|JAX
nflverse,football,NFL,2025-01-05,NE,BUF,23.0,16.0,140.0,,-166.0,True,True,False,True,football|NFL|2025-01-05|NE|BUF
nflverse,football,NFL,2025-01-05,PHI,NYG,20.0,13.0,-155.0,,130.0,True,True,False,True,football|NFL|2025-01-05|PHI|NYG
nflverse,football,NFL,2025-01-05,TB,NO,27.0,19.0,-1050.0,,675.0,True,True,False,True,football|NFL|2025-01-05|TB|NO
nflverse,football,NFL,2025-01-05,TEN,HOU,14.0,23.0,-142.0,,120.0,True,True,False,True,football|NFL|2025-01-05|TEN|HOU
nflverse,football,NFL,2025-01-05,ARI,SF,47.0,24.0,-192.0,,160.0,True,True,False,True,football|NFL|2025-01-05|ARI|SF
nflverse,football,NFL,2025-01-05,DEN,KC,38.0,0.0,-485.0,,370.0,True,True,False,True,football|NFL|2025-01-05|DEN|KC
nflverse,football,NFL,2025-01-05,LA,SEA,25.0,30.0,285.0,,-360.0,True,True,False,True,football|NFL|2025-01-05|LA|SEA
nflverse,football,NFL,2025-01-05,LV,LAC,20.0,34.0,275.0,,-345.0,True,True,False,True,football|NFL|2025-01-05|LV|LAC
nflverse,football,NFL,2025-01-05,NYJ,MIA,32.0,20.0,-122.0,,102.0,True,True,False,True,football|NFL|2025-01-05|NYJ|MIA
nflverse,football,NFL,2025-01-05,DET,MIN,31.0,9.0,-148.0,,124.0,True,True,False,True,football|NFL|2025-01-05|DET|MIN
nflverse,football,NFL,2025-01-11,HOU,LAC,32.0,12.0,136.0,,-162.0,True,True,False,True,football|NFL|2025-01-11|HOU|LAC
nflverse,football,NFL,2025-01-11,BAL,PIT,28.0,14.0,-520.0,,390.0,True,True,False,True,football|NFL|2025-01-11|BAL|PIT
nflverse,football,NFL,2025-01-12,BUF,DEN,31.0,7.0,-425.0,,330.0,True,True,False,True,football|NFL|2025-01-12|BUF|DEN
nflverse,football,NFL,2025-01-12,PHI,GB,22.0,10.0,-250.0,,205.0,True,True,False,True,football|NFL|2025-01-12|PHI|GB
nflverse,football,NFL,2025-01-12,TB,WAS,20.0,23.0,-162.0,,136.0,True,True,False,True,football|NFL|2025-01-12|TB|WAS
nflverse,football,NFL,2025-01-13,LA,MIN,27.0,9.0,120.0,,-142.0,True,True,False,True,football|NFL|2025-01-13|LA|MIN
nflverse,football,NFL,2025-01-18,KC,HOU,23.0,14.0,-550.0,,410.0,True,True,False,True,football|NFL|2025-01-18|KC|HOU
nflverse,football,NFL,2025-01-18,DET,WAS,31.0,45.0,-520.0,,390.0,True,True,False,True,football|NFL|2025-01-18|DET|WAS
nflverse,football,NFL,2025-01-19,PHI,LA,28.0,22.0,-325.0,,260.0,True,True,False,True,football|NFL|2025-01-19|PHI|LA
nflverse,football,NFL,2025-01-19,BUF,BAL,27.0,25.0,-102.0,,-118.0,True,True,False,True,football|NFL|2025-01-19|BUF|BAL
nflverse,football,NFL,2025-01-26,PHI,WAS,55.0,23.0,-250.0,,205.0,True,True,False,True,football|NFL|2025-01-26|PHI|WAS
nflverse,football,NFL,2025-01-26,KC,BUF,32.0,29.0,-118.0,,-102.0,True,True,False,True,football|NFL|2025-01-26|KC|BUF
nflverse,football,NFL,2025-02-09,PHI,KC,40.0,22.0,100.0,,-120.0,True,True,False,True,football|NFL|2025-02-09|PHI|KC
nflverse,football,NFL,2025-09-04,PHI,DAL,24.0,20.0,-425.0,,330.0,True,True,False,True,football|NFL|2025-09-04|PHI|DAL
nflverse,football,NFL,2025-09-05,LAC,KC,27.0,21.0,145.0,,-175.0,True,True,False,True,football|NFL|2025-09-05|LAC|KC
nflverse,football,NFL,2025-09-07,ATL,TB,20.0,23.0,-105.0,,-115.0,True,True,False,True,football|NFL|2025-09-07|ATL|TB
nflverse,football,NFL,2025-09-07,CLE,CIN,16.0,17.0,195.0,,-238.0,True,True,False,True,football|NFL|2025-09-07|CLE|CIN
nflverse,football,NFL,2025-09-07,IND,MIA,33.0,8.0,-112.0,,-108.0,True,True,False,True,football|NFL|2025-09-07|IND|MIA
nflverse,football,NFL,2025-09-07,JAX,CAR,26.0,10.0,-205.0,,170.0,True,True,False,True,football|NFL|2025-09-07|JAX|CAR
nflverse,football,NFL,2025-09-07,NE,LV,13.0,20.0,-155.0,,130.0,True,True,False,True,football|NFL|2025-09-07|NE|LV
nflverse,football,NFL,2025-09-07,NO,ARI,13.0,20.0,220.0,,-270.0,True,True,False,True,football|NFL|2025-09-07|NO|ARI
nflverse,football,NFL,2025-09-07,NYJ,PIT,32.0,34.0,130.0,,-155.0,True,True,False,True,football|NFL|2025-09-07|NYJ|PIT
nflverse,football,NFL,2025-09-07,WAS,NYG,21.0,6.0,-298.0,,240.0,True,True,False,True,football|NFL|2025-09-07|WAS|NYG
nflverse,football,NFL,2025-09-07,DEN,TEN,20.0,12.0,-455.0,,350.0,True,True,False,True,football|NFL|2025-09-07|DEN|TEN
nflverse,football,NFL,2025-09-07,SEA,SF,13.0,17.0,114.0,,-135.0,True,True,False,True,football|NFL|2025-09-07|SEA|SF
nflverse,football,NFL,2025-09-07,GB,DET,27.0,13.0,-120.0,,100.0,True,True,False,True,football|NFL|2025-09-07|GB|DET
nflverse,football,NFL,2025-09-07,LA,HOU,14.0,9.0,-166.0,,140.0,True,True,False,True,football|NFL|2025-09-07|LA|HOU
nflverse,football,NFL,2025-09-07,BUF,BAL,41.0,40.0,110.0,,-130.0,True,True,False,True,football|NFL|2025-09-07|BUF|BAL
nflverse,football,NFL,2025-09-08,CHI,MIN,24.0,27.0,-108.0,,-112.0,True,True,False,True,football|NFL|2025-09-08|CHI|MIN
nflverse,football,NFL,2025-09-11,GB,WAS,27.0,18.0,-185.0,,154.0,True,True,False,True,football|NFL|2025-09-11|GB|WAS
nflverse,football,NFL,2025-09-14,BAL,CLE,41.0,17.0,-900.0,,600.0,True,True,False,True,football|NFL|2025-09-14|BAL|CLE
nflverse,football,NFL,2025-09-14,CIN,JAX,31.0,27.0,-192.0,,160.0,True,True,False,True,football|NFL|2025-09-14|CIN|JAX
nflverse,football,NFL,2025-09-14,DAL,NYG,40.0,37.0,-238.0,,195.0,True,True,False,True,football|NFL|2025-09-14|DAL|NYG
nflverse,football,NFL,2025-09-14,DET,CHI,52.0,21.0,-270.0,,220.0,True,True,False,True,football|NFL|2025-09-14|DET|CHI
nflverse,football,NFL,2025-09-14,MIA,NE,27.0,33.0,-125.0,,105.0,True,True,False,True,football|NFL|2025-09-14|MIA|NE
nflverse,football,NFL,2025-09-14,NO,SF,21.0,26.0,140.0,,-166.0,True,True,False,True,football|NFL|2025-09-14|NO|SF
nflverse,football,NFL,2025-09-14,NYJ,BUF,10.0,30.0,235.0,,-290.0,True,True,False,True,football|NFL|2025-09-14|NYJ|BUF
nflverse,football,NFL,2025-09-14,PIT,SEA,17.0,31.0,-192.0,,160.0,True,True,False,True,football|NFL|2025-09-14|PIT|SEA
nflverse,football,NFL,2025-09-14,TEN,LA,19.0,33.0,205.0,,-250.0,True,True,False,True,football|NFL|2025-09-14|TEN|LA
nflverse,football,NFL,2025-09-14,ARI,CAR,27.0,22.0,-310.0,,250.0,True,True,False,True,football|NFL|2025-09-14|ARI|CAR
nflverse,football,NFL,2025-09-14,IND,DEN,29.0,28.0,110.0,,-130.0,True,True,False,True,football|NFL|2025-09-14|IND|DEN
nflverse,football,NFL,2025-09-14,KC,PHI,17.0,20.0,102.0,,-122.0,True,True,False,True,football|NFL|2025-09-14|KC|PHI
nflverse,football,NFL,2025-09-14,MIN,ATL,6.0,22.0,-180.0,,150.0,True,True,False,True,football|NFL|2025-09-14|MIN|ATL
nflverse,football,NFL,2025-09-15,HOU,TB,19.0,20.0,-135.0,,114.0,True,True,False,True,football|NFL|2025-09-15|HOU|TB
nflverse,football,NFL,2025-09-15,LV,LAC,9.0,20.0,164.0,,-198.0,True,True,False,True,football|NFL|2025-09-15|LV|LAC
nflverse,football,NFL,2025-09-18,BUF,MIA,31.0,21.0,-800.0,,550.0,True,True,False,True,football|NFL|2025-09-18|BUF|MIA
nflverse,football,NFL,2025-09-21,CAR,ATL,30.0,0.0,185.0,,-225.0,True,True,False,True,football|NFL|2025-09-21|CAR|ATL
nflverse,football,NFL,2025-09-21,CLE,GB,13.0,10.0,360.0,,-470.0,True,True,False,True,football|NFL|2025-09-21|CLE|GB
nflverse,football,NFL,2025-09-21,JAX,HOU,17.0,10.0,-125.0,,105.0,True,True,False,True,football|NFL|2025-09-21|JAX|HOU
nflverse,football,NFL,2025-09-21,MIN,CIN,48.0,10.0,-162.0,,136.0,True,True,False,True,football|NFL|2025-09-21|MIN|CIN
nflverse,football,NFL,2025-09-21,NE,PIT,14.0,21.0,100.0,,-120.0,True,True,False,True,football|NFL|2025-09-21|NE|PIT
nflverse,football,NFL,2025-09-21,PHI,LA,33.0,26.0,-198.0,,164.0,True,True,False,True,football|NFL|2025-09-21|PHI|LA
nflverse,football,NFL,2025-09-21,TB,NYJ,29.0,27.0,-345.0,,275.0,True,True,False,True,football|NFL|2025-09-21|TB|NYJ
nflverse,football,NFL,2025-09-21,TEN,IND,20.0,41.0,200.0,,-245.0,True,True,False,True,football|NFL|2025-09-21|TEN|IND
nflverse,football,NFL,2025-09-21,WAS,LV,41.0,24.0,-155.0,,130.0,True,True,False,True,football|NFL|2025-09-21|WAS|LV
nflverse,football,NFL,2025-09-21,LAC,DEN,23.0,20.0,-155.0,,130.0,True,True,False,True,football|NFL|2025-09-21|LAC|DEN
nflverse,football,NFL,2025-09-21,SEA,NO,44.0,13.0,-375.0,,295.0,True,True,False,True,football|NFL|2025-09-21|SEA|NO
nflverse,football,NFL,2025-09-21,CHI,DAL,31.0,14.0,105.0,,-125.0,True,True,False,True,football|NFL|2025-09-21|CHI|DAL
nflverse,football,NFL,2025-09-21,SF,ARI,16.0,15.0,-125.0,,105.0,True,True,False,True,football|NFL|2025-09-21|SF|ARI
nflverse,football,NFL,2025-09-21,NYG,KC,9.0,22.0,260.0,,-325.0,True,True,False,True,football|NFL|2025-09-21|NYG|KC
nflverse,football,NFL,2025-09-22,BAL,DET,30.0,38.0,-245.0,,200.0,True,True,False,True,football|NFL|2025-09-22|BAL|DET
nflverse,football,NFL,2025-09-25,ARI,SEA,20.0,23.0,105.0,,-125.0,True,True,False,True,football|NFL|2025-09-25|ARI|SEA
nflverse,football,NFL,2025-09-28,PIT,MIN,24.0,21.0,124.0,,-148.0,True,True,False,True,football|NFL|2025-09-28|PIT|MIN
nflverse,football,NFL,2025-09-28,ATL,WAS,34.0,27.0,-142.0,,120.0,True,True,False,True,football|NFL|2025-09-28|ATL|WAS
nflverse,football,NFL,2025-09-28,BUF,NO,31.0,19.0,-1350.0,,800.0,True,True,False,True,football|NFL|2025-09-28|BUF|NO
nflverse,football,NFL,2025-09-28,DET,CLE,34.0,10.0,-550.0,,410.0,True,True,False,True,football|NFL|2025-09-28|DET|CLE
nflverse,football,NFL,2025-09-28,HOU,TEN,26.0,0.0,-440.0,,340.0,True,True,False,True,football|NFL|2025-09-28|HOU|TEN
nflverse,football,NFL,2025-09-28,NE,CAR,42.0,13.0,-265.0,,215.0,True,True,False,True,football|NFL|2025-09-28|NE|CAR
nflverse,football,NFL,2025-09-28,NYG,LAC,21.0,18.0,230.0,,-285.0,True,True,False,True,football|NFL|2025-09-28|NYG|LAC
nflverse,football,NFL,2025-09-28,TB,PHI,25.0,31.0,154.0,,-185.0,True,True,False,True,football|NFL|2025-09-28|TB|PHI
nflverse,football,NFL,2025-09-28,LA,IND,27.0,20.0,-185.0,,154.0,True,True,False,True,football|NFL|2025-09-28|LA|IND
nflverse,football,NFL,2025-09-28,SF,JAX,21.0,26.0,-180.0,,150.0,True,True,False,True,football|NFL|2025-09-28|SF|JAX
nflverse,football,NFL,2025-09-28,KC,BAL,37.0,20.0,124.0,,-148.0,True,True,False,True,football|NFL|2025-09-28|KC|BAL
nflverse,football,NFL,2025-09-28,LV,CHI,24.0,25.0,-125.0,,105.0,True,True,False,True,football|NFL|2025-09-28|LV|CHI
nflverse,football,NFL,2025-09-28,DAL,GB,40.0,40.0,275.0,,-345.0,True,True,False,True,football|NFL|2025-09-28|DAL|GB
nflverse,football,NFL,2025-09-29,MIA,NYJ,27.0,21.0,-148.0,,124.0,True,True,False,True,football|NFL|2025-09-29|MIA|NYJ
nflverse,football,NFL,2025-09-29,DEN,CIN,28.0,3.0,-470.0,,360.0,True,True,False,True,football|NFL|2025-09-29|DEN|CIN
nflverse,football,NFL,2025-10-02,LA,SF,23.0,26.0,-440.0,,340.0,True,True,False,True,football|NFL|2025-10-02|LA|SF
nflverse,football,NFL,2025-10-05,CLE,MIN,17.0,21.0,164.0,,-198.0,True,True,False,True,football|NFL|2025-10-05|CLE|MIN
nflverse,football,NFL,2025-10-05,BAL,HOU,10.0,44.0,124.0,,-148.0,True,True,False,True,football|NFL|2025-10-05|BAL|HOU
nflverse,football,NFL,2025-10-05,CAR,MIA,27.0,24.0,100.0,,-120.0,True,True,False,True,football|NFL|2025-10-05|CAR|MIA
nflverse,football,NFL,2025-10-05,IND,LV,40.0,6.0,-360.0,,285.0,True,True,False,True,football|NFL|2025-10-05|IND|LV
nflverse,football,NFL,2025-10-05,NO,NYG,26.0,14.0,-120.0,,100.0,True,True,False,True,football|NFL|2025-10-05|NO|NYG
nflverse,football,NFL,2025-10-05,NYJ,DAL,22.0,37.0,-115.0,,-105.0,True,True,False,True,football|NFL|2025-10-05|NYJ|DAL
nflverse,football,NFL,2025-10-05,PHI,DEN,17.0,21.0,-218.0,,180.0,True,True,False,True,football|NFL|2025-10-05|PHI|DEN
nflverse,football,NFL,2025-10-05,ARI,TEN,21.0,22.0,-425.0,,330.0,True,True,False,True,football|NFL|2025-10-05|ARI|TEN
nflverse,football,NFL,2025-10-05,SEA,TB,35.0,38.0,-180.0,,150.0,True,True,False,True,football|NFL|2025-10-05|SEA|TB
nflverse,football,NFL,2025-10-05,CIN,DET,24.0,37.0,425.0,,-575.0,True,True,False,True,football|NFL|2025-10-05|CIN|DET
nflverse,football,NFL,2025-10-05,LAC,WAS,10.0,27.0,-155.0,,130.0,True,True,False,True,football|NFL|2025-10-05|LAC|WAS
nflverse,football,NFL,2025-10-05,BUF,NE,20.0,23.0,-395.0,,310.0,True,True,False,True,football|NFL|2025-10-05|BUF|NE
nflverse,football,NFL,2025-10-06,JAX,KC,31.0,28.0,164.0,,-198.0,True,True,False,True,football|NFL|2025-10-06|JAX|KC
nflverse,football,NFL,2025-10-09,NYG,PHI,34.0,17.0,310.0,,-395.0,True,True,False,True,football|NFL|2025-10-09|NYG|PHI
nflverse,football,NFL,2025-10-12,NYJ,DEN,11.0,13.0,310.0,,-395.0,True,True,False,True,football|NFL|2025-10-12|NYJ|DEN
nflverse,football,NFL,2025-10-12,BAL,LA,3.0,17.0,280.0,,-355.0,True,True,False,True,football|NFL|2025-10-12|BAL|LA
nflverse,football,NFL,2025-10-12,CAR,DAL,30.0,27.0,145.0,,-175.0,True,True,False,True,football|NFL|2025-10-12|CAR|DAL
nflverse,football,NFL,2025-10-12,IND,ARI,31.0,27.0,-470.0,,360.0,True,True,False,True,football|NFL|2025-10-12|IND|ARI
nflverse,football,NFL,2025-10-12,JAX,SEA,12.0,20.0,-105.0,,-115.0,True,True,False,True,football|NFL|2025-10-12|JAX|SEA
nflverse,football,NFL,2025-10-12,MIA,LAC,27.0,29.0,170.0,,-205.0,True,True,False,True,football|NFL|2025-10-12|MIA|LAC
nflverse,football,NFL,2025-10-12,NO,NE,19.0,25.0,160.0,,-192.0,True,True,False,True,football|NFL|2025-10-12|NO|NE
nflverse,football,NFL,2025-10-12,PIT,CLE,23.0,9.0,-278.0,,225.0,True,True,False,True,football|NFL|2025-10-12|PIT|CLE
nflverse,football,NFL,2025-10-12,LV,TEN,20.0,10.0,-185.0,,154.0,True,True,False,True,football|NFL|2025-10-12|LV|TEN
nflverse,football,NFL,2025-10-12,GB,CIN,27.0,18.0,-1000.0,,650.0,True,True,False,True,football|NFL|2025-10-12|GB|CIN
nflverse,football,NFL,2025-10-12,TB,SF,30.0,19.0,-192.0,,160.0,True,True,False,True,football|NFL|2025-10-12|TB|SF
nflverse,football,NFL,2025-10-12,KC,DET,30.0,17.0,-142.0,,120.0,True,True,False,True,football|NFL|2025-10-12|KC|DET
nflverse,football,NFL,2025-10-13,ATL,BUF,24.0,14.0,170.0,,-205.0,True,True,False,True,football|NFL|2025-10-13|ATL|BUF
nflverse,football,NFL,2025-10-13,WAS,CHI,24.0,25.0,-258.0,,210.0,True,True,False,True,football|NFL|2025-10-13|WAS|CHI
nflverse,football,NFL,2025-10-16,CIN,PIT,33.0,31.0,200.0,,-245.0,True,True,False,True,football|NFL|2025-10-16|CIN|PIT
nflverse,football,NFL,2025-10-19,JAX,LA,7.0,35.0,140.0,,-166.0,True,True,False,True,football|NFL|2025-10-19|JAX|LA
nflverse,football,NFL,2025-10-19,CHI,NO,26.0,14.0,-225.0,,185.0,True,True,False,True,football|NFL|2025-10-19|CHI|NO
nflverse,football,NFL,2025-10-19,CLE,MIA,31.0,6.0,-148.0,,124.0,True,True,False,True,football|NFL|2025-10-19|CLE|MIA
nflverse,football,NFL,2025-10-19,KC,LV,31.0,0.0,-950.0,,625.0,True,True,False,True,football|NFL|2025-10-19|KC|LV
nflverse,football,NFL,2025-10-19,MIN,PHI,22.0,28.0,124.0,,-148.0,True,True,False,True,football|NFL|2025-10-19|MIN|PHI
nflverse,football,NFL,2025-10-19,NYJ,CAR,6.0,13.0,-112.0,,-108.0,True,True,False,True,football|NFL|2025-10-19|NYJ|CAR
nflverse,football,NFL,2025-10-19,TEN,NE,13.0,31.0,235.0,,-290.0,True,True,False,True,football|NFL|2025-10-19|TEN|NE
nflverse,football,NFL,2025-10-19,DEN,NYG,33.0,32.0,-425.0,,330.0,True,True,False,True,football|NFL|2025-10-19|DEN|NYG
nflverse,football,NFL,2025-10-19,LAC,IND,24.0,38.0,-135.0,,114.0,True,True,False,True,football|NFL|2025-10-19|LAC|IND
nflverse,football,NFL,2025-10-19,ARI,GB,23.0,27.0,310.0,,-395.0,True,True,False,True,football|NFL|2025-10-19|ARI|GB
nflverse,football,NFL,2025-10-19,DAL,WAS,44.0,22.0,-125.0,,105.0,True,True,False,True,football|NFL|2025-10-19|DAL|WAS
nflverse,football,NFL,2025-10-19,SF,ATL,20.0,10.0,-115.0,,-105.0,True,True,False,True,football|NFL|2025-10-19|SF|ATL
nflverse,football,NFL,2025-10-20,DET,TB,24.0,9.0,-278.0,,225.0,True,True,False,True,football|NFL|2025-10-20|DET|TB
nflverse,football,NFL,2025-10-20,SEA,HOU,27.0,19.0,-166.0,,140.0,True,True,False,True,football|NFL|2025-10-20|SEA|HOU
nflverse,football,NFL,2025-10-23,LAC,MIN,37.0,10.0,-170.0,,142.0,True,True,False,True,football|NFL|2025-10-23|LAC|MIN
nflverse,football,NFL,2025-10-26,ATL,MIA,10.0,34.0,-355.0,,280.0,True,True,False,True,football|NFL|2025-10-26|ATL|MIA
nflverse,football,NFL,2025-10-26,BAL,CHI,30.0,16.0,-148.0,,124.0,True,True,False,True,football|NFL|2025-10-26|BAL|CHI
nflverse,football,NFL,2025-10-26,CAR,BUF,9.0,40.0,310.0,,-395.0,True,True,False,True,football|NFL|2025-10-26|CAR|BUF
nflverse,football,NFL,2025-10-26,CIN,NYJ,38.0,39.0,-258.0,,210.0,True,True,False,True,football|NFL|2025-10-26|CIN|NYJ
nflverse,football,NFL,2025-10-26,HOU,SF,26.0,15.0,-155.0,,130.0,True,True,False,True,football|NFL|2025-10-26|HOU|SF
nflverse,football,NFL,2025-10-26,NE,CLE,32.0,13.0,-380.0,,300.0,True,True,False,True,football|NFL|2025-10-26|NE|CLE
nflverse,football,NFL,2025-10-26,PHI,NYG,38.0,20.0,-380.0,,300.0,True,True,False,True,football|NFL|2025-10-26|PHI|NYG
nflverse,football,NFL,2025-10-26,NO,TB,3.0,23.0,180.0,,-218.0,True,True,False,True,football|NFL|2025-10-26|NO|TB
nflverse,football,NFL,2025-10-26,DEN,DAL,44.0,24.0,-192.0,,160.0,True,True,False,True,football|NFL|2025-10-26|DEN|DAL
nflverse,football,NFL,2025-10-26,IND,TEN,38.0,14.0,-1650.0,,950.0,True,True,False,True,football|NFL|2025-10-26|IND|TEN
nflverse,football,NFL,2025-10-26,PIT,GB,25.0,35.0,130.0,,-155.0,True,True,False,True,football|NFL|2025-10-26|PIT|GB
nflverse,football,NFL,2025-10-27,KC,WAS,28.0,7.0,-700.0,,500.0,True,True,False,True,football|NFL|2025-10-27|KC|WAS
nflverse,football,NFL,2025-10-30,MIA,BAL,6.0,28.0,350.0,,-455.0,True,True,False,True,football|NFL|2025-10-30|MIA|BAL
nflverse,football,NFL,2025-11-02,CIN,CHI,42.0,47.0,136.0,,-162.0,True,True,False,True,football|NFL|2025-11-02|CIN|CHI
nflverse,football,NFL,2025-11-02,DET,MIN,24.0,27.0,-550.0,,410.0,True,True,False,True,football|NFL|2025-11-02|DET|MIN
nflverse,football,NFL,2025-11-02,GB,CAR,13.0,16.0,-1000.0,,650.0,True,True,False,True,football|NFL|2025-11-02|GB|CAR
nflverse,football,NFL,2025-11-02,HOU,DEN,15.0,18.0,-125.0,,105.0,True,True,False,True,football|NFL|2025-11-02|HOU|DEN
nflverse,football,NFL,2025-11-02,NE,ATL,24.0,23.0,-250.0,,205.0,True,True,False,True,football|NFL|2025-11-02|NE|ATL
nflverse,football,NFL,2025-11-02,NYG,SF,24.0,34.0,124.0,,-148.0,True,True,False,True,football|NFL|2025-11-02|NYG|SF
nflverse,football,NFL,2025-11-02,PIT,IND,27.0,20.0,154.0,,-185.0,True,True,False,True,football|NFL|2025-11-02|PIT|IND
nflverse,football,NFL,2025-11-02,TEN,LAC,20.0,27.0,470.0,,-650.0,True,True,False,True,football|NFL|2025-11-02|TEN|LAC
nflverse,football,NFL,2025-11-02,LA,NO,34.0,10.0,-1200.0,,750.0,True,True,False,True,football|NFL|2025-11-02|LA|NO
nflverse,football,NFL,2025-11-02,LV,JAX,29.0,30.0,110.0,,-130.0,True,True,False,True,football|NFL|2025-11-02|LV|JAX
nflverse,football,NFL,2025-11-02,BUF,KC,28.0,21.0,114.0,,-135.0,True,True,False,True,football|NFL|2025-11-02|BUF|KC
nflverse,football,NFL,2025-11-02,WAS,SEA,14.0,38.0,124.0,,-148.0,True,True,False,True,football|NFL|2025-11-02|WAS|SEA
nflverse,football,NFL,2025-11-03,DAL,ARI,17.0,27.0,-175.0,,145.0,True,True,False,True,football|NFL|2025-11-03|DAL|ARI
nflverse,football,NFL,2025-11-06,DEN,LV,10.0,7.0,-500.0,,380.0,True,True,False,True,football|NFL|2025-11-06|DEN|LV
nflverse,football,NFL,2025-11-09,IND,ATL,31.0,25.0,-310.0,,250.0,True,True,False,True,football|NFL|2025-11-09|IND|ATL
nflverse,football,NFL,2025-11-09,CAR,NO,7.0,17.0,-245.0,,200.0,True,True,False,True,football|NFL|2025-11-09|CAR|NO
nflverse,football,NFL,2025-11-09,CHI,NYG,24.0,20.0,-218.0,,180.0,True,True,False,True,football|NFL|2025-11-09|CHI|NYG
nflverse,football,NFL,2025-11-09,HOU,JAX,36.0,29.0,-105.0,,-115.0,True,True,False,True,football|NFL|2025-11-09|HOU|JAX
nflverse,football,NFL,2025-11-09,MIA,BUF,30.0,13.0,350.0,,-455.0,True,True,False,True,football|NFL|2025-11-09|MIA|BUF
nflverse,football,NFL,2025-11-09,MIN,BAL,19.0,27.0,190.0,,-230.0,True,True,False,True,football|NFL|2025-11-09|MIN|BAL
nflverse,football,NFL,2025-11-09,NYJ,CLE,27.0,20.0,110.0,,-130.0,True,True,False,True,football|NFL|2025-11-09|NYJ|CLE
nflverse,football,NFL,2025-11-09,TB,NE,23.0,28.0,-148.0,,124.0,True,True,False,True,football|NFL|2025-11-09|TB|NE
nflverse,football,NFL,2025-11-09,SEA,ARI,44.0,22.0,-340.0,,270.0,True,True,False,True,football|NFL|2025-11-09|SEA|ARI
nflverse,football,NFL,2025-11-09,SF,LA,26.0,42.0,210.0,,-258.0,True,True,False,True,football|NFL|2025-11-09|SF|LA
nflverse,football,NFL,2025-11-09,WAS,DET,22.0,44.0,350.0,,-455.0,True,True,False,True,football|NFL|2025-11-09|WAS|DET
nflverse,football,NFL,2025-11-09,LAC,PIT,25.0,10.0,-162.0,,136.0,True,True,False,True,football|NFL|2025-11-09|LAC|PIT
nflverse,football,NFL,2025-11-10,GB,PHI,7.0,10.0,-110.0,,-110.0,True,True,False,True,football|NFL|2025-11-10|GB|PHI
nflverse,football,NFL,2025-11-13,NE,NYJ,27.0,14.0,-950.0,,625.0,True,True,False,True,football|NFL|2025-11-13|NE|NYJ
nflverse,football,NFL,2025-11-16,MIA,WAS,16.0,13.0,-148.0,,124.0,True,True,False,True,football|NFL|2025-11-16|MIA|WAS
nflverse,football,NFL,2025-11-16,ATL,CAR,27.0,30.0,-218.0,,180.0,True,True,False,True,football|NFL|2025-11-16|ATL|CAR
nflverse,football,NFL,2025-11-16,BUF,TB,44.0,32.0,-285.0,,230.0,True,True,False,True,football|NFL|2025-11-16|BUF|TB
nflverse,football,NFL,2025-11-16,JAX,LAC,35.0,6.0,130.0,,-155.0,True,True,False,True,football|NFL|2025-11-16|JAX|LAC
nflverse,football,NFL,2025-11-16,MIN,CHI,17.0,19.0,-148.0,,124.0,True,True,False,True,football|NFL|2025-11-16|MIN|CHI
nflverse,football,NFL,2025-11-16,NYG,GB,20.0,27.0,340.0,,-440.0,True,True,False,True,football|NFL|2025-11-16|NYG|GB
nflverse,football,NFL,2025-11-16,PIT,CIN,34.0,12.0,-250.0,,205.0,True,True,False,True,football|NFL|2025-11-16|PIT|CIN
nflverse,football,NFL,2025-11-16,TEN,HOU,13.0,16.0,215.0,,-265.0,True,True,False,True,football|NFL|2025-11-16|TEN|HOU
nflverse,football,NFL,2025-11-16,ARI,SF,22.0,41.0,160.0,,-192.0,True,True,False,True,football|NFL|2025-11-16|ARI|SF
nflverse,football,NFL,2025-11-16,LA,SEA,21.0,19.0,-175.0,,145.0,True,True,False,True,football|NFL|2025-11-16|LA|SEA
nflverse,football,NFL,2025-11-16,CLE,BAL,16.0,23.0,340.0,,-440.0,True,True,False,True,football|NFL|2025-11-16|CLE|BAL
nflverse,football,NFL,2025-11-16,DEN,KC,22.0,19.0,180.0,,-218.0,True,True,False,True,football|NFL|2025-11-16|DEN|KC
nflverse,football,NFL,2025-11-16,PHI,DET,16.0,9.0,-155.0,,130.0,True,True,False,True,football|NFL|2025-11-16|PHI|DET
nflverse,football,NFL,2025-11-17,LV,DAL,16.0,33.0,164.0,,-198.0,True,True,False,True,football|NFL|2025-11-17|LV|DAL
nflverse,football,NFL,2025-11-20,HOU,BUF,23.0,19.0,210.0,,-258.0,True,True,False,True,football|NFL|2025-11-20|HOU|BUF
nflverse,football,NFL,2025-11-23,BAL,NYJ,23.0,10.0,-1050.0,,675.0,True,True,False,True,football|NFL|2025-11-23|BAL|NYJ
nflverse,football,NFL,2025-11-23,CHI,PIT,31.0,28.0,-155.0,,130.0,True,True,False,True,football|NFL|2025-11-23|CHI|PIT
nflverse,football,NFL,2025-11-23,CIN,NE,20.0,26.0,310.0,,-395.0,True,True,False,True,football|NFL|2025-11-23|CIN|NE
nflverse,football,NFL,2025-11-23,DET,NYG,34.0,27.0,-1050.0,,675.0,True,True,False,True,football|NFL|2025-11-23|DET|NYG
nflverse,football,NFL,2025-11-23,GB,MIN,23.0,6.0,-290.0,,235.0,True,True,False,True,football|NFL|2025-11-23|GB|MIN
nflverse,football,NFL,2025-11-23,KC,IND,23.0,20.0,-218.0,,180.0,True,True,False,True,football|NFL|2025-11-23|KC|IND
nflverse,football,NFL,2025-11-23,TEN,SEA,24.0,30.0,625.0,,-950.0,True,True,False,True,football|NFL|2025-11-23|TEN|SEA
nflverse,football,NFL,2025-11-23,ARI,JAX,24.0,27.0,114.0,,-135.0,True,True,False,True,football|NFL|2025-11-23|ARI|JAX
nflverse,football,NFL,2025-11-23,LV,CLE,10.0,24.0,-162.0,,136.0,True,True,False,True,football|NFL|2025-11-23|LV|CLE
nflverse,football,NFL,2025-11-23,DAL,PHI,24.0,21.0,136.0,,-162.0,True,True,False,True,football|NFL|2025-11-23|DAL|PHI
nflverse,football,NFL,2025-11-23,NO,ATL,10.0,24.0,-122.0,,102.0,True,True,False,True,football|NFL|2025-11-23|NO|ATL
nflverse,football,NFL,2025-11-23,LA,TB,34.0,7.0,-375.0,,295.0,True,True,False,True,football|NFL|2025-11-23|LA|TB
nflverse,football,NFL,2025-11-24,SF,CAR,20.0,9.0,-395.0,,310.0,True,True,False,True,football|NFL|2025-11-24|SF|CAR
nflverse,football,NFL,2025-11-27,DET,GB,24.0,31.0,-155.0,,130.0,True,True,False,True,football|NFL|2025-11-27|DET|GB
nflverse,football,NFL,2025-11-27,DAL,KC,31.0,28.0,154.0,,-185.0,True,True,False,True,football|NFL|2025-11-27|DAL|KC
nflverse,football,NFL,2025-11-27,BAL,CIN,14.0,32.0,-375.0,,295.0,True,True,False,True,football|NFL|2025-11-27|BAL|CIN
nflverse,football,NFL,2025-11-28,PHI,CHI,15.0,24.0,-340.0,,270.0,True,True,False,True,football|NFL|2025-11-28|PHI|CHI
nflverse,football,NFL,2025-11-30,CAR,LA,31.0,28.0,425.0,,-575.0,True,True,False,True,football|NFL|2025-11-30|CAR|LA
nflverse,football,NFL,2025-11-30,CLE,SF,8.0,26.0,205.0,,-250.0,True,True,False,True,football|NFL|2025-11-30|CLE|SF
nflverse,football,NFL,2025-11-30,IND,HOU,16.0,20.0,-170.0,,142.0,True,True,False,True,football|NFL|2025-11-30|IND|HOU
nflverse,football,NFL,2025-11-30,MIA,NO,21.0,17.0,-250.0,,205.0,True,True,False,True,football|NFL|2025-11-30|MIA|NO
nflverse,football,NFL,2025-11-30,NYJ,ATL,27.0,24.0,140.0,,-166.0,True,True,False,True,football|NFL|2025-11-30|NYJ|ATL
nflverse,football,NFL,2025-11-30,TB,ARI,20.0,17.0,-198.0,,164.0,True,True,False,True,football|NFL|2025-11-30|TB|ARI
nflverse,football,NFL,2025-11-30,TEN,JAX,3.0,25.0,220.0,,-270.0,True,True,False,True,football|NFL|2025-11-30|TEN|JAX
nflverse,football,NFL,2025-11-30,SEA,MIN,26.0,0.0,-900.0,,600.0,True,True,False,True,football|NFL|2025-11-30|SEA|MIN
nflverse,football,NFL,2025-11-30,LAC,LV,31.0,14.0,-600.0,,440.0,True,True,False,True,football|NFL|2025-11-30|LAC|LV
nflverse,football,NFL,2025-11-30,PIT,BUF,7.0,26.0,140.0,,-166.0,True,True,False,True,football|NFL|2025-11-30|PIT|BUF
nflverse,football,NFL,2025-11-30,WAS,DEN,26.0,27.0,250.0,,-310.0,True,True,False,True,football|NFL|2025-11-30|WAS|DEN
nflverse,football,NFL,2025-12-01,NE,NYG,33.0,15.0,-375.0,,295.0,True,True,False,True,football|NFL|2025-12-01|NE|NYG
nflverse,football,NFL,2025-12-04,DET,DAL,44.0,30.0,-192.0,,160.0,True,True,False,True,football|NFL|2025-12-04|DET|DAL
nflverse,football,NFL,2025-12-07,ATL,SEA,9.0,37.0,280.0,,-355.0,True,True,False,True,football|NFL|2025-12-07|ATL|SEA
nflverse,football,NFL,2025-12-07,BAL,PIT,22.0,27.0,-270.0,,220.0,True,True,False,True,football|NFL|2025-12-07|BAL|PIT
nflverse,football,NFL,2025-12-07,BUF,CIN,39.0,34.0,-285.0,,230.0,True,True,False,True,football|NFL|2025-12-07|BUF|CIN
nflverse,football,NFL,2025-12-07,CLE,TEN,29.0,31.0,-205.0,,170.0,True,True,False,True,football|NFL|2025-12-07|CLE|TEN
nflverse,football,NFL,2025-12-07,JAX,IND,36.0,19.0,114.0,,-135.0,True,True,False,True,football|NFL|2025-12-07|JAX|IND
nflverse,football,NFL,2025-12-07,MIN,WAS,31.0,0.0,-105.0,,-115.0,True,True,False,True,football|NFL|2025-12-07|MIN|WAS
nflverse,football,NFL,2025-12-07,NYJ,MIA,10.0,34.0,124.0,,-148.0,True,True,False,True,football|NFL|2025-12-07|NYJ|MIA
nflverse,football,NFL,2025-12-07,TB,NO,20.0,24.0,-425.0,,330.0,True,True,False,True,football|NFL|2025-12-07|TB|NO
nflverse,football,NFL,2025-12-07,LV,DEN,17.0,24.0,360.0,,-470.0,True,True,False,True,football|NFL|2025-12-07|LV|DEN
nflverse,football,NFL,2025-12-07,ARI,LA,17.0,45.0,380.0,,-500.0,True,True,False,True,football|NFL|2025-12-07|ARI|LA
nflverse,football,NFL,2025-12-07,GB,CHI,28.0,21.0,-305.0,,245.0,True,True,False,True,football|NFL|2025-12-07|GB|CHI
nflverse,football,NFL,2025-12-07,KC,HOU,10.0,20.0,-218.0,,180.0,True,True,False,True,football|NFL|2025-12-07|KC|HOU
nflverse,football,NFL,2025-12-08,LAC,PHI,22.0,19.0,100.0,,-120.0,True,True,False,True,football|NFL|2025-12-08|LAC|PHI
nflverse,football,NFL,2025-12-11,TB,ATL,28.0,29.0,-278.0,,225.0,True,True,False,True,football|NFL|2025-12-11|TB|ATL
nflverse,football,NFL,2025-12-14,CHI,CLE,31.0,3.0,-375.0,,295.0,True,True,False,True,football|NFL|2025-12-14|CHI|CLE
nflverse,football,NFL,2025-12-14,CIN,BAL,0.0,24.0,136.0,,-162.0,True,True,False,True,football|NFL|2025-12-14|CIN|BAL
nflverse,football,NFL,2025-12-14,HOU,ARI,40.0,20.0,-625.0,,455.0,True,True,False,True,football|NFL|2025-12-14|HOU|ARI
nflverse,football,NFL,2025-12-14,JAX,NYJ,48.0,20.0,-1050.0,,675.0,True,True,False,True,football|NFL|2025-12-14|JAX|NYJ
nflverse,football,NFL,2025-12-14,KC,LAC,13.0,16.0,-258.0,,210.0,True,True,False,True,football|NFL|2025-12-14|KC|LAC
nflverse,football,NFL,2025-12-14,NE,BUF,31.0,35.0,120.0,,-142.0,True,True,False,True,football|NFL|2025-12-14|NE|BUF
nflverse,football,NFL,2025-12-14,NYG,WAS,21.0,29.0,-148.0,,124.0,True,True,False,True,football|NFL|2025-12-14|NYG|WAS
nflverse,football,NFL,2025-12-14,PHI,LV,31.0,0.0,-1000.0,,650.0,True,True,False,True,football|NFL|2025-12-14|PHI|LV
nflverse,football,NFL,2025-12-14,DEN,GB,34.0,26.0,102.0,,-122.0,True,True,False,True,football|NFL|2025-12-14|DEN|GB
nflverse,football,NFL,2025-12-14,LA,DET,41.0,34.0,-245.0,,200.0,True,True,False,True,football|NFL|2025-12-14|LA|DET
nflverse,football,NFL,2025-12-14,NO,CAR,20.0,17.0,124.0,,-148.0,True,True,False,True,football|NFL|2025-12-14|NO|CAR
nflverse,football,NFL,2025-12-14,SEA,IND,18.0,16.0,-1000.0,,650.0,True,True,False,True,football|NFL|2025-12-14|SEA|IND
nflverse,football,NFL,2025-12-14,SF,TEN,37.0,24.0,-900.0,,600.0,True,True,False,True,football|NFL|2025-12-14|SF|TEN
nflverse,football,NFL,2025-12-14,DAL,MIN,26.0,34.0,-265.0,,215.0,True,True,False,True,football|NFL|2025-12-14|DAL|MIN
nflverse,football,NFL,2025-12-15,PIT,MIA,28.0,15.0,-175.0,,145.0,True,True,False,True,football|NFL|2025-12-15|PIT|MIA
nflverse,football,NFL,2025-12-18,SEA,LA,38.0,37.0,-122.0,,102.0,True,True,False,True,football|NFL|2025-12-18|SEA|LA
nflverse,football,NFL,2025-12-20,WAS,PHI,18.0,29.0,300.0,,-380.0,True,True,False,True,football|NFL|2025-12-20|WAS|PHI
nflverse,football,NFL,2025-12-20,CHI,GB,22.0,16.0,-118.0,,-102.0,True,True,False,True,football|NFL|2025-12-20|CHI|GB
nflverse,football,NFL,2025-12-21,CAR,TB,23.0,20.0,130.0,,-155.0,True,True,False,True,football|NFL|2025-12-21|CAR|TB
nflverse,football,NFL,2025-12-21,CLE,BUF,20.0,23.0,425.0,,-575.0,True,True,False,True,football|NFL|2025-12-21|CLE|BUF
nflverse,football,NFL,2025-12-21,DAL,LAC,17.0,34.0,-122.0,,102.0,True,True,False,True,football|NFL|2025-12-21|DAL|LAC
nflverse,football,NFL,2025-12-21,MIA,CIN,21.0,45.0,170.0,,-205.0,True,True,False,True,football|NFL|2025-12-21|MIA|CIN
nflverse,football,NFL,2025-12-21,NO,NYJ,29.0,6.0,-298.0,,240.0,True,True,False,True,football|NFL|2025-12-21|NO|NYJ
nflverse,football,NFL,2025-12-21,NYG,MIN,13.0,16.0,124.0,,-148.0,True,True,False,True,football|NFL|2025-12-21|NYG|MIN
nflverse,football,NFL,2025-12-21,TEN,KC,26.0,9.0,154.0,,-185.0,True,True,False,True,football|NFL|2025-12-21|TEN|KC
nflverse,football,NFL,2025-12-21,ARI,ATL,19.0,26.0,124.0,,-148.0,True,True,False,True,football|NFL|2025-12-21|ARI|ATL
nflverse,football,NFL,2025-12-21,DEN,JAX,20.0,34.0,-175.0,,145.0,True,True,False,True,football|NFL|2025-12-21|DEN|JAX
nflverse,football,NFL,2025-12-21,DET,PIT,24.0,29.0,-425.0,,330.0,True,True,False,True,football|NFL|2025-12-21|DET|PIT
nflverse,football,NFL,2025-12-21,HOU,LV,23.0,21.0,-1600.0,,900.0,True,True,False,True,football|NFL|2025-12-21|HOU|LV
nflverse,football,NFL,2025-12-21,BAL,NE,24.0,28.0,-185.0,,154.0,True,True,False,True,football|NFL|2025-12-21|BAL|NE
nflverse,football,NFL,2025-12-22,IND,SF,27.0,48.0,185.0,,-225.0,True,True,False,True,football|NFL|2025-12-22|IND|SF
nflverse,football,NFL,2025-12-25,WAS,DAL,23.0,30.0,380.0,,-500.0,True,True,False,True,football|NFL|2025-12-25|WAS|DAL
nflverse,football,NFL,2025-12-25,MIN,DET,23.0,10.0,285.0,,-360.0,True,True,False,True,football|NFL|2025-12-25|MIN|DET
nflverse,football,NFL,2025-12-25,KC,DEN,13.0,20.0,700.0,,-1100.0,True,True,False,True,football|NFL|2025-12-25|KC|DEN
nflverse,football,NFL,2025-12-27,LAC,HOU,16.0,20.0,-118.0,,-102.0,True,True,False,True,football|NFL|2025-12-27|LAC|HOU
nflverse,football,NFL,2025-12-27,GB,BAL,24.0,41.0,-142.0,,120.0,True,True,False,True,football|NFL|2025-12-27|GB|BAL
nflverse,football,NFL,2025-12-28,CAR,SEA,10.0,27.0,245.0,,-305.0,True,True,False,True,football|NFL|2025-12-28|CAR|SEA
nflverse,football,NFL,2025-12-28,CIN,ARI,37.0,14.0,-345.0,,275.0,True,True,False,True,football|NFL|2025-12-28|CIN|ARI
nflverse,football,NFL,2025-12-28,CLE,PIT,13.0,6.0,170.0,,-205.0,True,True,False,True,football|NFL|2025-12-28|CLE|PIT
nflverse,football,NFL,2025-12-28,IND,JAX,17.0,23.0,185.0,,-225.0,True,True,False,True,football|NFL|2025-12-28|IND|JAX
nflverse,football,NFL,2025-12-28,MIA,TB,20.0,17.0,205.0,,-250.0,True,True,False,True,football|NFL|2025-12-28|MIA|TB
nflverse,football,NFL,2025-12-28,NYJ,NE,10.0,42.0,625.0,,-950.0,True,True,False,True,football|NFL|2025-12-28|NYJ|NE
nflverse,football,NFL,2025-12-28,TEN,NO,26.0,34.0,100.0,,-120.0,True,True,False,True,football|NFL|2025-12-28|TEN|NO
nflverse,football,NFL,2025-12-28,LV,NYG,10.0,34.0,136.0,,-162.0,True,True,False,True,football|NFL|2025-12-28|LV|NYG
nflverse,football,NFL,2025-12-28,BUF,PHI,12.0,13.0,-170.0,,142.0,True,True,False,True,football|NFL|2025-12-28|BUF|PHI
nflverse,football,NFL,2025-12-28,SF,CHI,42.0,38.0,-205.0,,170.0,True,True,False,True,football|NFL|2025-12-28|SF|CHI
nflverse,football,NFL,2025-12-29,ATL,LA,27.0,24.0,300.0,,-380.0,True,True,False,True,football|NFL|2025-12-29|ATL|LA
nflverse,football,NFL,2026-01-03,TB,CAR,16.0,14.0,-155.0,,130.0,True,True,False,True,football|NFL|2026-01-03|TB|CAR
nflverse,football,NFL,2026-01-03,SF,SEA,3.0,13.0,124.0,,-148.0,True,True,False,True,football|NFL|2026-01-03|SF|SEA
nflverse,football,NFL,2026-01-04,ATL,NO,19.0,17.0,-205.0,,170.0,True,True,False,True,football|NFL|2026-01-04|ATL|NO
nflverse,football,NFL,2026-01-04,CIN,CLE,18.0,20.0,-455.0,,350.0,True,True,False,True,football|NFL|2026-01-04|CIN|CLE
nflverse,football,NFL,2026-01-04,HOU,IND,38.0,30.0,-535.0,,400.0,True,True,False,True,football|NFL|2026-01-04|HOU|IND
nflverse,football,NFL,2026-01-04,JAX,TEN,41.0,7.0,-750.0,,525.0,True,True,False,True,football|NFL|2026-01-04|JAX|TEN
nflverse,football,NFL,2026-01-04,MIN,GB,16.0,3.0,-650.0,,470.0,True,True,False,True,football|NFL|2026-01-04|MIN|GB
nflverse,football,NFL,2026-01-04,NYG,DAL,34.0,17.0,140.0,,-166.0,True,True,False,True,football|NFL|2026-01-04|NYG|DAL
nflverse,football,NFL,2026-01-04,BUF,NYJ,35.0,8.0,-800.0,,550.0,True,True,False,True,football|NFL|2026-01-04|BUF|NYJ
nflverse,football,NFL,2026-01-04,CHI,DET,16.0,19.0,-180.0,,150.0,True,True,False,True,football|NFL|2026-01-04|CHI|DET
nflverse,football,NFL,2026-01-04,DEN,LAC,19.0,3.0,-1600.0,,900.0,True,True,False,True,football|NFL|2026-01-04|DEN|LAC
nflverse,football,NFL,2026-01-04,LA,ARI,37.0,20.0,-1350.0,,800.0,True,True,False,True,football|NFL|2026-01-04|LA|ARI
nflverse,football,NFL,2026-01-04,LV,KC,14.0,12.0,185.0,,-225.0,True,True,False,True,football|NFL|2026-01-04|LV|KC
nflverse,football,NFL,2026-01-04,NE,MIA,38.0,10.0,-1000.0,,650.0,True,True,False,True,football|NFL|2026-01-04|NE|MIA
nflverse,football,NFL,2026-01-04,PHI,WAS,17.0,24.0,-180.0,,150.0,True,True,False,True,football|NFL|2026-01-04|PHI|WAS
nflverse,football,NFL,2026-01-04,PIT,BAL,26.0,24.0,185.0,,-225.0,True,True,False,True,football|NFL|2026-01-04|PIT|BAL
nflverse,football,NFL,2026-01-10,CAR,LA,31.0,34.0,410.0,,-550.0,True,True,False,True,football|NFL|2026-01-10|CAR|LA
nflverse,football,NFL,2026-01-10,CHI,GB,31.0,27.0,114.0,,-135.0,True,True,False,True,football|NFL|2026-01-10|CHI|GB
nflverse,football,NFL,2026-01-11,JAX,BUF,24.0,27.0,-122.0,,102.0,True,True,False,True,football|NFL|2026-01-11|JAX|BUF
nflverse,football,NFL,2026-01-11,PHI,SF,19.0,23.0,-265.0,,215.0,True,True,False,True,football|NFL|2026-01-11|PHI|SF
nflverse,football,NFL,2026-01-11,NE,LAC,16.0,3.0,-198.0,,164.0,True,True,False,True,football|NFL|2026-01-11|NE|LAC
nflverse,football,NFL,2026-01-12,PIT,HOU,6.0,30.0,130.0,,-155.0,True,True,False,True,football|NFL|2026-01-12|PIT|HOU
nflverse,football,NFL,2026-01-17,DEN,BUF,33.0,30.0,-120.0,,100.0,True,True,False,True,football|NFL|2026-01-17|DEN|BUF
nflverse,football,NFL,2026-01-17,SEA,SF,41.0,6.0,-305.0,,245.0,True,True,False,True,football|NFL|2026-01-17|SEA|SF
nflverse,football,NFL,2026-01-18,NE,HOU,28.0,16.0,-180.0,,150.0,True,True,False,True,football|NFL|2026-01-18|NE|HOU
nflverse,football,NFL,2026-01-18,CHI,LA,17.0,20.0,170.0,,-205.0,True,True,False,True,football|NFL|2026-01-18|CHI|LA
nflverse,football,NFL,2026-01-25,DEN,NE,7.0,10.0,170.0,,-205.0,True,True,False,True,football|NFL|2026-01-25|DEN|NE
nflverse,football,NFL,2026-01-25,SEA,LA,31.0,27.0,-142.0,,120.0,True,True,False,True,football|NFL|2026-01-25|SEA|LA
nflverse,football,NFL,2026-02-08,NE,SEA,13.0,29.0,195.0,,-238.0,True,True,False,True,football|NFL|2026-02-08|NE|SEA
nflverse,football,NFL,2026-09-09,SEA,NE,,,-205.0,,170.0,False,True,False,True,football|NFL|2026-09-09|SEA|NE
nflverse,football,NFL,2026-09-10,LA,SF,,,-175.0,,145.0,False,True,False,True,football|NFL|2026-09-10|LA|SF
nflverse,football,NFL,2026-09-13,CAR,CHI,,,114.0,,-135.0,False,True,False,True,football|NFL|2026-09-13|CAR|CHI
nflverse,football,NFL,2026-09-13,CIN,TB,,,-192.0,,160.0,False,True,False,True,football|NFL|2026-09-13|CIN|TB
nflverse,football,NFL,2026-09-13,DET,NO,,,-325.0,,260.0,False,True,False,True,football|NFL|2026-09-13|DET|NO
nflverse,football,NFL,2026-09-13,HOU,BUF,,,-108.0,,-112.0,False,True,False,True,football|NFL|2026-09-13|HOU|BUF
nflverse,football,NFL,2026-09-13,IND,BAL,,,160.0,,-192.0,False,True,False,True,football|NFL|2026-09-13|IND|BAL
nflverse,football,NFL,2026-09-13,JAX,CLE,,,-340.0,,270.0,False,True,False,True,football|NFL|2026-09-13|JAX|CLE
nflverse,football,NFL,2026-09-13,PIT,ATL,,,-175.0,,145.0,False,True,False,True,football|NFL|2026-09-13|PIT|ATL
nflverse,football,NFL,2026-09-13,TEN,NYJ,,,-170.0,,142.0,False,True,False,True,football|NFL|2026-09-13|TEN|NYJ
nflverse,football,NFL,2026-09-13,LAC,ARI,,,-625.0,,455.0,False,True,False,True,football|NFL|2026-09-13|LAC|ARI
nflverse,football,NFL,2026-09-13,LV,MIA,,,-175.0,,145.0,False,True,False,True,football|NFL|2026-09-13|LV|MIA
nflverse,football,NFL,2026-09-13,MIN,GB,,,105.0,,-125.0,False,True,False,True,football|NFL|2026-09-13|MIN|GB
nflverse,football,NFL,2026-09-13,PHI,WAS,,,-230.0,,190.0,False,True,False,True,football|NFL|2026-09-13|PHI|WAS
nflverse,football,NFL,2026-09-13,NYG,DAL,,,110.0,,-130.0,False,True,False,True,football|NFL|2026-09-13|NYG|DAL
nflverse,football,NFL,2026-09-14,KC,DEN,,,-155.0,,130.0,False,True,False,True,football|NFL|2026-09-14|KC|DEN
nflverse,football,NFL,2026-09-17,BUF,DET,,,-155.0,,130.0,False,True,False,True,football|NFL|2026-09-17|BUF|DET
nflverse,football,NFL,2026-09-20,ATL,CAR,,,-120.0,,100.0,False,True,False,True,football|NFL|2026-09-20|ATL|CAR
nflverse,football,NFL,2026-09-20,BAL,NO,,,-375.0,,295.0,False,True,False,True,football|NFL|2026-09-20|BAL|NO
nflverse,football,NFL,2026-09-20,CHI,MIN,,,-180.0,,150.0,False,True,False,True,football|NFL|2026-09-20|CHI|MIN
nflverse,football,NFL,2026-09-20,HOU,CIN,,,-135.0,,114.0,False,True,False,True,football|NFL|2026-09-20|HOU|CIN
nflverse,football,NFL,2026-09-20,NE,PIT,,,-225.0,,185.0,False,True,False,True,football|NFL|2026-09-20|NE|PIT
nflverse,football,NFL,2026-09-20,NYJ,GB,,,240.0,,-298.0,False,True,False,True,football|NFL|2026-09-20|NYJ|GB
nflverse,football,NFL,2026-09-20,TB,CLE,,,-278.0,,225.0,False,True,False,True,football|NFL|2026-09-20|TB|CLE
nflverse,football,NFL,2026-09-20,TEN,PHI,,,180.0,,-218.0,False,True,False,True,football|NFL|2026-09-20|TEN|PHI
nflverse,football,NFL,2026-09-20,DEN,JAX,,,-148.0,,124.0,False,True,False,True,football|NFL|2026-09-20|DEN|JAX
nflverse,football,NFL,2026-09-20,LAC,LV,,,-425.0,,330.0,False,True,False,True,football|NFL|2026-09-20|LAC|LV
nflverse,football,NFL,2026-09-20,ARI,SEA,,,390.0,,-520.0,False,True,False,True,football|NFL|2026-09-20|ARI|SEA
nflverse,football,NFL,2026-09-20,DAL,WAS,,,-205.0,,170.0,False,True,False,True,football|NFL|2026-09-20|DAL|WAS
nflverse,football,NFL,2026-09-20,SF,MIA,,,-575.0,,425.0,False,True,False,True,football|NFL|2026-09-20|SF|MIA
nflverse,football,NFL,2026-09-20,KC,IND,,,-250.0,,205.0,False,True,False,True,football|NFL|2026-09-20|KC|IND
nflverse,football,NFL,2026-09-21,LA,NYG,,,-410.0,,320.0,False,True,False,True,football|NFL|2026-09-21|LA|NYG
nflverse,football,NFL,2026-09-24,GB,ATL,,,-380.0,,300.0,False,True,False,True,football|NFL|2026-09-24|GB|ATL
nflverse,football,NFL,2026-09-27,BUF,LAC,,,-135.0,,114.0,False,True,False,True,football|NFL|2026-09-27|BUF|LAC
nflverse,football,NFL,2026-09-27,CLE,CAR,,,114.0,,-135.0,False,True,False,True,football|NFL|2026-09-27|CLE|CAR
nflverse,football,NFL,2026-09-27,DET,NYJ,,,-455.0,,350.0,False,True,False,True,football|NFL|2026-09-27|DET|NYJ
nflverse,football,NFL,2026-09-27,IND,HOU,,,110.0,,-130.0,False,True,False,True,football|NFL|2026-09-27|IND|HOU
nflverse,football,NFL,2026-09-27,JAX,NE,,,-118.0,,-102.0,False,True,False,True,football|NFL|2026-09-27|JAX|NE
nflverse,football,NFL,2026-09-27,MIA,KC,,,270.0,,-340.0,False,True,False,True,football|NFL|2026-09-27|MIA|KC
nflverse,football,NFL,2026-09-27,NYG,TEN,,,-180.0,,150.0,False,True,False,True,football|NFL|2026-09-27|NYG|TEN
nflverse,football,NFL,2026-09-27,PIT,CIN,,,-108.0,,-112.0,False,True,False,True,football|NFL|2026-09-27|PIT|CIN
nflverse,football,NFL,2026-09-27,WAS,SEA,,,164.0,,-198.0,False,True,False,True,football|NFL|2026-09-27|WAS|SEA
nflverse,football,NFL,2026-09-27,SF,ARI,,,-625.0,,455.0,False,True,False,True,football|NFL|2026-09-27|SF|ARI
nflverse,football,NFL,2026-09-27,TB,MIN,,,-125.0,,105.0,False,True,False,True,football|NFL|2026-09-27|TB|MIN
nflverse,football,NFL,2026-09-27,DAL,BAL,,,114.0,,-135.0,False,True,False,True,football|NFL|2026-09-27|DAL|BAL
nflverse,football,NFL,2026-09-27,NO,LV,,,-166.0,,140.0,False,True,False,True,football|NFL|2026-09-27|NO|LV
nflverse,football,NFL,2026-09-27,DEN,LA,,,130.0,,-155.0,False,True,False,True,football|NFL|2026-09-27|DEN|LA
nflverse,football,NFL,2026-09-28,CHI,PHI,,,-118.0,,-102.0,False,True,False,True,football|NFL|2026-09-28|CHI|PHI
nflverse,football,NFL,2026-10-01,CLE,PIT,,,136.0,,-162.0,False,True,False,True,football|NFL|2026-10-01|CLE|PIT
nflverse,football,NFL,2026-10-04,WAS,IND,,,-112.0,,-108.0,False,True,False,True,football|NFL|2026-10-04|WAS|IND
nflverse,football,NFL,2026-10-04,BAL,TEN,,,-395.0,,310.0,False,True,False,True,football|NFL|2026-10-04|BAL|TEN
nflverse,football,NFL,2026-10-04,BUF,NE,,,-166.0,,140.0,False,True,False,True,football|NFL|2026-10-04|BUF|NE
nflverse,football,NFL,2026-10-04,CHI,NYJ,,,-380.0,,300.0,False,True,False,True,football|NFL|2026-10-04|CHI|NYJ
nflverse,football,NFL,2026-10-04,CIN,JAX,,,-135.0,,114.0,False,True,False,True,football|NFL|2026-10-04|CIN|JAX
nflverse,football,NFL,2026-10-04,HOU,DAL,,,-135.0,,114.0,False,True,False,True,football|NFL|2026-10-04|HOU|DAL
nflverse,football,NFL,2026-10-04,NYG,ARI,,,-310.0,,250.0,False,True,False,True,football|NFL|2026-10-04|NYG|ARI
nflverse,football,NFL,2026-10-04,PHI,LA,,,114.0,,-135.0,False,True,False,True,football|NFL|2026-10-04|PHI|LA
nflverse,football,NFL,2026-10-04,TB,GB,,,105.0,,-125.0,False,True,False,True,football|NFL|2026-10-04|TB|GB
nflverse,football,NFL,2026-10-04,MIN,MIA,,,-380.0,,300.0,False,True,False,True,football|NFL|2026-10-04|MIN|MIA
nflverse,football,NFL,2026-10-04,LV,KC,,,205.0,,-250.0,False,True,False,True,football|NFL|2026-10-04|LV|KC
nflverse,football,NFL,2026-10-04,SEA,LAC,,,-162.0,,136.0,False,True,False,True,football|NFL|2026-10-04|SEA|LAC
nflverse,football,NFL,2026-10-04,SF,DEN,,,-142.0,,120.0,False,True,False,True,football|NFL|2026-10-04|SF|DEN
nflverse,football,NFL,2026-10-04,CAR,DET,,,130.0,,-155.0,False,True,False,True,football|NFL|2026-10-04|CAR|DET
nflverse,football,NFL,2026-10-05,NO,ATL,,,-135.0,,114.0,False,True,False,True,football|NFL|2026-10-05|NO|ATL
nflverse,football,NFL,2026-10-08,DAL,TB,,,-198.0,,164.0,False,True,False,True,football|NFL|2026-10-08|DAL|TB
nflverse,football,NFL,2026-10-11,JAX,PHI,,,110.0,,-130.0,False,True,False,True,football|NFL|2026-10-11|JAX|PHI
nflverse,football,NFL,2026-10-11,MIA,CIN,,,205.0,,-250.0,False,True,False,True,football|NFL|2026-10-11|MIA|CIN
nflverse,football,NFL,2026-10-11,NE,LV,,,-425.0,,330.0,False,True,False,True,football|NFL|2026-10-11|NE|LV
nflverse,football,NFL,2026-10-11,NO,MIN,,,100.0,,-120.0,False,True,False,True,football|NFL|2026-10-11|NO|MIN
nflverse,football,NFL,2026-10-11,NYJ,CLE,,,-135.0,,114.0,False,True,False,True,football|NFL|2026-10-11|NYJ|CLE
nflverse,football,NFL,2026-10-11,PIT,IND,,,-135.0,,114.0,False,True,False,True,football|NFL|2026-10-11|PIT|IND
nflverse,football,NFL,2026-10-11,TEN,HOU,,,160.0,,-192.0,False,True,False,True,football|NFL|2026-10-11|TEN|HOU
nflverse,football,NFL,2026-10-11,WAS,NYG,,,-135.0,,114.0,False,True,False,True,football|NFL|2026-10-11|WAS|NYG
nflverse,football,NFL,2026-10-11,LAC,DEN,,,-142.0,,120.0,False,True,False,True,football|NFL|2026-10-11|LAC|DEN
nflverse,football,NFL,2026-10-11,ARI,DET,,,,,,False,False,False,False,football|NFL|2026-10-11|ARI|DET
nflverse,football,NFL,2026-10-11,GB,CHI,,,,,,False,False,False,False,football|NFL|2026-10-11|GB|CHI
nflverse,football,NFL,2026-10-11,SEA,SF,,,-205.0,,170.0,False,True,False,True,football|NFL|2026-10-11|SEA|SF
nflverse,football,NFL,2026-10-11,ATL,BAL,,,,,,False,False,False,False,football|NFL|2026-10-11|ATL|BAL
nflverse,football,NFL,2026-10-12,LA,BUF,,,,,,False,False,False,False,football|NFL|2026-10-12|LA|BUF
nflverse,football,NFL,2026-10-15,DEN,SEA,,,,,,False,False,False,False,football|NFL|2026-10-15|DEN|SEA
nflverse,football,NFL,2026-10-18,JAX,HOU,,,-108.0,,-108.0,False,True,False,True,football|NFL|2026-10-18|JAX|HOU
nflverse,football,NFL,2026-10-18,ATL,CHI,,,,,,False,False,False,False,football|NFL|2026-10-18|ATL|CHI
nflverse,football,NFL,2026-10-18,CLE,BAL,,,,,,False,False,False,False,football|NFL|2026-10-18|CLE|BAL
nflverse,football,NFL,2026-10-18,IND,TEN,,,,,,False,False,False,False,football|NFL|2026-10-18|IND|TEN
nflverse,football,NFL,2026-10-18,NE,NYJ,,,,,,False,False,False,False,football|NFL|2026-10-18|NE|NYJ
nflverse,football,NFL,2026-10-18,NYG,NO,,,,,,False,False,False,False,football|NFL|2026-10-18|NYG|NO
nflverse,football,NFL,2026-10-18,PHI,CAR,,,,,,False,False,False,False,football|NFL|2026-10-18|PHI|CAR
nflverse,football,NFL,2026-10-18,TB,PIT,,,,,,False,False,False,False,football|NFL|2026-10-18|TB|PIT
nflverse,football,NFL,2026-10-18,LA,ARI,,,,,,False,False,False,False,football|NFL|2026-10-18|LA|ARI
nflverse,football,NFL,2026-10-18,KC,LAC,,,,,,False,False,False,False,football|NFL|2026-10-18|KC|LAC
nflverse,football,NFL,2026-10-18,LV,BUF,,,,,,False,False,False,False,football|NFL|2026-10-18|LV|BUF
nflverse,football,NFL,2026-10-18,GB,DAL,,,,,,False,False,False,False,football|NFL|2026-10-18|GB|DAL
nflverse,football,NFL,2026-10-19,SF,WAS,,,,,,False,False,False,False,football|NFL|2026-10-19|SF|WAS
nflverse,football,NFL,2026-10-22,CHI,NE,,,,,,False,False,False,False,football|NFL|2026-10-22|CHI|NE
nflverse,football,NFL,2026-10-25,NO,PIT,,,112.0,,-132.0,False,True,False,True,football|NFL|2026-10-25|NO|PIT
nflverse,football,NFL,2026-10-25,ATL,SF,,,,,,False,False,False,False,football|NFL|2026-10-25|ATL|SF
nflverse,football,NFL,2026-10-25,BAL,CIN,,,,,,False,False,False,False,football|NFL|2026-10-25|BAL|CIN
nflverse,football,NFL,2026-10-25,CAR,TB,,,,,,False,False,False,False,football|NFL|2026-10-25|CAR|TB
nflverse,football,NFL,2026-10-25,HOU,NYG,,,,,,False,False,False,False,football|NFL|2026-10-25|HOU|NYG
nflverse,football,NFL,2026-10-25,MIN,IND,,,,,,False,False,False,False,football|NFL|2026-10-25|MIN|IND
nflverse,football,NFL,2026-10-25,NYJ,MIA,,,,,,False,False,False,False,football|NFL|2026-10-25|NYJ|MIA
nflverse,football,NFL,2026-10-25,TEN,CLE,,,,,,False,False,False,False,football|NFL|2026-10-25|TEN|CLE
nflverse,football,NFL,2026-10-25,ARI,DEN,,,,,,False,False,False,False,football|NFL|2026-10-25|ARI|DEN
nflverse,football,NFL,2026-10-25,DET,GB,,,,,,False,False,False,False,football|NFL|2026-10-25|DET|GB
nflverse,football,NFL,2026-10-25,LV,LA,,,,,,False,False,False,False,football|NFL|2026-10-25|LV|LA
nflverse,football,NFL,2026-10-25,SEA,KC,,,,,,False,False,False,False,football|NFL|2026-10-25|SEA|KC
nflverse,football,NFL,2026-10-26,PHI,DAL,,,,,,False,False,False,False,football|NFL|2026-10-26|PHI|DAL
nflverse,football,NFL,2026-10-29,GB,CAR,,,,,,False,False,False,False,football|NFL|2026-10-29|GB|CAR
nflverse,football,NFL,2026-11-01,BUF,BAL,,,,,,False,False,False,False,football|NFL|2026-11-01|BUF|BAL
nflverse,football,NFL,2026-11-01,CIN,TEN,,,,,,False,False,False,False,football|NFL|2026-11-01|CIN|TEN
nflverse,football,NFL,2026-11-01,DAL,ARI,,,,,,False,False,False,False,football|NFL|2026-11-01|DAL|ARI
nflverse,football,NFL,2026-11-01,DET,MIN,,,,,,False,False,False,False,football|NFL|2026-11-01|DET|MIN
nflverse,football,NFL,2026-11-01,JAX,IND,,,,,,False,False,False,False,football|NFL|2026-11-01|JAX|IND
nflverse,football,NFL,2026-11-01,NYJ,LV,,,,,,False,False,False,False,football|NFL|2026-11-01|NYJ|LV
nflverse,football,NFL,2026-11-01,PIT,CLE,,,,,,False,False,False,False,football|NFL|2026-11-01|PIT|CLE
nflverse,football,NFL,2026-11-01,TB,ATL,,,,,,False,False,False,False,football|NFL|2026-11-01|TB|ATL
nflverse,football,NFL,2026-11-01,LA,LAC,,,,,,False,False,False,False,football|NFL|2026-11-01|LA|LAC
nflverse,football,NFL,2026-11-01,DEN,KC,,,,,,False,False,False,False,football|NFL|2026-11-01|DEN|KC
nflverse,football,NFL,2026-11-01,MIA,NE,,,,,,False,False,False,False,football|NFL|2026-11-01|MIA|NE
nflverse,football,NFL,2026-11-01,WAS,PHI,,,,,,False,False,False,False,football|NFL|2026-11-01|WAS|PHI
nflverse,football,NFL,2026-11-02,SEA,CHI,,,,,,False,False,False,False,football|NFL|2026-11-02|SEA|CHI
nflverse,football,NFL,2026-11-05,BAL,JAX,,,,,,False,False,False,False,football|NFL|2026-11-05|BAL|JAX
nflverse,football,NFL,2026-11-08,ATL,CIN,,,,,,False,False,False,False,football|NFL|2026-11-08|ATL|CIN
nflverse,football,NFL,2026-11-08,CAR,DEN,,,,,,False,False,False,False,football|NFL|2026-11-08|CAR|DEN
nflverse,football,NFL,2026-11-08,IND,DAL,,,,,,False,False,False,False,football|NFL|2026-11-08|IND|DAL
nflverse,football,NFL,2026-11-08,KC,NYJ,,,,,,False,False,False,False,football|NFL|2026-11-08|KC|NYJ
nflverse,football,NFL,2026-11-08,MIA,DET,,,,,,False,False,False,False,football|NFL|2026-11-08|MIA|DET
nflverse,football,NFL,2026-11-08,NO,CLE,,,,,,False,False,False,False,football|NFL|2026-11-08|NO|CLE
nflverse,football,NFL,2026-11-08,PHI,NYG,,,,,,False,False,False,False,football|NFL|2026-11-08|PHI|NYG
nflverse,football,NFL,2026-11-08,WAS,LA,,,,,,False,False,False,False,football|NFL|2026-11-08|WAS|LA
nflverse,football,NFL,2026-11-08,LAC,HOU,,,,,,False,False,False,False,football|NFL|2026-11-08|LAC|HOU
nflverse,football,NFL,2026-11-08,SF,LV,,,,,,False,False,False,False,football|NFL|2026-11-08|SF|LV
nflverse,football,NFL,2026-11-08,NE,GB,,,,,,False,False,False,False,football|NFL|2026-11-08|NE|GB
nflverse,football,NFL,2026-11-08,SEA,ARI,,,,,,False,False,False,False,football|NFL|2026-11-08|SEA|ARI
nflverse,football,NFL,2026-11-08,CHI,TB,,,,,,False,False,False,False,football|NFL|2026-11-08|CHI|TB
nflverse,football,NFL,2026-11-09,MIN,BUF,,,,,,False,False,False,False,football|NFL|2026-11-09|MIN|BUF
nflverse,football,NFL,2026-11-12,NYG,WAS,,,,,,False,False,False,False,football|NFL|2026-11-12|NYG|WAS
nflverse,football,NFL,2026-11-15,DET,NE,,,,,,False,False,False,False,football|NFL|2026-11-15|DET|NE
nflverse,football,NFL,2026-11-15,ATL,KC,,,,,,False,False,False,False,football|NFL|2026-11-15|ATL|KC
nflverse,football,NFL,2026-11-15,CLE,HOU,,,,,,False,False,False,False,football|NFL|2026-11-15|CLE|HOU
nflverse,football,NFL,2026-11-15,GB,MIN,,,,,,False,False,False,False,football|NFL|2026-11-15|GB|MIN
nflverse,football,NFL,2026-11-15,IND,MIA,,,,,,False,False,False,False,football|NFL|2026-11-15|IND|MIA
nflverse,football,NFL,2026-11-15,NO,CAR,,,,,,False,False,False,False,football|NFL|2026-11-15|NO|CAR
nflverse,football,NFL,2026-11-15,NYJ,BUF,,,,,,False,False,False,False,football|NFL|2026-11-15|NYJ|BUF
nflverse,football,NFL,2026-11-15,TEN,JAX,,,,,,False,False,False,False,football|NFL|2026-11-15|TEN|JAX
nflverse,football,NFL,2026-11-15,ARI,LA,,,,,,False,False,False,False,football|NFL|2026-11-15|ARI|LA
nflverse,football,NFL,2026-11-15,LV,SEA,,,,,,False,False,False,False,football|NFL|2026-11-15|LV|SEA
nflverse,football,NFL,2026-11-15,DAL,SF,,,,,,False,False,False,False,football|NFL|2026-11-15|DAL|SF
nflverse,football,NFL,2026-11-15,CIN,PIT,,,,,,False,False,False,False,football|NFL|2026-11-15|CIN|PIT
nflverse,football,NFL,2026-11-16,BAL,LAC,,,,,,False,False,False,False,football|NFL|2026-11-16|BAL|LAC
nflverse,football,NFL,2026-11-19,HOU,IND,,,,,,False,False,False,False,football|NFL|2026-11-19|HOU|IND
nflverse,football,NFL,2026-11-22,BUF,MIA,,,,,,False,False,False,False,football|NFL|2026-11-22|BUF|MIA
nflverse,football,NFL,2026-11-22,CAR,BAL,,,,,,False,False,False,False,football|NFL|2026-11-22|CAR|BAL
nflverse,football,NFL,2026-11-22,CHI,NO,,,,,,False,False,False,False,football|NFL|2026-11-22|CHI|NO
nflverse,football,NFL,2026-11-22,DAL,TEN,,,,,,False,False,False,False,football|NFL|2026-11-22|DAL|TEN
nflverse,football,NFL,2026-11-22,DET,TB,,,,,,False,False,False,False,football|NFL|2026-11-22|DET|TB
nflverse,football,NFL,2026-11-22,KC,ARI,,,,,,False,False,False,False,football|NFL|2026-11-22|KC|ARI
nflverse,football,NFL,2026-11-22,NYG,JAX,,,,,,False,False,False,False,football|NFL|2026-11-22|NYG|JAX
nflverse,football,NFL,2026-11-22,LAC,NYJ,,,,,,False,False,False,False,football|NFL|2026-11-22|LAC|NYJ
nflverse,football,NFL,2026-11-22,DEN,LV,,,,,,False,False,False,False,football|NFL|2026-11-22|DEN|LV
nflverse,football,NFL,2026-11-22,PHI,PIT,,,,,,False,False,False,False,football|NFL|2026-11-22|PHI|PIT
nflverse,football,NFL,2026-11-22,SF,MIN,,,,,,False,False,False,False,football|NFL|2026-11-22|SF|MIN
nflverse,football,NFL,2026-11-23,WAS,CIN,,,,,,False,False,False,False,football|NFL|2026-11-23|WAS|CIN
nflverse,football,NFL,2026-11-25,LA,GB,,,,,,False,False,False,False,football|NFL|2026-11-25|LA|GB
nflverse,football,NFL,2026-11-26,DET,CHI,,,,,,False,False,False,False,football|NFL|2026-11-26|DET|CHI
nflverse,football,NFL,2026-11-26,DAL,PHI,,,,,,False,False,False,False,football|NFL|2026-11-26|DAL|PHI
nflverse,football,NFL,2026-11-26,BUF,KC,,,,,,False,False,False,False,football|NFL|2026-11-26|BUF|KC
nflverse,football,NFL,2026-11-27,PIT,DEN,,,,,,False,False,False,False,football|NFL|2026-11-27|PIT|DEN
nflverse,football,NFL,2026-11-29,CIN,NO,,,,,,False,False,False,False,football|NFL|2026-11-29|CIN|NO
nflverse,football,NFL,2026-11-29,CLE,LV,,,,,,False,False,False,False,football|NFL|2026-11-29|CLE|LV
nflverse,football,NFL,2026-11-29,HOU,BAL,,,,,,False,False,False,False,football|NFL|2026-11-29|HOU|BAL
nflverse,football,NFL,2026-11-29,IND,NYG,,,,,,False,False,False,False,football|NFL|2026-11-29|IND|NYG
nflverse,football,NFL,2026-11-29,MIA,NYJ,,,,,,False,False,False,False,football|NFL|2026-11-29|MIA|NYJ
nflverse,football,NFL,2026-11-29,MIN,ATL,,,,,,False,False,False,False,football|NFL|2026-11-29|MIN|ATL
nflverse,football,NFL,2026-11-29,JAX,TEN,,,,,,False,False,False,False,football|NFL|2026-11-29|JAX|TEN
nflverse,football,NFL,2026-11-29,ARI,WAS,,,,,,False,False,False,False,football|NFL|2026-11-29|ARI|WAS
nflverse,football,NFL,2026-11-29,SF,SEA,,,,,,False,False,False,False,football|NFL|2026-11-29|SF|SEA
nflverse,football,NFL,2026-11-29,LAC,NE,,,,,,False,False,False,False,football|NFL|2026-11-29|LAC|NE
nflverse,football,NFL,2026-11-30,TB,CAR,,,,,,False,False,False,False,football|NFL|2026-11-30|TB|CAR
nflverse,football,NFL,2026-12-03,LA,KC,,,,,,False,False,False,False,football|NFL|2026-12-03|LA|KC
nflverse,football,NFL,2026-12-06,ATL,DET,,,,,,False,False,False,False,football|NFL|2026-12-06|ATL|DET
nflverse,football,NFL,2026-12-06,CHI,JAX,,,,,,False,False,False,False,football|NFL|2026-12-06|CHI|JAX
nflverse,football,NFL,2026-12-06,CLE,CIN,,,,,,False,False,False,False,football|NFL|2026-12-06|CLE|CIN
nflverse,football,NFL,2026-12-06,NO,GB,,,,,,False,False,False,False,football|NFL|2026-12-06|NO|GB
nflverse,football,NFL,2026-12-06,NYG,SF,,,,,,False,False,False,False,football|NFL|2026-12-06|NYG|SF
nflverse,football,NFL,2026-12-06,TB,LAC,,,,,,False,False,False,False,football|NFL|2026-12-06|TB|LAC
nflverse,football,NFL,2026-12-06,TEN,WAS,,,,,,False,False,False,False,football|NFL|2026-12-06|TEN|WAS
nflverse,football,NFL,2026-12-06,ARI,PHI,,,,,,False,False,False,False,football|NFL|2026-12-06|ARI|PHI
nflverse,football,NFL,2026-12-06,DEN,MIA,,,,,,False,False,False,False,football|NFL|2026-12-06|DEN|MIA
nflverse,football,NFL,2026-12-06,MIN,CAR,,,,,,False,False,False,False,football|NFL|2026-12-06|MIN|CAR
nflverse,football,NFL,2026-12-06,NE,BUF,,,,,,False,False,False,False,football|NFL|2026-12-06|NE|BUF
nflverse,football,NFL,2026-12-06,PIT,HOU,,,,,,False,False,False,False,football|NFL|2026-12-06|PIT|HOU
nflverse,football,NFL,2026-12-07,SEA,DAL,,,,,,False,False,False,False,football|NFL|2026-12-07|SEA|DAL
nflverse,football,NFL,2026-12-10,NE,MIN,,,,,,False,False,False,False,football|NFL|2026-12-10|NE|MIN
nflverse,football,NFL,2026-12-13,BAL,TB,,,,,,False,False,False,False,football|NFL|2026-12-13|BAL|TB
nflverse,football,NFL,2026-12-13,CAR,NO,,,,,,False,False,False,False,football|NFL|2026-12-13|CAR|NO
nflverse,football,NFL,2026-12-13,CLE,ATL,,,,,,False,False,False,False,football|NFL|2026-12-13|CLE|ATL
nflverse,football,NFL,2026-12-13,DET,TEN,,,,,,False,False,False,False,football|NFL|2026-12-13|DET|TEN
nflverse,football,NFL,2026-12-13,MIA,CHI,,,,,,False,False,False,False,football|NFL|2026-12-13|MIA|CHI
nflverse,football,NFL,2026-12-13,NYJ,DEN,,,,,,False,False,False,False,football|NFL|2026-12-13|NYJ|DEN
nflverse,football,NFL,2026-12-13,PHI,IND,,,,,,False,False,False,False,football|NFL|2026-12-13|PHI|IND
nflverse,football,NFL,2026-12-13,WAS,HOU,,,,,,False,False,False,False,football|NFL|2026-12-13|WAS|HOU
nflverse,football,NFL,2026-12-13,LV,LAC,,,,,,False,False,False,False,football|NFL|2026-12-13|LV|LAC
nflverse,football,NFL,2026-12-13,CIN,KC,,,,,,False,False,False,False,football|NFL|2026-12-13|CIN|KC
nflverse,football,NFL,2026-12-13,SEA,NYG,,,,,,False,False,False,False,football|NFL|2026-12-13|SEA|NYG
nflverse,football,NFL,2026-12-13,SF,LA,,,,,,False,False,False,False,football|NFL|2026-12-13|SF|LA
nflverse,football,NFL,2026-12-13,GB,BUF,,,,,,False,False,False,False,football|NFL|2026-12-13|GB|BUF
nflverse,football,NFL,2026-12-14,JAX,PIT,,,,,,False,False,False,False,football|NFL|2026-12-14|JAX|PIT
nflverse,football,NFL,2026-12-17,LAC,SF,,,,,,False,False,False,False,football|NFL|2026-12-17|LAC|SF
nflverse,football,NFL,2026-12-19,PHI,SEA,,,,,,False,False,False,False,football|NFL|2026-12-19|PHI|SEA
nflverse,football,NFL,2026-12-19,BUF,CHI,,,,,,False,False,False,False,football|NFL|2026-12-19|BUF|CHI
nflverse,football,NFL,2026-12-20,CAR,CIN,,,,,,False,False,False,False,football|NFL|2026-12-20|CAR|CIN
nflverse,football,NFL,2026-12-20,GB,MIA,,,,,,False,False,False,False,football|NFL|2026-12-20|GB|MIA
nflverse,football,NFL,2026-12-20,HOU,JAX,,,,,,False,False,False,False,football|NFL|2026-12-20|HOU|JAX
nflverse,football,NFL,2026-12-20,NYG,CLE,,,,,,False,False,False,False,football|NFL|2026-12-20|NYG|CLE
nflverse,football,NFL,2026-12-20,PIT,BAL,,,,,,False,False,False,False,football|NFL|2026-12-20|PIT|BAL
nflverse,football,NFL,2026-12-20,TB,NO,,,,,,False,False,False,False,football|NFL|2026-12-20|TB|NO
nflverse,football,NFL,2026-12-20,TEN,IND,,,,,,False,False,False,False,football|NFL|2026-12-20|TEN|IND
nflverse,football,NFL,2026-12-20,WAS,ATL,,,,,,False,False,False,False,football|NFL|2026-12-20|WAS|ATL
nflverse,football,NFL,2026-12-20,ARI,NYJ,,,,,,False,False,False,False,football|NFL|2026-12-20|ARI|NYJ
nflverse,football,NFL,2026-12-20,LA,DAL,,,,,,False,False,False,False,football|NFL|2026-12-20|LA|DAL
nflverse,football,NFL,2026-12-20,LV,DEN,,,,,,False,False,False,False,football|NFL|2026-12-20|LV|DEN
nflverse,football,NFL,2026-12-20,MIN,DET,,,,,,False,False,False,False,football|NFL|2026-12-20|MIN|DET
nflverse,football,NFL,2026-12-21,KC,NE,,,,,,False,False,False,False,football|NFL|2026-12-21|KC|NE
nflverse,football,NFL,2026-12-24,PHI,HOU,,,,,,False,False,False,False,football|NFL|2026-12-24|PHI|HOU
nflverse,football,NFL,2026-12-25,CHI,GB,,,,,,False,False,False,False,football|NFL|2026-12-25|CHI|GB
nflverse,football,NFL,2026-12-25,DEN,BUF,,,,,,False,False,False,False,football|NFL|2026-12-25|DEN|BUF
nflverse,football,NFL,2026-12-25,SEA,LA,,,,,,False,False,False,False,football|NFL|2026-12-25|SEA|LA
nflverse,football,NFL,2026-12-27,ATL,TB,,,,,,False,False,False,False,football|NFL|2026-12-27|ATL|TB
nflverse,football,NFL,2026-12-27,BAL,CLE,,,,,,False,False,False,False,football|NFL|2026-12-27|BAL|CLE
nflverse,football,NFL,2026-12-27,IND,CIN,,,,,,False,False,False,False,football|NFL|2026-12-27|IND|CIN
nflverse,football,NFL,2026-12-27,MIA,LAC,,,,,,False,False,False,False,football|NFL|2026-12-27|MIA|LAC
nflverse,football,NFL,2026-12-27,MIN,WAS,,,,,,False,False,False,False,football|NFL|2026-12-27|MIN|WAS
nflverse,football,NFL,2026-12-27,NO,ARI,,,,,,False,False,False,False,football|NFL|2026-12-27|NO|ARI
nflverse,football,NFL,2026-12-27,NYJ,NE,,,,,,False,False,False,False,football|NFL|2026-12-27|NYJ|NE
nflverse,football,NFL,2026-12-27,PIT,CAR,,,,,,False,False,False,False,football|NFL|2026-12-27|PIT|CAR
nflverse,football,NFL,2026-12-27,LV,TEN,,,,,,False,False,False,False,football|NFL|2026-12-27|LV|TEN
nflverse,football,NFL,2026-12-27,KC,SF,,,,,,False,False,False,False,football|NFL|2026-12-27|KC|SF
nflverse,football,NFL,2026-12-27,DAL,JAX,,,,,,False,False,False,False,football|NFL|2026-12-27|DAL|JAX
nflverse,football,NFL,2026-12-28,DET,NYG,,,,,,False,False,False,False,football|NFL|2026-12-28|DET|NYG
nflverse,football,NFL,2026-12-31,CIN,BAL,,,,,,False,False,False,False,football|NFL|2026-12-31|CIN|BAL
nflverse,football,NFL,2027-01-03,ATL,NO,,,,,,False,False,False,False,football|NFL|2027-01-03|ATL|NO
nflverse,football,NFL,2027-01-03,CAR,SEA,,,,,,False,False,False,False,football|NFL|2027-01-03|CAR|SEA
nflverse,football,NFL,2027-01-03,CLE,IND,,,,,,False,False,False,False,football|NFL|2027-01-03|CLE|IND
nflverse,football,NFL,2027-01-03,DAL,NYG,,,,,,False,False,False,False,football|NFL|2027-01-03|DAL|NYG
nflverse,football,NFL,2027-01-03,JAX,WAS,,,,,,False,False,False,False,football|NFL|2027-01-03|JAX|WAS
nflverse,football,NFL,2027-01-03,LAC,KC,,,,,,False,False,False,False,football|NFL|2027-01-03|LAC|KC
nflverse,football,NFL,2027-01-03,MIA,BUF,,,,,,False,False,False,False,football|NFL|2027-01-03|MIA|BUF
nflverse,football,NFL,2027-01-03,NE,DEN,,,,,,False,False,False,False,football|NFL|2027-01-03|NE|DEN
nflverse,football,NFL,2027-01-03,NYJ,MIN,,,,,,False,False,False,False,football|NFL|2027-01-03|NYJ|MIN
nflverse,football,NFL,2027-01-03,TB,LA,,,,,,False,False,False,False,football|NFL|2027-01-03|TB|LA
nflverse,football,NFL,2027-01-03,TEN,PIT,,,,,,False,False,False,False,football|NFL|2027-01-03|TEN|PIT
nflverse,football,NFL,2027-01-03,ARI,LV,,,,,,False,False,False,False,football|NFL|2027-01-03|ARI|LV
nflverse,football,NFL,2027-01-03,CHI,DET,,,,,,False,False,False,False,football|NFL|2027-01-03|CHI|DET
nflverse,football,NFL,2027-01-03,SF,PHI,,,,,,False,False,False,False,football|NFL|2027-01-03|SF|PHI
nflverse,football,NFL,2027-01-04,GB,HOU,,,,,,False,False,False,False,football|NFL|2027-01-04|GB|HOU
nflverse,football,NFL,2027-01-10,ARI,SF,,,,,,False,False,False,False,football|NFL|2027-01-10|ARI|SF
nflverse,football,NFL,2027-01-10,BAL,PIT,,,,,,False,False,False,False,football|NFL|2027-01-10|BAL|PIT
nflverse,football,NFL,2027-01-10,BUF,NYJ,,,,,,False,False,False,False,football|NFL|2027-01-10|BUF|NYJ
nflverse,football,NFL,2027-01-10,CAR,ATL,,,,,,False,False,False,False,football|NFL|2027-01-10|CAR|ATL
nflverse,football,NFL,2027-01-10,CIN,CLE,,,,,,False,False,False,False,football|NFL|2027-01-10|CIN|CLE
nflverse,football,NFL,2027-01-10,DEN,LAC,,,,,,False,False,False,False,football|NFL|2027-01-10|DEN|LAC
nflverse,football,NFL,2027-01-10,GB,DET,,,,,,False,False,False,False,football|NFL|2027-01-10|GB|DET
nflverse,football,NFL,2027-01-10,HOU,TEN,,,,,,False,False,False,False,football|NFL|2027-01-10|HOU|TEN
nflverse,football,NFL,2027-01-10,IND,JAX,,,,,,False,False,False,False,football|NFL|2027-01-10|IND|JAX
nflverse,football,NFL,2027-01-10,KC,LV,,,,,,False,False,False,False,football|NFL|2027-01-10|KC|LV
nflverse,football,NFL,2027-01-10,LA,SEA,,,,,,False,False,False,False,football|NFL|2027-01-10|LA|SEA
nflverse,football,NFL,2027-01-10,MIN,CHI,,,,,,False,False,False,False,football|NFL|2027-01-10|MIN|CHI
nflverse,football,NFL,2027-01-10,NE,MIA,,,,,,False,False,False,False,football|NFL|2027-01-10|NE|MIA
nflverse,football,NFL,2027-01-10,NO,TB,,,,,,False,False,False,False,football|NFL|2027-01-10|NO|TB
nflverse,football,NFL,2027-01-10,NYG,PHI,,,,,,False,False,False,False,football|NFL|2027-01-10|NYG|PHI
nflverse,football,NFL,2027-01-10,WAS,DAL,,,,,,False,False,False,False,football|NFL|2027-01-10|WAS|DAL
