market_ticker,market_title,game_date,home_team,away_team,yes_team,no_team,yes_means_home_team_wins,yes_means_away_team_wins,market_title_parsing_available,team_names_match_nba_game,mapping_confidence,mapping_warning
KXNBAGAME-25OCT21GSWLAL-LAL,Golden State vs Los Angeles L Winner?,2025-10-21,LAL,GSW,LAL,GSW,True,False,True,True,high,
KXNBAGAME-25OCT21HOUOKC-OKC,Houston vs Oklahoma City Winner?,2025-10-21,OKC,HOU,OKC,HOU,True,False,True,True,high,
KXNBAGAME-25OCT22BKNCHA-CHA,Brooklyn vs Charlotte Winner?,2025-10-22,CHA,BKN,CHA,BKN,True,False,True,True,high,
KXNBAGAME-25OCT22CLENYK-NYK,Cleveland vs New York Winner?,2025-10-22,NYK,CLE,NYK,CLE,True,False,True,True,high,
KXNBAGAME-25OCT22DETCHI-CHI,Detroit vs Chicago Winner?,2025-10-22,CHI,DET,CHI,DET,True,False,True,True,high,
KXNBAGAME-25OCT22LACUTA-UTA,Los Angeles C vs Utah Winner?,2025-10-22,UTA,LAC,UTA,LAC,True,False,True,True,high,
KXNBAGAME-25OCT22MIAORL-ORL,Miami vs Orlando Winner?,2025-10-22,ORL,MIA,ORL,MIA,True,False,True,True,high,
KXNBAGAME-25OCT22MINPOR-POR,Minnesota vs Portland Winner?,2025-10-22,POR,MIN,POR,MIN,True,False,True,True,high,
KXNBAGAME-25OCT22NOPMEM-MEM,New Orleans vs Memphis Winner?,2025-10-22,MEM,NOP,MEM,NOP,True,False,True,True,high,
KXNBAGAME-25OCT22PHIBOS-BOS,Philadelphia vs Boston Winner?,2025-10-22,BOS,PHI,BOS,PHI,True,False,True,True,high,
KXNBAGAME-25OCT22SACPHX-PHX,Sacramento vs Phoenix Winner?,2025-10-22,PHX,SAC,PHX,SAC,True,False,True,True,high,
KXNBAGAME-25OCT22SASDAL-DAL,San Antonio vs Dallas Winner?,2025-10-22,DAL,SAS,DAL,SAS,True,False,True,True,high,
KXNBAGAME-25OCT22TORATL-ATL,Toronto vs Atlanta Winner?,2025-10-22,ATL,TOR,ATL,TOR,True,False,True,True,high,
KXNBAGAME-25OCT22WASMIL-MIL,Washington vs Milwaukee Winner?,2025-10-22,MIL,WAS,MIL,WAS,True,False,True,True,high,
KXNBAGAME-25OCT23DENGSW-GSW,Denver vs Golden State Winner?,2025-10-23,GSW,DEN,GSW,DEN,True,False,True,True,high,
KXNBAGAME-25OCT23OKCIND-IND,Oklahoma City vs Indiana Winner?,2025-10-23,IND,OKC,IND,OKC,True,False,True,True,high,
KXNBAGAME-25OCT24ATLORL-ORL,Atlanta vs Orlando Winner?,2025-10-24,ORL,ATL,ORL,ATL,True,False,True,True,high,
KXNBAGAME-25OCT24BOSNYK-NYK,Boston vs New York Winner?,2025-10-24,NYK,BOS,NYK,BOS,True,False,True,True,high,
KXNBAGAME-25OCT24CLEBKN-BKN,Cleveland vs Brooklyn Winner?,2025-10-24,BKN,CLE,BKN,CLE,True,False,True,True,high,
KXNBAGAME-25OCT24DETHOU-HOU,Detroit vs Houston Winner?,2025-10-24,HOU,DET,HOU,DET,True,False,True,True,high,
KXNBAGAME-25OCT24GSWPOR-POR,Golden State vs Portland Winner?,2025-10-24,POR,GSW,POR,GSW,True,False,True,True,high,
KXNBAGAME-25OCT24MIAMEM-MEM,Miami vs Memphis Winner?,2025-10-24,MEM,MIA,MEM,MIA,True,False,True,True,high,
KXNBAGAME-25OCT24MILTOR-TOR,Milwaukee vs Toronto Winner?,2025-10-24,TOR,MIL,TOR,MIL,True,False,True,True,high,
KXNBAGAME-25OCT24MINLAL-LAL,Minnesota vs Los Angeles L Winner?,2025-10-24,LAL,MIN,LAL,MIN,True,False,True,True,high,
KXNBAGAME-25OCT24PHXLAC-LAC,Phoenix vs Los Angeles C Winner?,2025-10-24,LAC,PHX,LAC,PHX,True,False,True,True,high,
KXNBAGAME-25OCT24SASNOP-NOP,San Antonio vs New Orleans Winner?,2025-10-24,NOP,SAS,NOP,SAS,True,False,True,True,high,
KXNBAGAME-25OCT24UTASAC-SAC,Utah vs Sacramento Winner?,2025-10-24,SAC,UTA,SAC,UTA,True,False,True,True,high,
KXNBAGAME-25OCT24WASDAL-DAL,Washington vs Dallas Winner?,2025-10-24,DAL,WAS,DAL,WAS,True,False,True,True,high,
KXNBAGAME-25OCT25CHAPHI-PHI,Charlotte vs Philadelphia Winner?,2025-10-25,PHI,CHA,PHI,CHA,True,False,True,True,high,
KXNBAGAME-25OCT25CHIORL-ORL,Chicago vs Orlando Winner?,2025-10-25,ORL,CHI,ORL,CHI,True,False,True,True,high,
KXNBAGAME-25OCT25INDMEM-MEM,Indiana vs Memphis Winner?,2025-10-25,MEM,IND,MEM,IND,True,False,True,True,high,
KXNBAGAME-25OCT25OKCATL-ATL,Oklahoma City vs Atlanta Winner?,2025-10-25,ATL,OKC,ATL,OKC,True,False,True,True,high,
KXNBAGAME-25OCT26BKNSAS-SAS,Brooklyn vs San Antonio Winner?,2025-10-26,SAS,BKN,SAS,BKN,True,False,True,True,high,
KXNBAGAME-25OCT26BOSDET-DET,Boston vs Detroit Winner?,2025-10-26,DET,BOS,DET,BOS,True,False,True,True,high,
KXNBAGAME-25OCT26CHAWAS-WAS,Charlotte vs Washington Winner?,2025-10-26,WAS,CHA,WAS,CHA,True,False,True,True,high,
KXNBAGAME-25OCT26INDMIN-MIN,Indiana vs Minnesota Winner?,2025-10-26,MIN,IND,MIN,IND,True,False,True,True,high,
KXNBAGAME-25OCT26LALSAC-SAC,Los Angeles L vs Sacramento Winner?,2025-10-26,SAC,LAL,SAC,LAL,True,False,True,True,high,
KXNBAGAME-25OCT26MILCLE-CLE,Milwaukee vs Cleveland Winner?,2025-10-26,CLE,MIL,CLE,MIL,True,False,True,True,high,
KXNBAGAME-25OCT26NYKMIA-MIA,New York vs Miami Winner?,2025-10-26,MIA,NYK,MIA,NYK,True,False,True,True,high,
KXNBAGAME-25OCT26PORLAC-LAC,Portland vs Los Angeles C Winner?,2025-10-26,LAC,POR,LAC,POR,True,False,True,True,high,
KXNBAGAME-25OCT26TORDAL-DAL,Toronto vs Dallas Winner?,2025-10-26,DAL,TOR,DAL,TOR,True,False,True,True,high,
KXNBAGAME-25OCT27ATLCHI-CHI,Atlanta vs Chicago Winner?,2025-10-27,CHI,ATL,CHI,ATL,True,False,True,True,high,
KXNBAGAME-25OCT27BKNHOU-HOU,Brooklyn vs Houston Winner?,2025-10-27,HOU,BKN,HOU,BKN,True,False,True,True,high,
KXNBAGAME-25OCT27BOSNOP-NOP,Boston vs New Orleans Winner?,2025-10-27,NOP,BOS,NOP,BOS,True,False,True,True,high,
KXNBAGAME-25OCT27CLEDET-DET,Cleveland vs Detroit Winner?,2025-10-27,DET,CLE,DET,CLE,True,False,True,True,high,
KXNBAGAME-25OCT27DENMIN-MIN,Denver vs Minnesota Winner?,2025-10-27,MIN,DEN,MIN,DEN,True,False,True,True,high,
KXNBAGAME-25OCT27MEMGSW-GSW,Memphis vs Golden State Winner?,2025-10-27,GSW,MEM,GSW,MEM,True,False,True,True,high,
KXNBAGAME-25OCT27OKCDAL-DAL,Oklahoma City vs Dallas Winner?,2025-10-27,DAL,OKC,DAL,OKC,True,False,True,True,high,
KXNBAGAME-25OCT27ORLPHI-PHI,Orlando vs Philadelphia Winner?,2025-10-27,PHI,ORL,PHI,ORL,True,False,True,True,high,
KXNBAGAME-25OCT27PHXUTA-UTA,Phoenix vs Utah Winner?,2025-10-27,UTA,PHX,UTA,PHX,True,False,True,True,high,
KXNBAGAME-25OCT27PORLAL-LAL,Portland vs Los Angeles L Winner?,2025-10-27,LAL,POR,LAL,POR,True,False,True,True,high,
KXNBAGAME-25OCT27TORSAS-SAS,Toronto vs San Antonio Winner?,2025-10-27,SAS,TOR,SAS,TOR,True,False,True,True,high,
KXNBAGAME-25OCT28CHAMIA-MIA,Charlotte vs Miami Winner?,2025-10-28,MIA,CHA,MIA,CHA,True,False,True,True,high,
KXNBAGAME-25OCT28LACGSW-GSW,Los Angeles C vs Golden State Winner?,2025-10-28,GSW,LAC,GSW,LAC,True,False,True,True,high,
KXNBAGAME-25OCT28NYKMIL-MIL,New York vs Milwaukee Winner?,2025-10-28,MIL,NYK,MIL,NYK,True,False,True,True,high,
KXNBAGAME-25OCT28PHIWAS-WAS,Philadelphia vs Washington Winner?,2025-10-28,WAS,PHI,WAS,PHI,True,False,True,True,high,
KXNBAGAME-25OCT28SACOKC-OKC,Sacramento vs Oklahoma City Winner?,2025-10-28,OKC,SAC,OKC,SAC,True,False,True,True,high,
KXNBAGAME-25OCT29ATLBKN-BKN,Atlanta vs Brooklyn Winner?,2025-10-29,BKN,ATL,BKN,ATL,True,False,True,True,high,
KXNBAGAME-25OCT29CLEBOS-BOS,Cleveland vs Boston Winner?,2025-10-29,BOS,CLE,BOS,CLE,True,False,True,True,high,
KXNBAGAME-25OCT29HOUTOR-TOR,Houston vs Toronto Winner?,2025-10-29,TOR,HOU,TOR,HOU,True,False,True,True,high,
KXNBAGAME-25OCT29INDDAL-DAL,Indiana vs Dallas Winner?,2025-10-29,DAL,IND,DAL,IND,True,False,True,True,high,
KXNBAGAME-25OCT29LALMIN-MIN,Los Angeles L vs Minnesota Winner?,2025-10-29,MIN,LAL,MIN,LAL,True,False,True,True,high,
KXNBAGAME-25OCT29MEMPHX-PHX,Memphis vs Phoenix Winner?,2025-10-29,PHX,MEM,PHX,MEM,True,False,True,True,high,
KXNBAGAME-25OCT29NOPDEN-DEN,New Orleans vs Denver Winner?,2025-10-29,DEN,NOP,DEN,NOP,True,False,True,True,high,
KXNBAGAME-25OCT29ORLDET-DET,Orlando vs Detroit Winner?,2025-10-29,DET,ORL,DET,ORL,True,False,True,True,high,
KXNBAGAME-25OCT29PORUTA-UTA,Portland vs Utah Winner?,2025-10-29,UTA,POR,UTA,POR,True,False,True,True,high,
KXNBAGAME-25OCT29SACCHI-CHI,Sacramento vs Chicago Winner?,2025-10-29,CHI,SAC,CHI,SAC,True,False,True,True,high,
KXNBAGAME-25OCT30GSWMIL-MIL,Golden State vs Milwaukee Winner?,2025-10-30,MIL,GSW,MIL,GSW,True,False,True,True,high,
KXNBAGAME-25OCT30MIASAS-SAS,Miami vs San Antonio Winner?,2025-10-30,SAS,MIA,SAS,MIA,True,False,True,True,high,
KXNBAGAME-25OCT30ORLCHA-CHA,Orlando vs Charlotte Winner?,2025-10-30,CHA,ORL,CHA,ORL,True,False,True,True,high,
KXNBAGAME-25OCT30WASOKC-OKC,Washington vs Oklahoma City Winner?,2025-10-30,OKC,WAS,OKC,WAS,True,False,True,True,high,
KXNBAGAME-25OCT31ATLIND-IND,Atlanta vs Indiana Winner?,2025-10-31,IND,ATL,IND,ATL,True,False,True,True,high,
KXNBAGAME-25OCT31BOSPHI-PHI,Boston vs Philadelphia Winner?,2025-10-31,PHI,BOS,PHI,BOS,True,False,True,True,high,
KXNBAGAME-25OCT31DENPOR-POR,Denver vs Portland Winner?,2025-10-31,POR,DEN,POR,DEN,True,False,True,True,high,
KXNBAGAME-25OCT31LALMEM-MEM,Los Angeles L vs Memphis Winner?,2025-10-31,MEM,LAL,MEM,LAL,True,False,True,True,high,
KXNBAGAME-25OCT31NOPLAC-LAC,New Orleans vs Los Angeles C Winner?,2025-10-31,LAC,NOP,LAC,NOP,True,False,True,True,high,
KXNBAGAME-25OCT31NYKCHI-CHI,New York vs Chicago Winner?,2025-10-31,CHI,NYK,CHI,NYK,True,False,True,True,high,
KXNBAGAME-25OCT31TORCLE-CLE,Toronto vs Cleveland Winner?,2025-10-31,CLE,TOR,CLE,TOR,True,False,True,True,high,
KXNBAGAME-25OCT31UTAPHX-PHX,Utah vs Phoenix Winner?,2025-10-31,PHX,UTA,PHX,UTA,True,False,True,True,high,
KXNBAGAME-25NOV01DALDET-DET,Dallas vs Detroit Winner?,2025-11-01,DET,DAL,DET,DAL,True,False,True,True,high,
KXNBAGAME-25NOV01GSWIND-IND,Golden State vs Indiana Winner?,2025-11-01,IND,GSW,IND,GSW,True,False,True,True,high,
KXNBAGAME-25NOV01HOUBOS-BOS,Houston vs Boston Winner?,2025-11-01,BOS,HOU,BOS,HOU,True,False,True,True,high,
KXNBAGAME-25NOV01MINCHA-CHA,Minnesota vs Charlotte Winner?,2025-11-01,CHA,MIN,CHA,MIN,True,False,True,True,high,
KXNBAGAME-25NOV01ORLWAS-WAS,Orlando vs Washington Winner?,2025-11-01,WAS,ORL,WAS,ORL,True,False,True,True,high,
KXNBAGAME-25NOV01SACMIL-MIL,Sacramento vs Milwaukee Winner?,2025-11-01,MIL,SAC,MIL,SAC,True,False,True,True,high,
KXNBAGAME-25NOV02ATLCLE-CLE,Atlanta vs Cleveland Winner?,2025-11-02,CLE,ATL,CLE,ATL,True,False,True,True,high,
KXNBAGAME-25NOV02CHINYK-NYK,Chicago vs New York K Winner?,2025-11-02,NYK,CHI,NYK,CHI,True,False,True,True,high,
KXNBAGAME-25NOV02MEMTOR-TOR,Memphis vs Toronto Winner?,2025-11-02,TOR,MEM,TOR,MEM,True,False,True,True,high,
KXNBAGAME-25NOV02MIALAL-LAL,Miami vs Los Angeles Winner?,2025-11-02,LAL,MIA,LAL,MIA,True,False,True,True,high,
KXNBAGAME-25NOV02NOPOKC-OKC,New Orleans vs Oklahoma City Winner?,2025-11-02,OKC,NOP,OKC,NOP,True,False,True,True,high,
KXNBAGAME-25NOV02PHIBKN-BKN,Philadelphia vs Brooklyn Winner?,2025-11-02,BKN,PHI,BKN,PHI,True,False,True,True,high,
KXNBAGAME-25NOV02SASPHX-PHX,San Antonio vs Phoenix Winner?,2025-11-02,PHX,SAS,PHX,SAS,True,False,True,True,high,
KXNBAGAME-25NOV02UTACHA-CHA,Utah vs Charlotte Winner?,2025-11-02,CHA,UTA,CHA,UTA,True,False,True,True,high,
KXNBAGAME-25NOV03DALHOU-HOU,Dallas vs Houston Winner?,2025-11-03,HOU,DAL,HOU,DAL,True,False,True,True,high,
KXNBAGAME-25NOV03DETMEM-MEM,Detroit vs Memphis Winner?,2025-11-03,MEM,DET,MEM,DET,True,False,True,True,high,
KXNBAGAME-25NOV03LALPOR-POR,Los Angeles vs Portland Winner?,2025-11-03,POR,LAL,POR,LAL,True,False,True,True,high,
KXNBAGAME-25NOV03MIALAC-LAC,Miami vs LA Winner?,2025-11-03,LAC,MIA,LAC,MIA,True,False,True,True,high,
KXNBAGAME-25NOV03MILIND-IND,Milwaukee vs Indiana Winner?,2025-11-03,IND,MIL,IND,MIL,True,False,True,True,high,
KXNBAGAME-25NOV03MINBKN-BKN,Minnesota vs Brooklyn Winner?,2025-11-03,BKN,MIN,BKN,MIN,True,False,True,True,high,
KXNBAGAME-25NOV03SACDEN-DEN,Sacramento vs Denver Winner?,2025-11-03,DEN,SAC,DEN,SAC,True,False,True,True,high,
KXNBAGAME-25NOV03UTABOS-BOS,Utah vs Boston Winner?,2025-11-03,BOS,UTA,BOS,UTA,True,False,True,True,high,
KXNBAGAME-25NOV03WASNYK-NYK,Washington vs New York K Winner?,2025-11-03,NYK,WAS,NYK,WAS,True,False,True,True,high,
KXNBAGAME-25NOV04CHANOP-NOP,Charlotte vs New Orleans Winner?,2025-11-04,NOP,CHA,NOP,CHA,True,False,True,True,high,
KXNBAGAME-25NOV04MILTOR-TOR,Milwaukee vs Toronto Winner?,2025-11-04,TOR,MIL,TOR,MIL,True,False,True,True,high,
KXNBAGAME-25NOV04OKCLAC-LAC,Oklahoma City vs Los Angeles C Winner?,2025-11-04,LAC,OKC,LAC,OKC,True,False,True,True,high,
KXNBAGAME-25NOV04ORLATL-ATL,Orlando vs Atlanta Winner?,2025-11-04,ATL,ORL,ATL,ORL,True,False,True,True,high,
KXNBAGAME-25NOV04PHICHI-CHI,Philadelphia vs Chicago Winner?,2025-11-04,CHI,PHI,CHI,PHI,True,False,True,True,high,
KXNBAGAME-25NOV04PHXGSW-GSW,Phoenix vs Golden State Winner?,2025-11-04,GSW,PHX,GSW,PHX,True,False,True,True,high,
KXNBAGAME-25NOV05BKNIND-IND,Brooklyn vs Indiana Winner?,2025-11-05,IND,BKN,IND,BKN,True,False,True,True,high,
KXNBAGAME-25NOV05GSWSAC-SAC,Golden State vs Sacramento Winner?,2025-11-05,SAC,GSW,SAC,GSW,True,False,True,True,high,
KXNBAGAME-25NOV05HOUMEM-MEM,Houston vs Memphis Winner?,2025-11-05,MEM,HOU,MEM,HOU,True,False,True,True,high,
KXNBAGAME-25NOV05MIADEN-DEN,Miami vs Denver Winner?,2025-11-05,DEN,MIA,DEN,MIA,True,False,True,True,high,
KXNBAGAME-25NOV05MINNYK-NYK,Minnesota vs New York K Winner?,2025-11-05,NYK,MIN,NYK,MIN,True,False,True,True,high,
KXNBAGAME-25NOV05NOPDAL-DAL,New Orleans vs Dallas Winner?,2025-11-05,DAL,NOP,DAL,NOP,True,False,True,True,high,
KXNBAGAME-25NOV05OKCPOR-POR,Oklahoma City vs Portland Winner?,2025-11-05,POR,OKC,POR,OKC,True,False,True,True,high,
KXNBAGAME-25NOV05PHICLE-CLE,Philadelphia vs Cleveland Winner?,2025-11-05,CLE,PHI,CLE,PHI,True,False,True,True,high,
KXNBAGAME-25NOV05SASLAL-LAL,San Antonio vs Los Angeles L Winner?,2025-11-05,LAL,SAS,LAL,SAS,True,False,True,True,high,
KXNBAGAME-25NOV05UTADET-DET,Utah vs Detroit Winner?,2025-11-05,DET,UTA,DET,UTA,True,False,True,True,high,
KXNBAGAME-25NOV05WASBOS-BOS,Washington vs Boston Winner?,2025-11-05,BOS,WAS,BOS,WAS,True,False,True,True,high,
KXNBAGAME-25NOV06LACPHX-PHX,LA vs Phoenix Winner?,2025-11-06,PHX,LAC,PHX,LAC,True,False,True,True,high,
KXNBAGAME-25NOV07BOSORL-ORL,Boston vs Orlando Winner?,2025-11-07,ORL,BOS,ORL,BOS,True,False,True,True,high,
KXNBAGAME-25NOV07CHAMIA-MIA,Charlotte vs Miami Winner?,2025-11-07,MIA,CHA,MIA,CHA,True,False,True,True,high,
KXNBAGAME-25NOV07CHIMIL-MIL,Chicago vs Milwaukee Winner?,2025-11-07,MIL,CHI,MIL,CHI,True,False,True,True,high,
KXNBAGAME-25NOV07CLEWAS-WAS,Cleveland vs Washington Winner?,2025-11-07,WAS,CLE,WAS,CLE,True,False,True,True,high,
KXNBAGAME-25NOV07DALMEM-MEM,Dallas vs Memphis Winner?,2025-11-07,MEM,DAL,MEM,DAL,True,False,True,True,high,
KXNBAGAME-25NOV07DETBKN-BKN,Detroit vs Brooklyn Winner?,2025-11-07,BKN,DET,BKN,DET,True,False,True,True,high,
KXNBAGAME-25NOV07GSWDEN-DEN,Golden State vs Denver Winner?,2025-11-07,DEN,GSW,DEN,GSW,True,False,True,True,high,
KXNBAGAME-25NOV07HOUSAS-SAS,Houston vs San Antonio Winner?,2025-11-07,SAS,HOU,SAS,HOU,True,False,True,True,high,
KXNBAGAME-25NOV07OKCSAC-SAC,Oklahoma City vs Sacramento Winner?,2025-11-07,SAC,OKC,SAC,OKC,True,False,True,True,high,
KXNBAGAME-25NOV07TORATL-ATL,Toronto vs Atlanta Winner?,2025-11-07,ATL,TOR,ATL,TOR,True,False,True,True,high,
KXNBAGAME-25NOV07UTAMIN-MIN,Utah vs Minnesota Winner?,2025-11-07,MIN,UTA,MIN,UTA,True,False,True,True,high,
KXNBAGAME-25NOV08CHICLE-CLE,Chicago vs Cleveland Winner?,2025-11-08,CLE,CHI,CLE,CHI,True,False,True,True,high,
KXNBAGAME-25NOV08DALWAS-WAS,Dallas vs Washington Winner?,2025-11-08,WAS,DAL,WAS,DAL,True,False,True,True,high,
KXNBAGAME-25NOV08INDDEN-DEN,Indiana vs Denver Winner?,2025-11-08,DEN,IND,DEN,IND,True,False,True,True,high,
KXNBAGAME-25NOV08LALATL-ATL,Los Angeles L vs Atlanta Winner?,2025-11-08,ATL,LAL,ATL,LAL,True,False,True,True,high,
KXNBAGAME-25NOV08NOPSAS-SAS,New Orleans vs San Antonio Winner?,2025-11-08,SAS,NOP,SAS,NOP,True,False,True,True,high,
KXNBAGAME-25NOV08PHXLAC-LAC,Phoenix vs Los Angeles C Winner?,2025-11-08,LAC,PHX,LAC,PHX,True,False,True,True,high,
KXNBAGAME-25NOV08PORMIA-MIA,Portland vs Miami Winner?,2025-11-08,MIA,POR,MIA,POR,True,False,True,True,high,
KXNBAGAME-25NOV08TORPHI-PHI,Toronto vs Philadelphia Winner?,2025-11-08,PHI,TOR,PHI,TOR,True,False,True,True,high,
KXNBAGAME-25NOV09BKNNYK-NYK,Brooklyn vs New York K Winner?,2025-11-09,NYK,BKN,NYK,BKN,True,False,True,True,high,
KXNBAGAME-25NOV09BOSORL-ORL,Boston vs Orlando Winner?,2025-11-09,ORL,BOS,ORL,BOS,True,False,True,True,high,
KXNBAGAME-25NOV09DETPHI-PHI,Detroit vs Philadelphia Winner?,2025-11-09,PHI,DET,PHI,DET,True,False,True,True,high,
KXNBAGAME-25NOV09HOUMIL-MIL,Houston vs Milwaukee Winner?,2025-11-09,MIL,HOU,MIL,HOU,True,False,True,True,high,
KXNBAGAME-25NOV09INDGSW-GSW,Indiana vs Golden State Winner?,2025-11-09,GSW,IND,GSW,IND,True,False,True,True,high,
KXNBAGAME-25NOV09MINSAC-SAC,Minnesota vs Sacramento Winner?,2025-11-09,SAC,MIN,SAC,MIN,True,False,True,True,high,
KXNBAGAME-25NOV09OKCMEM-MEM,Oklahoma City vs Memphis Winner?,2025-11-09,MEM,OKC,MEM,OKC,True,False,True,True,high,
KXNBAGAME-25NOV10ATLLAC-LAC,Atlanta vs Los Angeles C Winner?,2025-11-10,LAC,ATL,LAC,ATL,True,False,True,True,high,
KXNBAGAME-25NOV10CLEMIA-MIA,Cleveland vs Miami Winner?,2025-11-10,MIA,CLE,MIA,CLE,True,False,True,True,high,
KXNBAGAME-25NOV10LALCHA-CHA,Los Angeles L vs Charlotte Winner?,2025-11-10,CHA,LAL,CHA,LAL,True,False,True,True,high,
KXNBAGAME-25NOV10MILDAL-DAL,Milwaukee vs Dallas Winner?,2025-11-10,DAL,MIL,DAL,MIL,True,False,True,True,high,
KXNBAGAME-25NOV10MINUTA-UTA,Minnesota vs Utah Winner?,2025-11-10,UTA,MIN,UTA,MIN,True,False,True,True,high,
KXNBAGAME-25NOV10NOPPHX-PHX,New Orleans vs Phoenix Winner?,2025-11-10,PHX,NOP,PHX,NOP,True,False,True,True,high,
KXNBAGAME-25NOV10PORORL-ORL,Portland vs Orlando Winner?,2025-11-10,ORL,POR,ORL,POR,True,False,True,True,high,
KXNBAGAME-25NOV10SASCHI-CHI,San Antonio vs Chicago Winner?,2025-11-10,CHI,SAS,CHI,SAS,True,False,True,True,high,
KXNBAGAME-25NOV10WASDET-DET,Washington vs Detroit Winner?,2025-11-10,DET,WAS,DET,WAS,True,False,True,True,high,
KXNBAGAME-25NOV11BOSPHI-PHI,Boston vs Philadelphia Winner?,2025-11-11,PHI,BOS,PHI,BOS,True,False,True,True,high,
KXNBAGAME-25NOV11DENSAC-SAC,Denver vs Sacramento Winner?,2025-11-11,SAC,DEN,SAC,DEN,True,False,True,True,high,
KXNBAGAME-25NOV11GSWOKC-OKC,Golden State vs Oklahoma City Winner?,2025-11-11,OKC,GSW,OKC,GSW,True,False,True,True,high,
KXNBAGAME-25NOV11INDUTA-UTA,Indiana vs Utah Winner?,2025-11-11,UTA,IND,UTA,IND,True,False,True,True,high,
KXNBAGAME-25NOV11MEMNYK-NYK,Memphis vs New York K Winner?,2025-11-11,NYK,MEM,NYK,MEM,True,False,True,True,high,
KXNBAGAME-25NOV11TORBKN-BKN,Toronto vs Brooklyn Winner?,2025-11-11,BKN,TOR,BKN,TOR,True,False,True,True,high,
KXNBAGAME-25NOV12ATLSAC-SAC,Atlanta vs Sacramento Winner?,2025-11-12,SAC,ATL,SAC,ATL,True,False,True,True,high,
KXNBAGAME-25NOV12CHIDET-DET,Chicago vs Detroit Winner?,2025-11-12,DET,CHI,DET,CHI,True,False,True,True,high,
KXNBAGAME-25NOV12CLEMIA-MIA,Cleveland vs Miami Winner?,2025-11-12,MIA,CLE,MIA,CLE,True,False,True,True,high,
KXNBAGAME-25NOV12DENLAC-LAC,Denver vs Los Angeles C Winner?,2025-11-12,LAC,DEN,LAC,DEN,True,False,True,True,high,
KXNBAGAME-25NOV12GSWSAS-SAS,Golden State vs San Antonio Winner?,2025-11-12,SAS,GSW,SAS,GSW,True,False,True,True,high,
KXNBAGAME-25NOV12LALOKC-OKC,Los Angeles L vs Oklahoma City Winner?,2025-11-12,OKC,LAL,OKC,LAL,True,False,True,True,high,
KXNBAGAME-25NOV12MEMBOS-BOS,Memphis vs Boston Winner?,2025-11-12,BOS,MEM,BOS,MEM,True,False,True,True,high,
KXNBAGAME-25NOV12MILCHA-CHA,Milwaukee vs Charlotte Winner?,2025-11-12,CHA,MIL,CHA,MIL,True,False,True,True,high,
KXNBAGAME-25NOV12ORLNYK-NYK,Orlando vs New York K Winner?,2025-11-12,NYK,ORL,NYK,ORL,True,False,True,True,high,
KXNBAGAME-25NOV12PHXDAL-DAL,Phoenix vs Dallas Winner?,2025-11-12,DAL,PHX,DAL,PHX,True,False,True,True,high,
KXNBAGAME-25NOV12PORNOP-NOP,Portland vs New Orleans Winner?,2025-11-12,NOP,POR,NOP,POR,True,False,True,True,high,
KXNBAGAME-25NOV13ATLUTA-UTA,Atlanta vs Utah Winner?,2025-11-13,UTA,ATL,UTA,ATL,True,False,True,True,high,
KXNBAGAME-25NOV13INDPHX-PHX,Indiana vs Phoenix Winner?,2025-11-13,PHX,IND,PHX,IND,True,False,True,True,high,
KXNBAGAME-25NOV13TORCLE-CLE,Toronto vs Cleveland Winner?,2025-11-13,CLE,TOR,CLE,TOR,True,False,True,True,high,
KXNBAGAME-25NOV14BKNORL-ORL,Brooklyn vs Orlando Winner?,2025-11-14,ORL,BKN,ORL,BKN,True,False,True,True,high,
KXNBAGAME-25NOV14CHAMIL-MIL,Charlotte vs Milwaukee Winner?,2025-11-14,MIL,CHA,MIL,CHA,True,False,True,True,high,
KXNBAGAME-25NOV14GSWSAS-SAS,Golden State vs San Antonio Winner?,2025-11-14,SAS,GSW,SAS,GSW,True,False,True,True,high,
KXNBAGAME-25NOV14LACDAL-DAL,Los Angeles C vs Dallas Winner?,2025-11-14,DAL,LAC,DAL,LAC,True,False,True,True,high,
KXNBAGAME-25NOV14LALNOP-NOP,Los Angeles L vs New Orleans Winner?,2025-11-14,NOP,LAL,NOP,LAL,True,False,True,True,high,
KXNBAGAME-25NOV14MIANYK-NYK,Miami vs New York K Winner?,2025-11-14,NYK,MIA,NYK,MIA,True,False,True,True,high,
KXNBAGAME-25NOV14PHIDET-DET,Philadelphia vs Detroit Winner?,2025-11-14,DET,PHI,DET,PHI,True,False,True,True,high,
KXNBAGAME-25NOV14PORHOU-HOU,Portland vs Houston Winner?,2025-11-14,HOU,POR,HOU,POR,True,False,True,True,high,
KXNBAGAME-25NOV14SACMIN-MIN,Sacramento vs Minnesota Winner?,2025-11-14,MIN,SAC,MIN,SAC,True,False,True,True,high,
KXNBAGAME-25NOV15DENMIN-MIN,Denver vs Minnesota Winner?,2025-11-15,MIN,DEN,MIN,DEN,True,False,True,True,high,
KXNBAGAME-25NOV15LALMIL-MIL,Los Angeles L vs Milwaukee Winner?,2025-11-15,MIL,LAL,MIL,LAL,True,False,True,True,high,
KXNBAGAME-25NOV15MEMCLE-CLE,Memphis vs Cleveland Winner?,2025-11-15,CLE,MEM,CLE,MEM,True,False,True,True,high,
KXNBAGAME-25NOV15OKCCHA-CHA,Oklahoma City vs Charlotte Winner?,2025-11-15,CHA,OKC,CHA,OKC,True,False,True,True,high,
KXNBAGAME-25NOV15TORIND-IND,Toronto vs Indiana Winner?,2025-11-15,IND,TOR,IND,TOR,True,False,True,True,high,
KXNBAGAME-25NOV16ATLPHX-PHX,Atlanta vs Phoenix Winner?,2025-11-16,PHX,ATL,PHX,ATL,True,False,True,True,high,
KXNBAGAME-25NOV16BKNWAS-WAS,Brooklyn vs Washington Winner?,2025-11-16,WAS,BKN,WAS,BKN,True,False,True,True,high,
KXNBAGAME-25NOV16CHIUTA-UTA,Chicago vs Utah Winner?,2025-11-16,UTA,CHI,UTA,CHI,True,False,True,True,high,
KXNBAGAME-25NOV16GSWNOP-NOP,Golden State vs New Orleans Winner?,2025-11-16,NOP,GSW,NOP,GSW,True,False,True,True,high,
KXNBAGAME-25NOV16LACBOS-BOS,Los Angeles C vs Boston Winner?,2025-11-16,BOS,LAC,BOS,LAC,True,False,True,True,high,
KXNBAGAME-25NOV16ORLHOU-HOU,Orlando vs Houston Winner?,2025-11-16,HOU,ORL,HOU,ORL,True,False,True,True,high,
KXNBAGAME-25NOV16PORDAL-DAL,Portland vs Dallas Winner?,2025-11-16,DAL,POR,DAL,POR,True,False,True,True,high,
KXNBAGAME-25NOV16SACSAS-SAS,Sacramento vs San Antonio Winner?,2025-11-16,SAS,SAC,SAS,SAC,True,False,True,True,high,
KXNBAGAME-25NOV17CHATOR-TOR,Charlotte vs Toronto Winner?,2025-11-17,TOR,CHA,TOR,CHA,True,False,True,True,high,
KXNBAGAME-25NOV17CHIDEN-DEN,Chicago vs Denver Winner?,2025-11-17,DEN,CHI,DEN,CHI,True,False,True,True,high,
KXNBAGAME-25NOV17DALMIN-MIN,Dallas vs Minnesota Winner?,2025-11-17,MIN,DAL,MIN,DAL,True,False,True,True,high,
KXNBAGAME-25NOV17INDDET-DET,Indiana vs Detroit Winner?,2025-11-17,DET,IND,DET,IND,True,False,True,True,high,
KXNBAGAME-25NOV17LACPHI-PHI,Los Angeles C vs Philadelphia Winner?,2025-11-17,PHI,LAC,PHI,LAC,True,False,True,True,high,
KXNBAGAME-25NOV17MILCLE-CLE,Milwaukee vs Cleveland Winner?,2025-11-17,CLE,MIL,CLE,MIL,True,False,True,True,high,
KXNBAGAME-25NOV17NYKMIA-MIA,New York K vs Miami Winner?,2025-11-17,MIA,NYK,MIA,NYK,True,False,True,True,high,
KXNBAGAME-25NOV17OKCNOP-NOP,Oklahoma City vs New Orleans Winner?,2025-11-17,NOP,OKC,NOP,OKC,True,False,True,True,high,
KXNBAGAME-25NOV18BOSBKN-BKN,Boston vs Brooklyn Winner?,2025-11-18,BKN,BOS,BKN,BOS,True,False,True,True,high,
KXNBAGAME-25NOV18DETATL-ATL,Detroit vs Atlanta Winner?,2025-11-18,ATL,DET,ATL,DET,True,False,True,True,high,
KXNBAGAME-25NOV18GSWORL-ORL,Golden State vs Orlando Winner?,2025-11-18,ORL,GSW,ORL,GSW,True,False,True,True,high,
KXNBAGAME-25NOV18MEMSAS-SAS,Memphis vs San Antonio Winner?,2025-11-18,SAS,MEM,SAS,MEM,True,False,True,True,high,
KXNBAGAME-25NOV18PHXPOR-POR,Phoenix vs Portland Winner?,2025-11-18,POR,PHX,POR,PHX,True,False,True,True,high,
KXNBAGAME-25NOV18UTALAL-LAL,Utah vs Los Angeles L Winner?,2025-11-18,LAL,UTA,LAL,UTA,True,False,True,True,high,
KXNBAGAME-25NOV19CHAIND-IND,Charlotte vs Indiana Winner?,2025-11-19,IND,CHA,IND,CHA,True,False,True,True,high,
KXNBAGAME-25NOV19CHIPOR-POR,Chicago vs Portland Winner?,2025-11-19,POR,CHI,POR,CHI,True,False,True,True,high,
KXNBAGAME-25NOV19DENNOP-NOP,Denver vs New Orleans Winner?,2025-11-19,NOP,DEN,NOP,DEN,True,False,True,True,high,
KXNBAGAME-25NOV19GSWMIA-MIA,Golden State vs Miami Winner?,2025-11-19,MIA,GSW,MIA,GSW,True,False,True,True,high,
KXNBAGAME-25NOV19HOUCLE-CLE,Houston vs Cleveland Winner?,2025-11-19,CLE,HOU,CLE,HOU,True,False,True,True,high,
KXNBAGAME-25NOV19NYKDAL-DAL,New York K vs Dallas Winner?,2025-11-19,DAL,NYK,DAL,NYK,True,False,True,True,high,
KXNBAGAME-25NOV19SACOKC-OKC,Sacramento vs Oklahoma City Winner?,2025-11-19,OKC,SAC,OKC,SAC,True,False,True,True,high,
KXNBAGAME-25NOV19TORPHI-PHI,Toronto vs Philadelphia Winner?,2025-11-19,PHI,TOR,PHI,TOR,True,False,True,True,high,
KXNBAGAME-25NOV19WASMIN-MIN,Washington vs Minnesota Winner?,2025-11-19,MIN,WAS,MIN,WAS,True,False,True,True,high,
KXNBAGAME-25NOV20ATLSAS-SAS,Atlanta vs San Antonio Winner?,2025-11-20,SAS,ATL,SAS,ATL,True,False,True,True,high,
KXNBAGAME-25NOV20LACORL-ORL,Los Angeles C vs Orlando Winner?,2025-11-20,ORL,LAC,ORL,LAC,True,False,True,True,high,
KXNBAGAME-25NOV20PHIMIL-MIL,Philadelphia vs Milwaukee Winner?,2025-11-20,MIL,PHI,MIL,PHI,True,False,True,True,high,
KXNBAGAME-25NOV20SACMEM-MEM,Sacramento vs Memphis Winner?,2025-11-20,MEM,SAC,MEM,SAC,True,False,True,True,high,
KXNBAGAME-25NOV21BKNBOS-BOS,Brooklyn vs Boston Winner?,2025-11-21,BOS,BKN,BOS,BKN,True,False,True,True,high,
KXNBAGAME-25NOV21DENHOU-HOU,Denver vs Houston Winner?,2025-11-21,HOU,DEN,HOU,DEN,True,False,True,True,high,
KXNBAGAME-25NOV21INDCLE-CLE,Indiana vs Cleveland Winner?,2025-11-21,CLE,IND,CLE,IND,True,False,True,True,high,
KXNBAGAME-25NOV21MIACHI-CHI,Miami vs Chicago Winner?,2025-11-21,CHI,MIA,CHI,MIA,True,False,True,True,high,
KXNBAGAME-25NOV21MINPHX-PHX,Minnesota vs Phoenix Winner?,2025-11-21,PHX,MIN,PHX,MIN,True,False,True,True,high,
KXNBAGAME-25NOV21NOPDAL-DAL,New Orleans vs Dallas Winner?,2025-11-21,DAL,NOP,DAL,NOP,True,False,True,True,high,
KXNBAGAME-25NOV21OKCUTA-UTA,Oklahoma City vs Utah Winner?,2025-11-21,UTA,OKC,UTA,OKC,True,False,True,True,high,
KXNBAGAME-25NOV21PORGSW-GSW,Portland vs Golden State Winner?,2025-11-21,GSW,POR,GSW,POR,True,False,True,True,high,
KXNBAGAME-25NOV21WASTOR-TOR,Washington vs Toronto Winner?,2025-11-21,TOR,WAS,TOR,WAS,True,False,True,True,high,
KXNBAGAME-25NOV22ATLNOP-NOP,Atlanta vs New Orleans Winner?,2025-11-22,NOP,ATL,NOP,ATL,True,False,True,True,high,
KXNBAGAME-25NOV22DETMIL-MIL,Detroit vs Milwaukee Winner?,2025-11-22,MIL,DET,MIL,DET,True,False,True,True,high,
KXNBAGAME-25NOV22LACCHA-CHA,Los Angeles C vs Charlotte Winner?,2025-11-22,CHA,LAC,CHA,LAC,True,False,True,True,high,
KXNBAGAME-25NOV22MEMDAL-DAL,Memphis vs Dallas Winner?,2025-11-22,DAL,MEM,DAL,MEM,True,False,True,True,high,
KXNBAGAME-25NOV22NYKORL-ORL,New York K vs Orlando Winner?,2025-11-22,ORL,NYK,ORL,NYK,True,False,True,True,high,
KXNBAGAME-25NOV22SACDEN-DEN,Sacramento vs Denver Winner?,2025-11-22,DEN,SAC,DEN,SAC,True,False,True,True,high,
KXNBAGAME-25NOV22WASCHI-CHI,Washington vs Chicago Winner?,2025-11-22,CHI,WAS,CHI,WAS,True,False,True,True,high,
KXNBAGAME-25NOV23BKNTOR-TOR,Brooklyn vs Toronto Winner?,2025-11-23,TOR,BKN,TOR,BKN,True,False,True,True,high,
KXNBAGAME-25NOV23CHAATL-ATL,Charlotte vs Atlanta Winner?,2025-11-23,ATL,CHA,ATL,CHA,True,False,True,True,high,
KXNBAGAME-25NOV23LACCLE-CLE,Los Angeles C vs Cleveland Winner?,2025-11-23,CLE,LAC,CLE,LAC,True,False,True,True,high,
KXNBAGAME-25NOV23LALUTA-UTA,Los Angeles L vs Utah Winner?,2025-11-23,UTA,LAL,UTA,LAL,True,False,True,True,high,
KXNBAGAME-25NOV23MIAPHI-PHI,Miami vs Philadelphia Winner?,2025-11-23,PHI,MIA,PHI,MIA,True,False,True,True,high,
KXNBAGAME-25NOV23ORLBOS-BOS,Orlando vs Boston Winner?,2025-11-23,BOS,ORL,BOS,ORL,True,False,True,True,high,
KXNBAGAME-25NOV23POROKC-OKC,Portland vs Oklahoma City Winner?,2025-11-23,OKC,POR,OKC,POR,True,False,True,True,high,
KXNBAGAME-25NOV23SASPHX-PHX,San Antonio vs Phoenix Winner?,2025-11-23,PHX,SAS,PHX,SAS,True,False,True,True,high,
KXNBAGAME-25NOV24CHINOP-NOP,Chicago vs New Orleans Winner?,2025-11-24,NOP,CHI,NOP,CHI,True,False,True,True,high,
KXNBAGAME-25NOV24CLETOR-TOR,Cleveland vs Toronto Winner?,2025-11-24,TOR,CLE,TOR,CLE,True,False,True,True,high,
KXNBAGAME-25NOV24DALMIA-MIA,Dallas vs Miami Winner?,2025-11-24,MIA,DAL,MIA,DAL,True,False,True,True,high,
KXNBAGAME-25NOV24DENMEM-MEM,Denver vs Memphis Winner?,2025-11-24,MEM,DEN,MEM,DEN,True,False,True,True,high,
KXNBAGAME-25NOV24DETIND-IND,Detroit vs Indiana Winner?,2025-11-24,IND,DET,IND,DET,True,False,True,True,high,
KXNBAGAME-25NOV24HOUPHX-PHX,Houston vs Phoenix Winner?,2025-11-24,PHX,HOU,PHX,HOU,True,False,True,True,high,
KXNBAGAME-25NOV24MINSAC-SAC,Minnesota vs Sacramento Winner?,2025-11-24,SAC,MIN,SAC,MIN,True,False,True,True,high,
KXNBAGAME-25NOV24NYKBKN-BKN,New York K vs Brooklyn Winner?,2025-11-24,BKN,NYK,BKN,NYK,True,False,True,True,high,
KXNBAGAME-25NOV24PORMIL-MIL,Portland vs Milwaukee Winner?,2025-11-24,MIL,POR,MIL,POR,True,False,True,True,high,
KXNBAGAME-25NOV24UTAGSW-GSW,Utah vs Golden State Winner?,2025-11-24,GSW,UTA,GSW,UTA,True,False,True,True,high,
KXNBAGAME-25NOV25ATLWAS-WAS,Atlanta vs Washington Winner?,2025-11-25,WAS,ATL,WAS,ATL,True,False,True,True,high,
KXNBAGAME-25NOV25LACLAL-LAL,Los Angeles C vs Los Angeles L Winner?,2025-11-25,LAL,LAC,LAL,LAC,True,False,True,True,high,
KXNBAGAME-25NOV25ORLPHI-PHI,Orlando vs Philadelphia Winner?,2025-11-25,PHI,ORL,PHI,ORL,True,False,True,True,high,
KXNBAGAME-25NOV26DETBOS-BOS,Detroit vs Boston Winner?,2025-11-26,BOS,DET,BOS,DET,True,False,True,True,high,
KXNBAGAME-25NOV26HOUGSW-GSW,Houston vs Golden State Winner?,2025-11-26,GSW,HOU,GSW,HOU,True,False,True,True,high,
KXNBAGAME-25NOV26INDTOR-TOR,Indiana vs Toronto Winner?,2025-11-26,TOR,IND,TOR,IND,True,False,True,True,high,
KXNBAGAME-25NOV26MEMNOP-NOP,Memphis vs New Orleans Winner?,2025-11-26,NOP,MEM,NOP,MEM,True,False,True,True,high,
KXNBAGAME-25NOV26MILMIA-MIA,Milwaukee vs Miami Winner?,2025-11-26,MIA,MIL,MIA,MIL,True,False,True,True,high,
KXNBAGAME-25NOV26MINOKC-OKC,Minnesota vs Oklahoma City Winner?,2025-11-26,OKC,MIN,OKC,MIN,True,False,True,True,high,
KXNBAGAME-25NOV26NYKCHA-CHA,New York K vs Charlotte Winner?,2025-11-26,CHA,NYK,CHA,NYK,True,False,True,True,high,
KXNBAGAME-25NOV26PHXSAC-SAC,Phoenix vs Sacramento Winner?,2025-11-26,SAC,PHX,SAC,PHX,True,False,True,True,high,
KXNBAGAME-25NOV26SASPOR-POR,San Antonio vs Portland Winner?,2025-11-26,POR,SAS,POR,SAS,True,False,True,True,high,
KXNBAGAME-25NOV28CHICHA-CHA,Chicago vs Charlotte Winner?,2025-11-28,CHA,CHI,CHA,CHI,True,False,True,True,high,
KXNBAGAME-25NOV28CLEATL-ATL,Cleveland vs Atlanta Winner?,2025-11-28,ATL,CLE,ATL,CLE,True,False,True,True,high,
KXNBAGAME-25NOV28DALLAL-LAL,Dallas vs Los Angeles L Winner?,2025-11-28,LAL,DAL,LAL,DAL,True,False,True,True,high,
KXNBAGAME-25NOV28MEMLAC-LAC,Memphis vs Los Angeles C Winner?,2025-11-28,LAC,MEM,LAC,MEM,True,False,True,True,high,
KXNBAGAME-25NOV28MILNYK-NYK,Milwaukee vs New York K Winner?,2025-11-28,NYK,MIL,NYK,MIL,True,False,True,True,high,
KXNBAGAME-25NOV28ORLDET-DET,Orlando vs Detroit Winner?,2025-11-28,DET,ORL,DET,ORL,True,False,True,True,high,
KXNBAGAME-25NOV28PHIBKN-BKN,Philadelphia vs Brooklyn Winner?,2025-11-28,BKN,PHI,BKN,PHI,True,False,True,True,high,
KXNBAGAME-25NOV28PHXOKC-OKC,Phoenix vs Oklahoma City Winner?,2025-11-28,OKC,PHX,OKC,PHX,True,False,True,True,high,
KXNBAGAME-25NOV28SACUTA-UTA,Sacramento vs Utah Winner?,2025-11-28,UTA,SAC,UTA,SAC,True,False,True,True,high,
KXNBAGAME-25NOV28SASDEN-DEN,San Antonio vs Denver Winner?,2025-11-28,DEN,SAS,DEN,SAS,True,False,True,True,high,
KXNBAGAME-25NOV28WASIND-IND,Washington vs Indiana Winner?,2025-11-28,IND,WAS,IND,WAS,True,False,True,True,high,
KXNBAGAME-25NOV29BKNMIL-MIL,Brooklyn vs Milwaukee Winner?,2025-11-29,MIL,BKN,MIL,BKN,True,False,True,True,high,
KXNBAGAME-25NOV29BOSMIN-MIN,Boston vs Minnesota Winner?,2025-11-29,MIN,BOS,MIN,BOS,True,False,True,True,high,
KXNBAGAME-25NOV29CHIIND-IND,Chicago vs Indiana Winner?,2025-11-29,IND,CHI,IND,CHI,True,False,True,True,high,
KXNBAGAME-25NOV29DALLAC-LAC,Dallas vs Los Angeles C Winner?,2025-11-29,LAC,DAL,LAC,DAL,True,False,True,True,high,
KXNBAGAME-25NOV29DENPHX-PHX,Denver vs Phoenix Winner?,2025-11-29,PHX,DEN,PHX,DEN,True,False,True,True,high,
KXNBAGAME-25NOV29DETMIA-MIA,Detroit vs Miami Winner?,2025-11-29,MIA,DET,MIA,DET,True,False,True,True,high,
KXNBAGAME-25NOV29NOPGSW-GSW,New Orleans vs Golden State Winner?,2025-11-29,GSW,NOP,GSW,NOP,True,False,True,True,high,
KXNBAGAME-25NOV29TORCHA-CHA,Toronto vs Charlotte Winner?,2025-11-29,CHA,TOR,CHA,TOR,True,False,True,True,high,
KXNBAGAME-25NOV30ATLPHI-PHI,Atlanta vs Philadelphia Winner?,2025-11-30,PHI,ATL,PHI,ATL,True,False,True,True,high,
KXNBAGAME-25NOV30BOSCLE-CLE,Boston vs Cleveland Winner?,2025-11-30,CLE,BOS,CLE,BOS,True,False,True,True,high,
KXNBAGAME-25NOV30HOUUTA-UTA,Houston vs Utah Winner?,2025-11-30,UTA,HOU,UTA,HOU,True,False,True,True,high,
KXNBAGAME-25NOV30MEMSAC-SAC,Memphis vs Sacramento Winner?,2025-11-30,SAC,MEM,SAC,MEM,True,False,True,True,high,
KXNBAGAME-25NOV30NOPLAL-LAL,New Orleans vs Los Angeles L Winner?,2025-11-30,LAL,NOP,LAL,NOP,True,False,True,True,high,
KXNBAGAME-25NOV30OKCPOR-POR,Oklahoma City vs Portland Winner?,2025-11-30,POR,OKC,POR,OKC,True,False,True,True,high,
KXNBAGAME-25NOV30SASMIN-MIN,San Antonio vs Minnesota Winner?,2025-11-30,MIN,SAS,MIN,SAS,True,False,True,True,high,
KXNBAGAME-25NOV30TORNYK-NYK,Toronto vs New York K Winner?,2025-11-30,NYK,TOR,NYK,TOR,True,False,True,True,high,
KXNBAGAME-25DEC01ATLDET-DET,Atlanta vs Detroit Winner?,2025-12-01,DET,ATL,DET,ATL,True,False,True,True,high,
KXNBAGAME-25DEC01CHABKN-BKN,Charlotte vs Brooklyn Winner?,2025-12-01,BKN,CHA,BKN,CHA,True,False,True,True,high,
KXNBAGAME-25DEC01CHIORL-ORL,Chicago vs Orlando Winner?,2025-12-01,ORL,CHI,ORL,CHI,True,False,True,True,high,
KXNBAGAME-25DEC01CLEIND-IND,Cleveland vs Indiana Winner?,2025-12-01,IND,CLE,IND,CLE,True,False,True,True,high,
KXNBAGAME-25DEC01DALDEN-DEN,Dallas vs Denver Winner?,2025-12-01,DEN,DAL,DEN,DAL,True,False,True,True,high,
KXNBAGAME-25DEC01HOUUTA-UTA,Houston vs Utah Winner?,2025-12-01,UTA,HOU,UTA,HOU,True,False,True,True,high,
KXNBAGAME-25DEC01LACMIA-MIA,Los Angeles C vs Miami Winner?,2025-12-01,MIA,LAC,MIA,LAC,True,False,True,True,high,
KXNBAGAME-25DEC01MILWAS-WAS,Milwaukee vs Washington Winner?,2025-12-01,WAS,MIL,WAS,MIL,True,False,True,True,high,
KXNBAGAME-25DEC01PHXLAL-LAL,Phoenix vs Los Angeles L Winner?,2025-12-01,LAL,PHX,LAL,PHX,True,False,True,True,high,
KXNBAGAME-25DEC02MEMSAS-SAS,Memphis vs San Antonio Winner?,2025-12-02,SAS,MEM,SAS,MEM,True,False,True,True,high,
KXNBAGAME-25DEC02MINNOP-NOP,Minnesota vs New Orleans Winner?,2025-12-02,NOP,MIN,NOP,MIN,True,False,True,True,high,
KXNBAGAME-25DEC02NYKBOS-BOS,New York K vs Boston Winner?,2025-12-02,BOS,NYK,BOS,NYK,True,False,True,True,high,
KXNBAGAME-25DEC02OKCGSW-GSW,Oklahoma City vs Golden State Winner?,2025-12-02,GSW,OKC,GSW,OKC,True,False,True,True,high,
KXNBAGAME-25DEC02PORTOR-TOR,Portland vs Toronto Winner?,2025-12-02,TOR,POR,TOR,POR,True,False,True,True,high,
KXNBAGAME-25DEC02WASPHI-PHI,Washington vs Philadelphia Winner?,2025-12-02,PHI,WAS,PHI,WAS,True,False,True,True,high,
KXNBAGAME-25DEC03BKNCHI-CHI,Brooklyn vs Chicago Winner?,2025-12-03,CHI,BKN,CHI,BKN,True,False,True,True,high,
KXNBAGAME-25DEC03CHANYK-NYK,Charlotte vs New York K Winner?,2025-12-03,NYK,CHA,NYK,CHA,True,False,True,True,high,
KXNBAGAME-25DEC03DENIND-IND,Denver vs Indiana Winner?,2025-12-03,IND,DEN,IND,DEN,True,False,True,True,high,
KXNBAGAME-25DEC03DETMIL-MIL,Detroit vs Milwaukee Winner?,2025-12-03,MIL,DET,MIL,DET,True,False,True,True,high,
KXNBAGAME-25DEC03LACATL-ATL,Los Angeles C vs Atlanta Winner?,2025-12-03,ATL,LAC,ATL,LAC,True,False,True,True,high,
KXNBAGAME-25DEC03MIADAL-DAL,Miami vs Dallas Winner?,2025-12-03,DAL,MIA,DAL,MIA,True,False,True,True,high,
KXNBAGAME-25DEC03PORCLE-CLE,Portland vs Cleveland Winner?,2025-12-03,CLE,POR,CLE,POR,True,False,True,True,high,
KXNBAGAME-25DEC03SACHOU-HOU,Sacramento vs Houston Winner?,2025-12-03,HOU,SAC,HOU,SAC,True,False,True,True,high,
KXNBAGAME-25DEC03SASORL-ORL,San Antonio vs Orlando Winner?,2025-12-03,ORL,SAS,ORL,SAS,True,False,True,True,high,
KXNBAGAME-25DEC04BOSWAS-WAS,Boston vs Washington Winner?,2025-12-04,WAS,BOS,WAS,BOS,True,False,True,True,high,
KXNBAGAME-25DEC04GSWPHI-PHI,Golden State vs Philadelphia Winner?,2025-12-04,PHI,GSW,PHI,GSW,True,False,True,True,high,
KXNBAGAME-25DEC04LALTOR-TOR,Los Angeles L vs Toronto Winner?,2025-12-04,TOR,LAL,TOR,LAL,True,False,True,True,high,
KXNBAGAME-25DEC04MINNOP-NOP,Minnesota vs New Orleans Winner?,2025-12-04,NOP,MIN,NOP,MIN,True,False,True,True,high,
KXNBAGAME-25DEC04UTABKN-BKN,Utah vs Brooklyn Winner?,2025-12-04,BKN,UTA,BKN,UTA,True,False,True,True,high,
KXNBAGAME-25DEC05CHATOR-TOR,Charlotte vs Toronto Winner?,2025-12-05,TOR,CHA,TOR,CHA,True,False,True,True,high,
KXNBAGAME-25DEC05DALOKC-OKC,Dallas vs Oklahoma City Winner?,2025-12-05,OKC,DAL,OKC,DAL,True,False,True,True,high,
KXNBAGAME-25DEC05DENATL-ATL,Denver vs Atlanta Winner?,2025-12-05,ATL,DEN,ATL,DEN,True,False,True,True,high,
KXNBAGAME-25DEC05INDCHI-CHI,Indiana vs Chicago Winner?,2025-12-05,CHI,IND,CHI,IND,True,False,True,True,high,
KXNBAGAME-25DEC05LACMEM-MEM,Los Angeles C vs Memphis Winner?,2025-12-05,MEM,LAC,MEM,LAC,True,False,True,True,high,
KXNBAGAME-25DEC05LALBOS-BOS,Los Angeles L vs Boston Winner?,2025-12-05,BOS,LAL,BOS,LAL,True,False,True,True,high,
KXNBAGAME-25DEC05MIAORL-ORL,Miami vs Orlando Winner?,2025-12-05,ORL,MIA,ORL,MIA,True,False,True,True,high,
KXNBAGAME-25DEC05PHIMIL-MIL,Philadelphia vs Milwaukee Winner?,2025-12-05,MIL,PHI,MIL,PHI,True,False,True,True,high,
KXNBAGAME-25DEC05PHXHOU-HOU,Phoenix vs Houston Winner?,2025-12-05,HOU,PHX,HOU,PHX,True,False,True,True,high,
KXNBAGAME-25DEC05PORDET-DET,Portland vs Detroit Winner?,2025-12-05,DET,POR,DET,POR,True,False,True,True,high,
KXNBAGAME-25DEC05SASCLE-CLE,San Antonio vs Cleveland Winner?,2025-12-05,CLE,SAS,CLE,SAS,True,False,True,True,high,
KXNBAGAME-25DEC05UTANYK-NYK,Utah vs New York K Winner?,2025-12-05,NYK,UTA,NYK,UTA,True,False,True,True,high,
KXNBAGAME-25DEC06ATLWAS-WAS,Atlanta vs Washington Winner?,2025-12-06,WAS,ATL,WAS,ATL,True,False,True,True,high,
KXNBAGAME-25DEC06GSWCLE-CLE,Golden State vs Cleveland Winner?,2025-12-06,CLE,GSW,CLE,GSW,True,False,True,True,high,
KXNBAGAME-25DEC06HOUDAL-DAL,Houston vs Dallas Winner?,2025-12-06,DAL,HOU,DAL,HOU,True,False,True,True,high,
KXNBAGAME-25DEC06LACMIN-MIN,Los Angeles C vs Minnesota Winner?,2025-12-06,MIN,LAC,MIN,LAC,True,False,True,True,high,
KXNBAGAME-25DEC06MILDET-DET,Milwaukee vs Detroit Winner?,2025-12-06,DET,MIL,DET,MIL,True,False,True,True,high,
KXNBAGAME-25DEC06NOPBKN-BKN,New Orleans vs Brooklyn Winner?,2025-12-06,BKN,NOP,BKN,NOP,True,False,True,True,high,
KXNBAGAME-25DEC06SACMIA-MIA,Sacramento vs Miami Winner?,2025-12-06,MIA,SAC,MIA,SAC,True,False,True,True,high,
KXNBAGAME-25DEC07BOSTOR-TOR,Boston vs Toronto Winner?,2025-12-07,TOR,BOS,TOR,BOS,True,False,True,True,high,
KXNBAGAME-25DEC07DENCHA-CHA,Denver vs Charlotte Winner?,2025-12-07,CHA,DEN,CHA,DEN,True,False,True,True,high,
KXNBAGAME-25DEC07GSWCHI-CHI,Golden State vs Chicago Winner?,2025-12-07,CHI,GSW,CHI,GSW,True,False,True,True,high,
KXNBAGAME-25DEC07LALPHI-PHI,Los Angeles L vs Philadelphia Winner?,2025-12-07,PHI,LAL,PHI,LAL,True,False,True,True,high,
KXNBAGAME-25DEC07OKCUTA-UTA,Oklahoma City vs Utah Winner?,2025-12-07,UTA,OKC,UTA,OKC,True,False,True,True,high,
KXNBAGAME-25DEC07ORLNYK-NYK,Orlando vs New York K Winner?,2025-12-07,NYK,ORL,NYK,ORL,True,False,True,True,high,
KXNBAGAME-25DEC07PORMEM-MEM,Portland vs Memphis Winner?,2025-12-07,MEM,POR,MEM,POR,True,False,True,True,high,
KXNBAGAME-25DEC08PHXMIN-MIN,Phoenix vs Minnesota Winner?,2025-12-08,MIN,PHX,MIN,PHX,True,False,True,True,high,
KXNBAGAME-25DEC08SACIND-IND,Sacramento vs Indiana Winner?,2025-12-08,IND,SAC,IND,SAC,True,False,True,True,high,
KXNBAGAME-25DEC08SASNOP-NOP,San Antonio vs New Orleans Winner?,2025-12-08,NOP,SAS,NOP,SAS,True,False,True,True,high,
KXNBAGAME-25DEC09MIAORL-ORL,Miami vs Orlando Winner?,2025-12-09,ORL,MIA,ORL,MIA,True,False,True,True,high,
KXNBAGAME-25DEC09NYKTOR-TOR,New York K vs Toronto Winner?,2025-12-09,TOR,NYK,TOR,NYK,True,False,True,True,high,
KXNBAGAME-25DEC10PHXOKC-OKC,Phoenix vs Oklahoma City Winner?,2025-12-10,OKC,PHX,OKC,PHX,True,False,True,True,high,
KXNBAGAME-25DEC10SASLAL-LAL,San Antonio vs Los Angeles L Winner?,2025-12-10,LAL,SAS,LAL,SAS,True,False,True,True,high,
KXNBAGAME-25DEC11BOSMIL-MIL,Boston vs Milwaukee Winner?,2025-12-11,MIL,BOS,MIL,BOS,True,False,True,True,high,
KXNBAGAME-25DEC11DENSAC-SAC,Denver vs Sacramento Winner?,2025-12-11,SAC,DEN,SAC,DEN,True,False,True,True,high,
KXNBAGAME-25DEC11LACHOU-HOU,Los Angeles C vs Houston Winner?,2025-12-11,HOU,LAC,HOU,LAC,True,False,True,True,high,
KXNBAGAME-25DEC11PORNOP-NOP,Portland vs New Orleans Winner?,2025-12-11,NOP,POR,NOP,POR,True,False,True,True,high,
KXNBAGAME-25DEC12ATLDET-DET,Atlanta vs Detroit Winner?,2025-12-12,DET,ATL,DET,ATL,True,False,True,True,high,
KXNBAGAME-25DEC12BKNDAL-DAL,Brooklyn vs Dallas Winner?,2025-12-12,DAL,BKN,DAL,BKN,True,False,True,True,high,
KXNBAGAME-25DEC12CHICHA-CHA,Chicago vs Charlotte Winner?,2025-12-12,CHA,CHI,CHA,CHI,True,False,True,True,high,
KXNBAGAME-25DEC12CLEWAS-WAS,Cleveland vs Washington Winner?,2025-12-12,WAS,CLE,WAS,CLE,True,False,True,True,high,
KXNBAGAME-25DEC12INDPHI-PHI,Indiana vs Philadelphia Winner?,2025-12-12,PHI,IND,PHI,IND,True,False,True,True,high,
KXNBAGAME-25DEC12MINGSW-GSW,Minnesota vs Golden State Winner?,2025-12-12,GSW,MIN,GSW,MIN,True,False,True,True,high,
KXNBAGAME-25DEC12UTAMEM-MEM,Utah vs Memphis Winner?,2025-12-12,MEM,UTA,MEM,UTA,True,False,True,True,high,
KXNBAGAME-25DEC13NYKORL-ORL,New York K vs Orlando Winner?,2025-12-13,ORL,NYK,ORL,NYK,True,False,True,True,high,
KXNBAGAME-25DEC13SASOKC-OKC,San Antonio vs Oklahoma City Winner?,2025-12-13,OKC,SAS,OKC,SAS,True,False,True,True,high,
KXNBAGAME-25DEC14CHACLE-CLE,Charlotte vs Cleveland Winner?,2025-12-14,CLE,CHA,CLE,CHA,True,False,True,True,high,
KXNBAGAME-25DEC14GSWPOR-POR,Golden State vs Portland Winner?,2025-12-14,POR,GSW,POR,GSW,True,False,True,True,high,
KXNBAGAME-25DEC14LALPHX-PHX,Los Angeles L vs Phoenix Winner?,2025-12-14,PHX,LAL,PHX,LAL,True,False,True,True,high,
KXNBAGAME-25DEC14MILBKN-BKN,Milwaukee vs Brooklyn Winner?,2025-12-14,BKN,MIL,BKN,MIL,True,False,True,True,high,
KXNBAGAME-25DEC14NOPCHI-CHI,New Orleans vs Chicago Winner?,2025-12-14,CHI,NOP,CHI,NOP,True,False,True,True,high,
KXNBAGAME-25DEC14PHIATL-ATL,Philadelphia vs Atlanta Winner?,2025-12-14,ATL,PHI,ATL,PHI,True,False,True,True,high,
KXNBAGAME-25DEC14SACMIN-MIN,Sacramento vs Minnesota Winner?,2025-12-14,MIN,SAC,MIN,SAC,True,False,True,True,high,
KXNBAGAME-25DEC14WASIND-IND,Washington vs Indiana Winner?,2025-12-14,IND,WAS,IND,WAS,True,False,True,True,high,
KXNBAGAME-25DEC15DALUTA-UTA,Dallas vs Utah Winner?,2025-12-15,UTA,DAL,UTA,DAL,True,False,True,True,high,
KXNBAGAME-25DEC15DETBOS-BOS,Detroit vs Boston Winner?,2025-12-15,BOS,DET,BOS,DET,True,False,True,True,high,
KXNBAGAME-25DEC15HOUDEN-DEN,Houston vs Denver Winner?,2025-12-15,DEN,HOU,DEN,HOU,True,False,True,True,high,
KXNBAGAME-25DEC15MEMLAC-LAC,Memphis vs Los Angeles C Winner?,2025-12-15,LAC,MEM,LAC,MEM,True,False,True,True,high,
KXNBAGAME-25DEC15TORMIA-MIA,Toronto vs Miami Winner?,2025-12-15,MIA,TOR,MIA,TOR,True,False,True,True,high,
KXNBAGAME-25DEC17CLECHI-CHI,Cleveland vs Chicago Winner?,2025-12-17,CHI,CLE,CHI,CLE,True,False,True,True,high,
KXNBAGAME-25DEC17MEMMIN-MIN,Memphis vs Minnesota Winner?,2025-12-17,MIN,MEM,MIN,MEM,True,False,True,True,high,
KXNBAGAME-25DEC18ATLCHA-CHA,Atlanta vs Charlotte Winner?,2025-12-18,CHA,ATL,CHA,ATL,True,False,True,True,high,
KXNBAGAME-25DEC18DETDAL-DAL,Detroit vs Dallas Winner?,2025-12-18,DAL,DET,DAL,DET,True,False,True,True,high,
KXNBAGAME-25DEC18GSWPHX-PHX,Golden State vs Phoenix Winner?,2025-12-18,PHX,GSW,PHX,GSW,True,False,True,True,high,
KXNBAGAME-25DEC18HOUNOP-NOP,Houston vs New Orleans Winner?,2025-12-18,NOP,HOU,NOP,HOU,True,False,True,True,high,
KXNBAGAME-25DEC18LACOKC-OKC,Los Angeles C vs Oklahoma City Winner?,2025-12-18,OKC,LAC,OKC,LAC,True,False,True,True,high,
KXNBAGAME-25DEC18LALUTA-UTA,Los Angeles L vs Utah Winner?,2025-12-18,UTA,LAL,UTA,LAL,True,False,True,True,high,
KXNBAGAME-25DEC18MIABKN-BKN,Miami vs Brooklyn Winner?,2025-12-18,BKN,MIA,BKN,MIA,True,False,True,True,high,
KXNBAGAME-25DEC18NYKIND-IND,New York vs Indiana Winner?,2025-12-18,IND,NYK,IND,NYK,True,False,True,True,high,
KXNBAGAME-25DEC18ORLDEN-DEN,Orlando vs Denver Winner?,2025-12-18,DEN,ORL,DEN,ORL,True,False,True,True,high,
KXNBAGAME-25DEC18SACPOR-POR,Sacramento vs Portland Winner?,2025-12-18,POR,SAC,POR,SAC,True,False,True,True,high,
KXNBAGAME-25DEC18TORMIL-MIL,Toronto vs Milwaukee Winner?,2025-12-18,MIL,TOR,MIL,TOR,True,False,True,True,high,
KXNBAGAME-25DEC18WASSAS-SAS,Washington vs San Antonio Winner?,2025-12-18,SAS,WAS,SAS,WAS,True,False,True,True,high,
KXNBAGAME-25DEC19CHICLE-CLE,Chicago vs Cleveland Winner?,2025-12-19,CLE,CHI,CLE,CHI,True,False,True,True,high,
KXNBAGAME-25DEC19MIABOS-BOS,Miami vs Boston Winner?,2025-12-19,BOS,MIA,BOS,MIA,True,False,True,True,high,
KXNBAGAME-25DEC19OKCMIN-MIN,Oklahoma City vs Minnesota Winner?,2025-12-19,MIN,OKC,MIN,OKC,True,False,True,True,high,
KXNBAGAME-25DEC19PHINYK-NYK,Philadelphia vs New York Winner?,2025-12-19,NYK,PHI,NYK,PHI,True,False,True,True,high,
KXNBAGAME-25DEC19SASATL-ATL,San Antonio vs Atlanta Winner?,2025-12-19,ATL,SAS,ATL,SAS,True,False,True,True,high,
KXNBAGAME-25DEC20BOSTOR-TOR,Boston vs Toronto Winner?,2025-12-20,TOR,BOS,TOR,BOS,True,False,True,True,high,
KXNBAGAME-25DEC20CHADET-DET,Charlotte vs Detroit Winner?,2025-12-20,DET,CHA,DET,CHA,True,False,True,True,high,
KXNBAGAME-25DEC20DALPHI-PHI,Dallas vs Philadelphia Winner?,2025-12-20,PHI,DAL,PHI,DAL,True,False,True,True,high,
KXNBAGAME-25DEC20HOUDEN-DEN,Houston vs Denver Winner?,2025-12-20,DEN,HOU,DEN,HOU,True,False,True,True,high,
KXNBAGAME-25DEC20INDNOP-NOP,Indiana vs New Orleans Winner?,2025-12-20,NOP,IND,NOP,IND,True,False,True,True,high,
KXNBAGAME-25DEC20LALLAC-LAC,Los Angeles L vs Los Angeles C Winner?,2025-12-20,LAC,LAL,LAC,LAL,True,False,True,True,high,
KXNBAGAME-25DEC20ORLUTA-UTA,Orlando vs Utah Winner?,2025-12-20,UTA,ORL,UTA,ORL,True,False,True,True,high,
KXNBAGAME-25DEC20PHXGSW-GSW,Phoenix vs Golden State Winner?,2025-12-20,GSW,PHX,GSW,PHX,True,False,True,True,high,
KXNBAGAME-25DEC20PORSAC-SAC,Portland vs Sacramento Winner?,2025-12-20,SAC,POR,SAC,POR,True,False,True,True,high,
KXNBAGAME-25DEC20WASMEM-MEM,Washington vs Memphis Winner?,2025-12-20,MEM,WAS,MEM,WAS,True,False,True,True,high,
KXNBAGAME-25DEC21CHIATL-ATL,Chicago vs Atlanta Winner?,2025-12-21,ATL,CHI,ATL,CHI,True,False,True,True,high,
KXNBAGAME-25DEC21HOUSAC-SAC,Houston vs Sacramento Winner?,2025-12-21,SAC,HOU,SAC,HOU,True,False,True,True,high,
KXNBAGAME-25DEC21MIANYK-NYK,Miami vs New York Winner?,2025-12-21,NYK,MIA,NYK,MIA,True,False,True,True,high,
KXNBAGAME-25DEC21MILMIN-MIN,Milwaukee vs Minnesota Winner?,2025-12-21,MIN,MIL,MIN,MIL,True,False,True,True,high,
KXNBAGAME-25DEC21SASWAS-WAS,San Antonio vs Washington Winner?,2025-12-21,WAS,SAS,WAS,SAS,True,False,True,True,high,
KXNBAGAME-25DEC21TORBKN-BKN,Toronto vs Brooklyn Winner?,2025-12-21,BKN,TOR,BKN,TOR,True,False,True,True,high,
KXNBAGAME-25DEC22CHACLE-CLE,Charlotte vs Cleveland Winner?,2025-12-22,CLE,CHA,CLE,CHA,True,False,True,True,high,
KXNBAGAME-25DEC22DALNOP-NOP,Dallas vs New Orleans Winner?,2025-12-22,NOP,DAL,NOP,DAL,True,False,True,True,high,
KXNBAGAME-25DEC22DETPOR-POR,Detroit vs Portland Winner?,2025-12-22,POR,DET,POR,DET,True,False,True,True,high,
KXNBAGAME-25DEC22INDBOS-BOS,Indiana vs Boston Winner?,2025-12-22,BOS,IND,BOS,IND,True,False,True,True,high,
KXNBAGAME-25DEC22MEMOKC-OKC,Memphis vs Oklahoma City Winner?,2025-12-22,OKC,MEM,OKC,MEM,True,False,True,True,high,
KXNBAGAME-25DEC22ORLGSW-GSW,Orlando vs Golden State Winner?,2025-12-22,GSW,ORL,GSW,ORL,True,False,True,True,high,
KXNBAGAME-25DEC22UTADEN-DEN,Utah vs Denver Winner?,2025-12-22,DEN,UTA,DEN,UTA,True,False,True,True,high,
KXNBAGAME-25DEC23BKNPHI-PHI,Brooklyn vs Philadelphia Winner?,2025-12-23,PHI,BKN,PHI,BKN,True,False,True,True,high,
KXNBAGAME-25DEC23CHIATL-ATL,Chicago vs Atlanta Winner?,2025-12-23,ATL,CHI,ATL,CHI,True,False,True,True,high,
KXNBAGAME-25DEC23DENDAL-DAL,Denver vs Dallas Winner?,2025-12-23,DAL,DEN,DAL,DEN,True,False,True,True,high,
KXNBAGAME-25DEC23DETSAC-SAC,Detroit vs Sacramento Winner?,2025-12-23,SAC,DET,SAC,DET,True,False,True,True,high,
KXNBAGAME-25DEC23HOULAC-LAC,Houston vs Los Angeles C Winner?,2025-12-23,LAC,HOU,LAC,HOU,True,False,True,True,high,
KXNBAGAME-25DEC23LALPHX-PHX,Los Angeles L vs Phoenix Winner?,2025-12-23,PHX,LAL,PHX,LAL,True,False,True,True,high,
KXNBAGAME-25DEC23MEMUTA-UTA,Memphis vs Utah Winner?,2025-12-23,UTA,MEM,UTA,MEM,True,False,True,True,high,
KXNBAGAME-25DEC23MILIND-IND,Milwaukee vs Indiana Winner?,2025-12-23,IND,MIL,IND,MIL,True,False,True,True,high,
KXNBAGAME-25DEC23NOPCLE-CLE,New Orleans vs Cleveland Winner?,2025-12-23,CLE,NOP,CLE,NOP,True,False,True,True,high,
KXNBAGAME-25DEC23NYKMIN-MIN,New York vs Minnesota Winner?,2025-12-23,MIN,NYK,MIN,NYK,True,False,True,True,high,
KXNBAGAME-25DEC23OKCSAS-SAS,Oklahoma City vs San Antonio Winner?,2025-12-23,SAS,OKC,SAS,OKC,True,False,True,True,high,
KXNBAGAME-25DEC23ORLPOR-POR,Orlando vs Portland Winner?,2025-12-23,POR,ORL,POR,ORL,True,False,True,True,high,
KXNBAGAME-25DEC23TORMIA-MIA,Toronto vs Miami Winner?,2025-12-23,MIA,TOR,MIA,TOR,True,False,True,True,high,
KXNBAGAME-25DEC23WASCHA-CHA,Washington vs Charlotte Winner?,2025-12-23,CHA,WAS,CHA,WAS,True,False,True,True,high,
KXNBAGAME-25DEC25CLENYK-NYK,Cleveland vs New York Winner?,2025-12-25,NYK,CLE,NYK,CLE,True,False,True,True,high,
KXNBAGAME-25DEC25DALGSW-GSW,Dallas vs Golden State Winner?,2025-12-25,GSW,DAL,GSW,DAL,True,False,True,True,high,
KXNBAGAME-25DEC25HOULAL-LAL,Houston vs Los Angeles L Winner?,2025-12-25,LAL,HOU,LAL,HOU,True,False,True,True,high,
KXNBAGAME-25DEC25MINDEN-DEN,Minnesota vs Denver Winner?,2025-12-25,DEN,MIN,DEN,MIN,True,False,True,True,high,
KXNBAGAME-25DEC25SASOKC-OKC,San Antonio vs Oklahoma City Winner?,2025-12-25,OKC,SAS,OKC,SAS,True,False,True,True,high,
KXNBAGAME-25DEC26BOSIND-IND,Boston vs Indiana Winner?,2025-12-26,IND,BOS,IND,BOS,True,False,True,True,high,
KXNBAGAME-25DEC26CHAORL-ORL,Charlotte vs Orlando Winner?,2025-12-26,ORL,CHA,ORL,CHA,True,False,True,True,high,
KXNBAGAME-25DEC26DETUTA-UTA,Detroit vs Utah Winner?,2025-12-26,UTA,DET,UTA,DET,True,False,True,True,high,
KXNBAGAME-25DEC26LACPOR-POR,Los Angeles C vs Portland Winner?,2025-12-26,POR,LAC,POR,LAC,True,False,True,True,high,
KXNBAGAME-25DEC26MIAATL-ATL,Miami vs Atlanta Winner?,2025-12-26,ATL,MIA,ATL,MIA,True,False,True,True,high,
KXNBAGAME-25DEC26MILMEM-MEM,Milwaukee vs Memphis Winner?,2025-12-26,MEM,MIL,MEM,MIL,True,False,True,True,high,
KXNBAGAME-25DEC26PHICHI-CHI,Philadelphia vs Chicago Winner?,2025-12-26,CHI,PHI,CHI,PHI,True,False,True,True,high,
KXNBAGAME-25DEC26PHXNOP-NOP,Phoenix vs New Orleans Winner?,2025-12-26,NOP,PHX,NOP,PHX,True,False,True,True,high,
KXNBAGAME-25DEC26TORWAS-WAS,Toronto vs Washington Winner?,2025-12-26,WAS,TOR,WAS,TOR,True,False,True,True,high,
KXNBAGAME-25DEC27BKNMIN-MIN,Brooklyn vs Minnesota Winner?,2025-12-27,MIN,BKN,MIN,BKN,True,False,True,True,high,
KXNBAGAME-25DEC27CLEHOU-HOU,Cleveland vs Houston Winner?,2025-12-27,HOU,CLE,HOU,CLE,True,False,True,True,high,
KXNBAGAME-25DEC27DALSAC-SAC,Dallas vs Sacramento Winner?,2025-12-27,SAC,DAL,SAC,DAL,True,False,True,True,high,
KXNBAGAME-25DEC27DENORL-ORL,Denver vs Orlando Winner?,2025-12-27,ORL,DEN,ORL,DEN,True,False,True,True,high,
KXNBAGAME-25DEC27INDMIA-MIA,Indiana vs Miami Winner?,2025-12-27,MIA,IND,MIA,IND,True,False,True,True,high,
KXNBAGAME-25DEC27MILCHI-CHI,Milwaukee vs Chicago Winner?,2025-12-27,CHI,MIL,CHI,MIL,True,False,True,True,high,
KXNBAGAME-25DEC27NYKATL-ATL,New York vs Atlanta Winner?,2025-12-27,ATL,NYK,ATL,NYK,True,False,True,True,high,
KXNBAGAME-25DEC27PHXNOP-NOP,Phoenix vs New Orleans Winner?,2025-12-27,NOP,PHX,NOP,PHX,True,False,True,True,high,
KXNBAGAME-25DEC27UTASAS-SAS,Utah vs San Antonio Winner?,2025-12-27,SAS,UTA,SAS,UTA,True,False,True,True,high,
KXNBAGAME-25DEC28BOSPOR-POR,Boston vs Portland Winner?,2025-12-28,POR,BOS,POR,BOS,True,False,True,True,high,
KXNBAGAME-25DEC28DETLAC-LAC,Detroit vs Los Angeles C Winner?,2025-12-28,LAC,DET,LAC,DET,True,False,True,True,high,
KXNBAGAME-25DEC28GSWTOR-TOR,Golden State vs Toronto Winner?,2025-12-28,TOR,GSW,TOR,GSW,True,False,True,True,high,
KXNBAGAME-25DEC28MEMWAS-WAS,Memphis vs Washington Winner?,2025-12-28,WAS,MEM,WAS,MEM,True,False,True,True,high,
KXNBAGAME-25DEC28PHIOKC-OKC,Philadelphia vs Oklahoma City Winner?,2025-12-28,OKC,PHI,OKC,PHI,True,False,True,True,high,
KXNBAGAME-25DEC28SACLAL-LAL,Sacramento vs Los Angeles L Winner?,2025-12-28,LAL,SAC,LAL,SAC,True,False,True,True,high,
KXNBAGAME-25DEC29ATLOKC-OKC,Atlanta vs Oklahoma City Winner?,2025-12-29,OKC,ATL,OKC,ATL,True,False,True,True,high,
KXNBAGAME-25DEC29CLESAS-SAS,Cleveland vs San Antonio Winner?,2025-12-29,SAS,CLE,SAS,CLE,True,False,True,True,high,
KXNBAGAME-25DEC29DALPOR-POR,Dallas vs Portland Winner?,2025-12-29,POR,DAL,POR,DAL,True,False,True,True,high,
KXNBAGAME-25DEC29DENMIA-MIA,Denver vs Miami Winner?,2025-12-29,MIA,DEN,MIA,DEN,True,False,True,True,high,
KXNBAGAME-25DEC29GSWBKN-BKN,Golden State vs Brooklyn Winner?,2025-12-29,BKN,GSW,BKN,GSW,True,False,True,True,high,
KXNBAGAME-25DEC29INDHOU-HOU,Indiana vs Houston Winner?,2025-12-29,HOU,IND,HOU,IND,True,False,True,True,high,
KXNBAGAME-25DEC29MILCHA-CHA,Milwaukee vs Charlotte Winner?,2025-12-29,CHA,MIL,CHA,MIL,True,False,True,True,high,
KXNBAGAME-25DEC29MINCHI-CHI,Minnesota vs Chicago Winner?,2025-12-29,CHI,MIN,CHI,MIN,True,False,True,True,high,
KXNBAGAME-25DEC29NYKNOP-NOP,New York vs New Orleans Winner?,2025-12-29,NOP,NYK,NOP,NYK,True,False,True,True,high,
KXNBAGAME-25DEC29ORLTOR-TOR,Orlando vs Toronto Winner?,2025-12-29,TOR,ORL,TOR,ORL,True,False,True,True,high,
KXNBAGAME-25DEC29PHXWAS-WAS,Phoenix vs Washington Winner?,2025-12-29,WAS,PHX,WAS,PHX,True,False,True,True,high,
KXNBAGAME-25DEC30BOSUTA-UTA,Boston vs Utah Winner?,2025-12-30,UTA,BOS,UTA,BOS,True,False,True,True,high,
KXNBAGAME-25DEC30DETLAL-LAL,Detroit vs Los Angeles L Winner?,2025-12-30,LAL,DET,LAL,DET,True,False,True,True,high,
KXNBAGAME-25DEC30PHIMEM-MEM,Philadelphia vs Memphis Winner?,2025-12-30,MEM,PHI,MEM,PHI,True,False,True,True,high,
KXNBAGAME-25DEC30SACLAC-LAC,Sacramento vs Los Angeles C Winner?,2025-12-30,LAC,SAC,LAC,SAC,True,False,True,True,high,
KXNBAGAME-25DEC31DENTOR-TOR,Denver vs Toronto Winner?,2025-12-31,TOR,DEN,TOR,DEN,True,False,True,True,high,
KXNBAGAME-25DEC31GSWCHA-CHA,Golden State vs Charlotte Winner?,2025-12-31,CHA,GSW,CHA,GSW,True,False,True,True,high,
KXNBAGAME-25DEC31MINATL-ATL,Minnesota vs Atlanta Winner?,2025-12-31,ATL,MIN,ATL,MIN,True,False,True,True,high,
KXNBAGAME-25DEC31NOPCHI-CHI,New Orleans vs Chicago Winner?,2025-12-31,CHI,NOP,CHI,NOP,True,False,True,True,high,
KXNBAGAME-25DEC31NYKSAS-SAS,New York vs San Antonio Winner?,2025-12-31,SAS,NYK,SAS,NYK,True,False,True,True,high,
KXNBAGAME-25DEC31ORLIND-IND,Orlando vs Indiana Winner?,2025-12-31,IND,ORL,IND,ORL,True,False,True,True,high,
KXNBAGAME-25DEC31PHXCLE-CLE,Phoenix vs Cleveland Winner?,2025-12-31,CLE,PHX,CLE,PHX,True,False,True,True,high,
KXNBAGAME-25DEC31POROKC-OKC,Portland vs Oklahoma City Winner?,2025-12-31,OKC,POR,OKC,POR,True,False,True,True,high,
KXNBAGAME-25DEC31WASMIL-MIL,Washington vs Milwaukee Winner?,2025-12-31,MIL,WAS,MIL,WAS,True,False,True,True,high,
KXNBAGAME-26JAN01BOSSAC-SAC,Boston vs Sacramento Winner?,2026-01-01,SAC,BOS,SAC,BOS,True,False,True,True,high,
KXNBAGAME-26JAN01HOUBKN-BKN,Houston vs Brooklyn Winner?,2026-01-01,BKN,HOU,BKN,HOU,True,False,True,True,high,
KXNBAGAME-26JAN01MIADET-DET,Miami vs Detroit Winner?,2026-01-01,DET,MIA,DET,MIA,True,False,True,True,high,
KXNBAGAME-26JAN01PHIDAL-DAL,Philadelphia vs Dallas Winner?,2026-01-01,DAL,PHI,DAL,PHI,True,False,True,True,high,
KXNBAGAME-26JAN01UTALAC-LAC,Utah vs Los Angeles C Winner?,2026-01-01,LAC,UTA,LAC,UTA,True,False,True,True,high,
KXNBAGAME-26JAN02ATLNYK-NYK,Atlanta vs New York Winner?,2026-01-02,NYK,ATL,NYK,ATL,True,False,True,True,high,
KXNBAGAME-26JAN02BKNWAS-WAS,Brooklyn vs Washington Winner?,2026-01-02,WAS,BKN,WAS,BKN,True,False,True,True,high,
KXNBAGAME-26JAN02CHAMIL-MIL,Charlotte vs Milwaukee Winner?,2026-01-02,MIL,CHA,MIL,CHA,True,False,True,True,high,
KXNBAGAME-26JAN02DENCLE-CLE,Denver vs Cleveland Winner?,2026-01-02,CLE,DEN,CLE,DEN,True,False,True,True,high,
KXNBAGAME-26JAN02MEMLAL-LAL,Memphis vs Los Angeles L Winner?,2026-01-02,LAL,MEM,LAL,MEM,True,False,True,True,high,
KXNBAGAME-26JAN02OKCGSW-GSW,Oklahoma City vs Golden State Winner?,2026-01-02,GSW,OKC,GSW,OKC,True,False,True,True,high,
KXNBAGAME-26JAN02ORLCHI-CHI,Orlando vs Chicago Winner?,2026-01-02,CHI,ORL,CHI,ORL,True,False,True,True,high,
KXNBAGAME-26JAN02PORNOP-NOP,Portland vs New Orleans Winner?,2026-01-02,NOP,POR,NOP,POR,True,False,True,True,high,
KXNBAGAME-26JAN02SACPHX-PHX,Sacramento vs Phoenix Winner?,2026-01-02,PHX,SAC,PHX,SAC,True,False,True,True,high,
KXNBAGAME-26JAN02SASIND-IND,San Antonio vs Indiana Winner?,2026-01-02,IND,SAS,IND,SAS,True,False,True,True,high,
KXNBAGAME-26JAN03ATLTOR-TOR,Atlanta vs Toronto Winner?,2026-01-03,TOR,ATL,TOR,ATL,True,False,True,True,high,
KXNBAGAME-26JAN03BOSLAC-LAC,Boston vs Los Angeles C Winner?,2026-01-03,LAC,BOS,LAC,BOS,True,False,True,True,high,
KXNBAGAME-26JAN03CHACHI-CHI,Charlotte vs Chicago Winner?,2026-01-03,CHI,CHA,CHI,CHA,True,False,True,True,high,
KXNBAGAME-26JAN03HOUDAL-DAL,Houston vs Dallas Winner?,2026-01-03,DAL,HOU,DAL,HOU,True,False,True,True,high,
KXNBAGAME-26JAN03MINMIA-MIA,Minnesota vs Miami Winner?,2026-01-03,MIA,MIN,MIA,MIN,True,False,True,True,high,
KXNBAGAME-26JAN03PHINYK-NYK,Philadelphia vs New York Winner?,2026-01-03,NYK,PHI,NYK,PHI,True,False,True,True,high,
KXNBAGAME-26JAN03PORSAS-SAS,Portland vs San Antonio Winner?,2026-01-03,SAS,POR,SAS,POR,True,False,True,True,high,
KXNBAGAME-26JAN03UTAGSW-GSW,Utah vs Golden State Winner?,2026-01-03,GSW,UTA,GSW,UTA,True,False,True,True,high,
KXNBAGAME-26JAN04DENBKN-BKN,Denver vs Brooklyn Winner?,2026-01-04,BKN,DEN,BKN,DEN,True,False,True,True,high,
KXNBAGAME-26JAN04DETCLE-CLE,Detroit vs Cleveland Winner?,2026-01-04,CLE,DET,CLE,DET,True,False,True,True,high,
KXNBAGAME-26JAN04INDORL-ORL,Indiana vs Orlando Winner?,2026-01-04,ORL,IND,ORL,IND,True,False,True,True,high,
KXNBAGAME-26JAN04MEMLAL-LAL,Memphis vs Los Angeles L Winner?,2026-01-04,LAL,MEM,LAL,MEM,True,False,True,True,high,
KXNBAGAME-26JAN04MILSAC-SAC,Milwaukee vs Sacramento Winner?,2026-01-04,SAC,MIL,SAC,MIL,True,False,True,True,high,
KXNBAGAME-26JAN04MINWAS-WAS,Minnesota vs Washington Winner?,2026-01-04,WAS,MIN,WAS,MIN,True,False,True,True,high,
KXNBAGAME-26JAN04NOPMIA-MIA,New Orleans vs Miami Winner?,2026-01-04,MIA,NOP,MIA,NOP,True,False,True,True,high,
KXNBAGAME-26JAN04OKCPHX-PHX,Oklahoma City vs Phoenix Winner?,2026-01-04,PHX,OKC,PHX,OKC,True,False,True,True,high,
KXNBAGAME-26JAN05ATLTOR-TOR,Atlanta vs Toronto Winner?,2026-01-05,TOR,ATL,TOR,ATL,True,False,True,True,high,
KXNBAGAME-26JAN05CHAOKC-OKC,Charlotte vs Oklahoma City Winner?,2026-01-05,OKC,CHA,OKC,CHA,True,False,True,True,high,
KXNBAGAME-26JAN05CHIBOS-BOS,Chicago vs Boston Winner?,2026-01-05,BOS,CHI,BOS,CHI,True,False,True,True,high,
KXNBAGAME-26JAN05DENPHI-PHI,Denver vs Philadelphia Winner?,2026-01-05,PHI,DEN,PHI,DEN,True,False,True,True,high,
KXNBAGAME-26JAN05GSWLAC-LAC,Golden State vs Los Angeles C Winner?,2026-01-05,LAC,GSW,LAC,GSW,True,False,True,True,high,
KXNBAGAME-26JAN05NYKDET-DET,New York vs Detroit Winner?,2026-01-05,DET,NYK,DET,NYK,True,False,True,True,high,
KXNBAGAME-26JAN05PHXHOU-HOU,Phoenix vs Houston Winner?,2026-01-05,HOU,PHX,HOU,PHX,True,False,True,True,high,
KXNBAGAME-26JAN05UTAPOR-POR,Utah vs Portland Winner?,2026-01-05,POR,UTA,POR,UTA,True,False,True,True,high,
KXNBAGAME-26JAN06CLEIND-IND,Cleveland at Indiana Winner?,2026-01-06,IND,CLE,IND,CLE,True,False,True,True,high,
KXNBAGAME-26JAN06DALSAC-SAC,Dallas at Sacramento Winner?,2026-01-06,SAC,DAL,SAC,DAL,True,False,True,True,high,
KXNBAGAME-26JAN06LALNOP-NOP,Los Angeles L at New Orleans Winner?,2026-01-06,NOP,LAL,NOP,LAL,True,False,True,True,high,
KXNBAGAME-26JAN06MIAMIN-MIN,Miami at Minnesota Winner?,2026-01-06,MIN,MIA,MIN,MIA,True,False,True,True,high,
KXNBAGAME-26JAN06ORLWAS-WAS,Orlando at Washington Winner?,2026-01-06,WAS,ORL,WAS,ORL,True,False,True,True,high,
KXNBAGAME-26JAN06SASMEM-MEM,San Antonio at Memphis Winner?,2026-01-06,MEM,SAS,MEM,SAS,True,False,True,True,high,
KXNBAGAME-26JAN07CHIDET-DET,Chicago at Detroit Winner?,2026-01-07,DET,CHI,DET,CHI,True,False,True,True,high,
KXNBAGAME-26JAN07DENBOS-BOS,Denver at Boston Winner?,2026-01-07,BOS,DEN,BOS,DEN,True,False,True,True,high,
KXNBAGAME-26JAN07HOUPOR-POR,Houston at Portland Winner?,2026-01-07,POR,HOU,POR,HOU,True,False,True,True,high,
KXNBAGAME-26JAN07LACNYK-NYK,Los Angeles C at New York Winner?,2026-01-07,NYK,LAC,NYK,LAC,True,False,True,True,high,
KXNBAGAME-26JAN07LALSAS-SAS,Los Angeles L at San Antonio Winner?,2026-01-07,SAS,LAL,SAS,LAL,True,False,True,True,high,
KXNBAGAME-26JAN07MILGSW-GSW,Milwaukee at Golden State Winner?,2026-01-07,GSW,MIL,GSW,MIL,True,False,True,True,high,
KXNBAGAME-26JAN07NOPATL-ATL,New Orleans at Atlanta Winner?,2026-01-07,ATL,NOP,ATL,NOP,True,False,True,True,high,
KXNBAGAME-26JAN07ORLBKN-BKN,Orlando at Brooklyn Winner?,2026-01-07,BKN,ORL,BKN,ORL,True,False,True,True,high,
KXNBAGAME-26JAN07PHXMEM-MEM,Phoenix at Memphis Winner?,2026-01-07,MEM,PHX,MEM,PHX,True,False,True,True,high,
KXNBAGAME-26JAN07TORCHA-CHA,Toronto at Charlotte Winner?,2026-01-07,CHA,TOR,CHA,TOR,True,False,True,True,high,
KXNBAGAME-26JAN07UTAOKC-OKC,Utah at Oklahoma City Winner?,2026-01-07,OKC,UTA,OKC,UTA,True,False,True,True,high,
KXNBAGAME-26JAN07WASPHI-PHI,Washington at Philadelphia Winner?,2026-01-07,PHI,WAS,PHI,WAS,True,False,True,True,high,
KXNBAGAME-26JAN08CLEMIN-MIN,Cleveland at Minnesota Winner?,2026-01-08,MIN,CLE,MIN,CLE,True,False,True,True,high,
KXNBAGAME-26JAN08DALUTA-UTA,Dallas at Utah Winner?,2026-01-08,UTA,DAL,UTA,DAL,True,False,True,True,high,
KXNBAGAME-26JAN08INDCHA-CHA,Indiana at Charlotte Winner?,2026-01-08,CHA,IND,CHA,IND,True,False,True,True,high,
KXNBAGAME-26JAN09ATLDEN-DEN,Atlanta at Denver Winner?,2026-01-09,DEN,ATL,DEN,ATL,True,False,True,True,high,
KXNBAGAME-26JAN09HOUPOR-POR,Houston at Portland Winner?,2026-01-09,POR,HOU,POR,HOU,True,False,True,True,high,
KXNBAGAME-26JAN09LACBKN-BKN,Los Angeles C at Brooklyn Winner?,2026-01-09,BKN,LAC,BKN,LAC,True,False,True,True,high,
KXNBAGAME-26JAN09MILLAL-LAL,Milwaukee at Los Angeles L Winner?,2026-01-09,LAL,MIL,LAL,MIL,True,False,True,True,high,
KXNBAGAME-26JAN09NOPWAS-WAS,New Orleans at Washington Winner?,2026-01-09,WAS,NOP,WAS,NOP,True,False,True,True,high,
KXNBAGAME-26JAN09NYKPHX-PHX,New York at Phoenix Winner?,2026-01-09,PHX,NYK,PHX,NYK,True,False,True,True,high,
KXNBAGAME-26JAN09OKCMEM-MEM,Oklahoma City at Memphis Winner?,2026-01-09,MEM,OKC,MEM,OKC,True,False,True,True,high,
KXNBAGAME-26JAN09PHIORL-ORL,Philadelphia at Orlando Winner?,2026-01-09,ORL,PHI,ORL,PHI,True,False,True,True,high,
KXNBAGAME-26JAN09SACGSW-GSW,Sacramento at Golden State Winner?,2026-01-09,GSW,SAC,GSW,SAC,True,False,True,True,high,
KXNBAGAME-26JAN09TORBOS-BOS,Toronto at Boston Winner?,2026-01-09,BOS,TOR,BOS,TOR,True,False,True,True,high,
KXNBAGAME-26JAN10CHAUTA-UTA,Charlotte at Utah Winner?,2026-01-10,UTA,CHA,UTA,CHA,True,False,True,True,high,
KXNBAGAME-26JAN10DALCHI-CHI,Dallas at Chicago Winner?,2026-01-10,CHI,DAL,CHI,DAL,True,False,True,True,high,
KXNBAGAME-26JAN10LACDET-DET,Los Angeles C at Detroit Winner?,2026-01-10,DET,LAC,DET,LAC,True,False,True,True,high,
KXNBAGAME-26JAN10MIAIND-IND,Miami at Indiana Winner?,2026-01-10,IND,MIA,IND,MIA,True,False,True,True,high,
KXNBAGAME-26JAN10MINCLE-CLE,Minnesota at Cleveland Winner?,2026-01-10,CLE,MIN,CLE,MIN,True,False,True,True,high,
KXNBAGAME-26JAN10SASBOS-BOS,San Antonio at Boston Winner?,2026-01-10,BOS,SAS,BOS,SAS,True,False,True,True,high,
KXNBAGAME-26JAN11ATLGSW-GSW,Atlanta at Golden State Winner?,2026-01-11,GSW,ATL,GSW,ATL,True,False,True,True,high,
KXNBAGAME-26JAN11BKNMEM-MEM,Brooklyn at Memphis Winner?,2026-01-11,MEM,BKN,MEM,BKN,True,False,True,True,high,
KXNBAGAME-26JAN11HOUSAC-SAC,Houston at Sacramento Winner?,2026-01-11,SAC,HOU,SAC,HOU,True,False,True,True,high,
KXNBAGAME-26JAN11MIAOKC-OKC,Miami at Oklahoma City Winner?,2026-01-11,OKC,MIA,OKC,MIA,True,False,True,True,high,
KXNBAGAME-26JAN11MILDEN-DEN,Milwaukee at Denver Winner?,2026-01-11,DEN,MIL,DEN,MIL,True,False,True,True,high,
KXNBAGAME-26JAN11NOPORL-ORL,New Orleans at Orlando Winner?,2026-01-11,ORL,NOP,ORL,NOP,True,False,True,True,high,
KXNBAGAME-26JAN11NYKPOR-POR,New York at Portland Winner?,2026-01-11,POR,NYK,POR,NYK,True,False,True,True,high,
KXNBAGAME-26JAN11PHITOR-TOR,Philadelphia at Toronto Winner?,2026-01-11,TOR,PHI,TOR,PHI,True,False,True,True,high,
KXNBAGAME-26JAN11SASMIN-MIN,San Antonio at Minnesota Winner?,2026-01-11,MIN,SAS,MIN,SAS,True,False,True,True,high,
KXNBAGAME-26JAN11WASPHX-PHX,Washington at Phoenix Winner?,2026-01-11,PHX,WAS,PHX,WAS,True,False,True,True,high,
KXNBAGAME-26JAN12BKNDAL-DAL,Brooklyn at Dallas Winner?,2026-01-12,DAL,BKN,DAL,BKN,True,False,True,True,high,
KXNBAGAME-26JAN12BOSIND-IND,Boston at Indiana Winner?,2026-01-12,IND,BOS,IND,BOS,True,False,True,True,high,
KXNBAGAME-26JAN12CHALAC-LAC,Charlotte at Los Angeles C Winner?,2026-01-12,LAC,CHA,LAC,CHA,True,False,True,True,high,
KXNBAGAME-26JAN12LALSAC-SAC,Los Angeles L at Sacramento Winner?,2026-01-12,SAC,LAL,SAC,LAL,True,False,True,True,high,
KXNBAGAME-26JAN12PHITOR-TOR,Philadelphia at Toronto Winner?,2026-01-12,TOR,PHI,TOR,PHI,True,False,True,True,high,
KXNBAGAME-26JAN12UTACLE-CLE,Utah at Cleveland Winner?,2026-01-12,CLE,UTA,CLE,UTA,True,False,True,True,high,
KXNBAGAME-26JAN13ATLLAL-LAL,Atlanta at Los Angeles L Winner?,2026-01-13,LAL,ATL,LAL,ATL,True,False,True,True,high,
KXNBAGAME-26JAN13CHIHOU-HOU,Chicago at Houston Winner?,2026-01-13,HOU,CHI,HOU,CHI,True,False,True,True,high,
KXNBAGAME-26JAN13DENNOP-NOP,Denver at New Orleans Winner?,2026-01-13,NOP,DEN,NOP,DEN,True,False,True,True,high,
KXNBAGAME-26JAN13MINMIL-MIL,Minnesota at Milwaukee Winner?,2026-01-13,MIL,MIN,MIL,MIN,True,False,True,True,high,
KXNBAGAME-26JAN13PHXMIA-MIA,Phoenix at Miami Winner?,2026-01-13,MIA,PHX,MIA,PHX,True,False,True,True,high,
KXNBAGAME-26JAN13PORGSW-GSW,Portland at Golden State Winner?,2026-01-13,GSW,POR,GSW,POR,True,False,True,True,high,
KXNBAGAME-26JAN13SASOKC-OKC,San Antonio at Oklahoma City Winner?,2026-01-13,OKC,SAS,OKC,SAS,True,False,True,True,high,
KXNBAGAME-26JAN14BKNNOP-NOP,Brooklyn at New Orleans Winner?,2026-01-14,NOP,BKN,NOP,BKN,True,False,True,True,high,
KXNBAGAME-26JAN14CLEPHI-PHI,Cleveland at Philadelphia Winner?,2026-01-14,PHI,CLE,PHI,CLE,True,False,True,True,high,
KXNBAGAME-26JAN14DENDAL-DAL,Denver at Dallas Winner?,2026-01-14,DAL,DEN,DAL,DEN,True,False,True,True,high,
KXNBAGAME-26JAN14NYKSAC-SAC,New York at Sacramento Winner?,2026-01-14,SAC,NYK,SAC,NYK,True,False,True,True,high,
KXNBAGAME-26JAN14TORIND-IND,Toronto at Indiana Winner?,2026-01-14,IND,TOR,IND,TOR,True,False,True,True,high,
KXNBAGAME-26JAN14UTACHI-CHI,Utah at Chicago Winner?,2026-01-14,CHI,UTA,CHI,UTA,True,False,True,True,high,
KXNBAGAME-26JAN14WASLAC-LAC,Washington at Los Angeles C Winner?,2026-01-14,LAC,WAS,LAC,WAS,True,False,True,True,high,
KXNBAGAME-26JAN15ATLPOR-POR,Atlanta at Portland Winner?,2026-01-15,POR,ATL,POR,ATL,True,False,True,True,high,
KXNBAGAME-26JAN15BOSMIA-MIA,Boston at Miami Winner?,2026-01-15,MIA,BOS,MIA,BOS,True,False,True,True,high,
KXNBAGAME-26JAN15CHALAL-LAL,Charlotte at Los Angeles L Winner?,2026-01-15,LAL,CHA,LAL,CHA,True,False,True,True,high,
KXNBAGAME-26JAN15MILSAS-SAS,Milwaukee at San Antonio Winner?,2026-01-15,SAS,MIL,SAS,MIL,True,False,True,True,high,
KXNBAGAME-26JAN15NYKGSW-GSW,New York at Golden State Winner?,2026-01-15,GSW,NYK,GSW,NYK,True,False,True,True,high,
KXNBAGAME-26JAN15OKCHOU-HOU,Oklahoma City at Houston Winner?,2026-01-15,HOU,OKC,HOU,OKC,True,False,True,True,high,
KXNBAGAME-26JAN15PHXDET-DET,Phoenix at Detroit Winner?,2026-01-15,DET,PHX,DET,PHX,True,False,True,True,high,
KXNBAGAME-26JAN15UTADAL-DAL,Utah at Dallas Winner?,2026-01-15,DAL,UTA,DAL,UTA,True,False,True,True,high,
KXNBAGAME-26JAN16CHIBKN-BKN,Chicago at Brooklyn Winner?,2026-01-16,BKN,CHI,BKN,CHI,True,False,True,True,high,
KXNBAGAME-26JAN16CLEPHI-PHI,Cleveland at Philadelphia Winner?,2026-01-16,PHI,CLE,PHI,CLE,True,False,True,True,high,
KXNBAGAME-26JAN16LACTOR-TOR,Los Angeles C at Toronto Winner?,2026-01-16,TOR,LAC,TOR,LAC,True,False,True,True,high,
KXNBAGAME-26JAN16MINHOU-HOU,Minnesota at Houston Winner?,2026-01-16,HOU,MIN,HOU,MIN,True,False,True,True,high,
KXNBAGAME-26JAN16NOPIND-IND,New Orleans at Indiana Winner?,2026-01-16,IND,NOP,IND,NOP,True,False,True,True,high,
KXNBAGAME-26JAN16WASSAC-SAC,Washington at Sacramento Winner?,2026-01-16,SAC,WAS,SAC,WAS,True,False,True,True,high,
KXNBAGAME-26JAN17BOSATL-ATL,Boston at Atlanta Winner?,2026-01-17,ATL,BOS,ATL,BOS,True,False,True,True,high,
KXNBAGAME-26JAN17CHAGSW-GSW,Charlotte at Golden State Winner?,2026-01-17,GSW,CHA,GSW,CHA,True,False,True,True,high,
KXNBAGAME-26JAN17INDDET-DET,Indiana at Detroit Winner?,2026-01-17,DET,IND,DET,IND,True,False,True,True,high,
KXNBAGAME-26JAN17LALPOR-POR,Los Angeles L at Portland Winner?,2026-01-17,POR,LAL,POR,LAL,True,False,True,True,high,
KXNBAGAME-26JAN17MINSAS-SAS,Minnesota at San Antonio Winner?,2026-01-17,SAS,MIN,SAS,MIN,True,False,True,True,high,
KXNBAGAME-26JAN17OKCMIA-MIA,Oklahoma City at Miami Winner?,2026-01-17,MIA,OKC,MIA,OKC,True,False,True,True,high,
KXNBAGAME-26JAN17PHXNYK-NYK,Phoenix at New York Winner?,2026-01-17,NYK,PHX,NYK,PHX,True,False,True,True,high,
KXNBAGAME-26JAN17UTADAL-DAL,Utah at Dallas Winner?,2026-01-17,DAL,UTA,DAL,UTA,True,False,True,True,high,
KXNBAGAME-26JAN17WASDEN-DEN,Washington at Denver Winner?,2026-01-17,DEN,WAS,DEN,WAS,True,False,True,True,high,
KXNBAGAME-26JAN18BKNCHI-CHI,Brooklyn at Chicago Winner?,2026-01-18,CHI,BKN,CHI,BKN,True,False,True,True,high,
KXNBAGAME-26JAN18CHADEN-DEN,Charlotte at Denver Winner?,2026-01-18,DEN,CHA,DEN,CHA,True,False,True,True,high,
KXNBAGAME-26JAN18NOPHOU-HOU,New Orleans at Houston Winner?,2026-01-18,HOU,NOP,HOU,NOP,True,False,True,True,high,
KXNBAGAME-26JAN18ORLMEM-MEM,Orlando at Memphis Winner?,2026-01-18,MEM,ORL,MEM,ORL,True,False,True,True,high,
KXNBAGAME-26JAN18PORSAC-SAC,Portland at Sacramento Winner?,2026-01-18,SAC,POR,SAC,POR,True,False,True,True,high,
KXNBAGAME-26JAN18TORLAL-LAL,Toronto at Los Angeles L Winner?,2026-01-18,LAL,TOR,LAL,TOR,True,False,True,True,high,
KXNBAGAME-26JAN19BOSDET-DET,Boston at Detroit Winner?,2026-01-19,DET,BOS,DET,BOS,True,False,True,True,high,
KXNBAGAME-26JAN19DALNYK-NYK,Dallas at New York Winner?,2026-01-19,NYK,DAL,NYK,DAL,True,False,True,True,high,
KXNBAGAME-26JAN19INDPHI-PHI,Indiana at Philadelphia Winner?,2026-01-19,PHI,IND,PHI,IND,True,False,True,True,high,
KXNBAGAME-26JAN19LACWAS-WAS,Los Angeles C at Washington Winner?,2026-01-19,WAS,LAC,WAS,LAC,True,False,True,True,high,
KXNBAGAME-26JAN19MIAGSW-GSW,Miami at Golden State Winner?,2026-01-19,GSW,MIA,GSW,MIA,True,False,True,True,high,
KXNBAGAME-26JAN19MILATL-ATL,Milwaukee at Atlanta Winner?,2026-01-19,ATL,MIL,ATL,MIL,True,False,True,True,high,
KXNBAGAME-26JAN19OKCCLE-CLE,Oklahoma City at Cleveland Winner?,2026-01-19,CLE,OKC,CLE,OKC,True,False,True,True,high,
KXNBAGAME-26JAN19PHXBKN-BKN,Phoenix at Brooklyn Winner?,2026-01-19,BKN,PHX,BKN,PHX,True,False,True,True,high,
KXNBAGAME-26JAN19UTASAS-SAS,Utah at San Antonio Winner?,2026-01-19,SAS,UTA,SAS,UTA,True,False,True,True,high,
KXNBAGAME-26JAN20LACCHI-CHI,Los Angeles C at Chicago Winner?,2026-01-20,CHI,LAC,CHI,LAC,True,False,True,True,high,
KXNBAGAME-26JAN20LALDEN-DEN,Los Angeles L at Denver Winner?,2026-01-20,DEN,LAL,DEN,LAL,True,False,True,True,high,
KXNBAGAME-26JAN20MIASAC-SAC,Miami at Sacramento Winner?,2026-01-20,SAC,MIA,SAC,MIA,True,False,True,True,high,
KXNBAGAME-26JAN20MINUTA-UTA,Minnesota at Utah Winner?,2026-01-20,UTA,MIN,UTA,MIN,True,False,True,True,high,
KXNBAGAME-26JAN20PHXPHI-PHI,Phoenix at Philadelphia Winner?,2026-01-20,PHI,PHX,PHI,PHX,True,False,True,True,high,
KXNBAGAME-26JAN20SASHOU-HOU,San Antonio at Houston Winner?,2026-01-20,HOU,SAS,HOU,SAS,True,False,True,True,high,
KXNBAGAME-26JAN20TORGSW-GSW,Toronto at Golden State Winner?,2026-01-20,GSW,TOR,GSW,TOR,True,False,True,True,high,
KXNBAGAME-26JAN21ATLMEM-MEM,Atlanta at Memphis Winner?,2026-01-21,MEM,ATL,MEM,ATL,True,False,True,True,high,
KXNBAGAME-26JAN21BKNNYK-NYK,Brooklyn at New York Winner?,2026-01-21,NYK,BKN,NYK,BKN,True,False,True,True,high,
KXNBAGAME-26JAN21CLECHA-CHA,Cleveland at Charlotte Winner?,2026-01-21,CHA,CLE,CHA,CLE,True,False,True,True,high,
KXNBAGAME-26JAN21DETNOP-NOP,Detroit at New Orleans Winner?,2026-01-21,NOP,DET,NOP,DET,True,False,True,True,high,
KXNBAGAME-26JAN21INDBOS-BOS,Indiana at Boston Winner?,2026-01-21,BOS,IND,BOS,IND,True,False,True,True,high,
KXNBAGAME-26JAN21OKCMIL-MIL,Oklahoma City at Milwaukee Winner?,2026-01-21,MIL,OKC,MIL,OKC,True,False,True,True,high,
KXNBAGAME-26JAN21TORSAC-SAC,Toronto at Sacramento Winner?,2026-01-21,SAC,TOR,SAC,TOR,True,False,True,True,high,
KXNBAGAME-26JAN22CHAORL-ORL,Charlotte at Orlando Winner?,2026-01-22,ORL,CHA,ORL,CHA,True,False,True,True,high,
KXNBAGAME-26JAN22CHIMIN-MIN,Chicago at Minnesota Winner?,2026-01-22,MIN,CHI,MIN,CHI,True,False,True,True,high,
KXNBAGAME-26JAN22DENWAS-WAS,Denver at Washington Winner?,2026-01-22,WAS,DEN,WAS,DEN,True,False,True,True,high,
KXNBAGAME-26JAN22GSWDAL-DAL,Golden State at Dallas Winner?,2026-01-22,DAL,GSW,DAL,GSW,True,False,True,True,high,
KXNBAGAME-26JAN22HOUPHI-PHI,Houston at Philadelphia Winner?,2026-01-22,PHI,HOU,PHI,HOU,True,False,True,True,high,
KXNBAGAME-26JAN22LALLAC-LAC,Los Angeles L at Los Angeles C Winner?,2026-01-22,LAC,LAL,LAC,LAL,True,False,True,True,high,
KXNBAGAME-26JAN22MIAPOR-POR,Miami at Portland Winner?,2026-01-22,POR,MIA,POR,MIA,True,False,True,True,high,
KXNBAGAME-26JAN22SASUTA-UTA,San Antonio at Utah Winner?,2026-01-22,UTA,SAS,UTA,SAS,True,False,True,True,high,
KXNBAGAME-26JAN23BOSBKN-BKN,Boston at Brooklyn Winner?,2026-01-23,BKN,BOS,BKN,BOS,True,False,True,True,high,
KXNBAGAME-26JAN23DENMIL-MIL,Denver at Milwaukee Winner?,2026-01-23,MIL,DEN,MIL,DEN,True,False,True,True,high,
KXNBAGAME-26JAN23HOUDET-DET,Houston at Detroit Winner?,2026-01-23,DET,HOU,DET,HOU,True,False,True,True,high,
KXNBAGAME-26JAN23INDOKC-OKC,Indiana at Oklahoma City Winner?,2026-01-23,OKC,IND,OKC,IND,True,False,True,True,high,
KXNBAGAME-26JAN23NOPMEM-MEM,New Orleans at Memphis Winner?,2026-01-23,MEM,NOP,MEM,NOP,True,False,True,True,high,
KXNBAGAME-26JAN23PHXATL-ATL,Phoenix at Atlanta Winner?,2026-01-23,ATL,PHX,ATL,PHX,True,False,True,True,high,
KXNBAGAME-26JAN23SACCLE-CLE,Sacramento at Cleveland Winner?,2026-01-23,CLE,SAC,CLE,SAC,True,False,True,True,high,
KXNBAGAME-26JAN23TORPOR-POR,Toronto at Portland Winner?,2026-01-23,POR,TOR,POR,TOR,True,False,True,True,high,
KXNBAGAME-26JAN24BOSCHI-CHI,Boston at Chicago Winner?,2026-01-24,CHI,BOS,CHI,BOS,True,False,True,True,high,
KXNBAGAME-26JAN24CLEORL-ORL,Cleveland at Orlando Winner?,2026-01-24,ORL,CLE,ORL,CLE,True,False,True,True,high,
KXNBAGAME-26JAN24LALDAL-DAL,Los Angeles L at Dallas Winner?,2026-01-24,DAL,LAL,DAL,LAL,True,False,True,True,high,
KXNBAGAME-26JAN24MIAUTA-UTA,Miami at Utah Winner?,2026-01-24,UTA,MIA,UTA,MIA,True,False,True,True,high,
KXNBAGAME-26JAN24NYKPHI-PHI,New York at Philadelphia Winner?,2026-01-24,PHI,NYK,PHI,NYK,True,False,True,True,high,
KXNBAGAME-26JAN24WASCHA-CHA,Washington at Charlotte Winner?,2026-01-24,CHA,WAS,CHA,WAS,True,False,True,True,high,
KXNBAGAME-26JAN25BKNLAC-LAC,Brooklyn at Los Angeles C Winner?,2026-01-25,LAC,BKN,LAC,BKN,True,False,True,True,high,
KXNBAGAME-26JAN25MIAPHX-PHX,Miami at Phoenix Winner?,2026-01-25,PHX,MIA,PHX,MIA,True,False,True,True,high,
KXNBAGAME-26JAN25NOPSAS-SAS,New Orleans at San Antonio Winner?,2026-01-25,SAS,NOP,SAS,NOP,True,False,True,True,high,
KXNBAGAME-26JAN25SACDET-DET,Sacramento at Detroit Winner?,2026-01-25,DET,SAC,DET,SAC,True,False,True,True,high,
KXNBAGAME-26JAN25TOROKC-OKC,Toronto at Oklahoma City Winner?,2026-01-25,OKC,TOR,OKC,TOR,True,False,True,True,high,
KXNBAGAME-26JAN26GSWMIN-MIN,Golden State at Minnesota Winner?,2026-01-26,MIN,GSW,MIN,GSW,True,False,True,True,high,
KXNBAGAME-26JAN26INDATL-ATL,Indiana at Atlanta Winner?,2026-01-26,ATL,IND,ATL,IND,True,False,True,True,high,
KXNBAGAME-26JAN26LALCHI-CHI,Los Angeles L at Chicago Winner?,2026-01-26,CHI,LAL,CHI,LAL,True,False,True,True,high,
KXNBAGAME-26JAN26MEMHOU-HOU,Memphis at Houston Winner?,2026-01-26,HOU,MEM,HOU,MEM,True,False,True,True,high,
KXNBAGAME-26JAN26ORLCLE-CLE,Orlando at Cleveland Winner?,2026-01-26,CLE,ORL,CLE,ORL,True,False,True,True,high,
KXNBAGAME-26JAN26PHICHA-CHA,Philadelphia at Charlotte Winner?,2026-01-26,CHA,PHI,CHA,PHI,True,False,True,True,high,
KXNBAGAME-26JAN26PORBOS-BOS,Portland at Boston Winner?,2026-01-26,BOS,POR,BOS,POR,True,False,True,True,high,
KXNBAGAME-26JAN27BKNPHX-PHX,Brooklyn at Phoenix Winner?,2026-01-27,PHX,BKN,PHX,BKN,True,False,True,True,high,
KXNBAGAME-26JAN27DETDEN-DEN,Detroit at Denver Winner?,2026-01-27,DEN,DET,DEN,DET,True,False,True,True,high,
KXNBAGAME-26JAN27LACUTA-UTA,Los Angeles C at Utah Winner?,2026-01-27,UTA,LAC,UTA,LAC,True,False,True,True,high,
KXNBAGAME-26JAN27MILPHI-PHI,Milwaukee at Philadelphia Winner?,2026-01-27,PHI,MIL,PHI,MIL,True,False,True,True,high,
KXNBAGAME-26JAN27NOPOKC-OKC,New Orleans at Oklahoma City Winner?,2026-01-27,OKC,NOP,OKC,NOP,True,False,True,True,high,
KXNBAGAME-26JAN27PORWAS-WAS,Portland at Washington Winner?,2026-01-27,WAS,POR,WAS,POR,True,False,True,True,high,
KXNBAGAME-26JAN27SACNYK-NYK,Sacramento at New York Winner?,2026-01-27,NYK,SAC,NYK,SAC,True,False,True,True,high,
KXNBAGAME-26JAN28ATLBOS-BOS,Atlanta at Boston Winner?,2026-01-28,BOS,ATL,BOS,ATL,True,False,True,True,high,
KXNBAGAME-26JAN28CHAMEM-MEM,Charlotte at Memphis Winner?,2026-01-28,MEM,CHA,MEM,CHA,True,False,True,True,high,
KXNBAGAME-26JAN28CHIIND-IND,Chicago at Indiana Winner?,2026-01-28,IND,CHI,IND,CHI,True,False,True,True,high,
KXNBAGAME-26JAN28GSWUTA-UTA,Golden State at Utah Winner?,2026-01-28,UTA,GSW,UTA,GSW,True,False,True,True,high,
KXNBAGAME-26JAN28LALCLE-CLE,Los Angeles L at Cleveland Winner?,2026-01-28,CLE,LAL,CLE,LAL,True,False,True,True,high,
KXNBAGAME-26JAN28MINDAL-DAL,Minnesota at Dallas Winner?,2026-01-28,DAL,MIN,DAL,MIN,True,False,True,True,high,
KXNBAGAME-26JAN28NYKTOR-TOR,New York at Toronto Winner?,2026-01-28,TOR,NYK,TOR,NYK,True,False,True,True,high,
KXNBAGAME-26JAN28ORLMIA-MIA,Orlando at Miami Winner?,2026-01-28,MIA,ORL,MIA,ORL,True,False,True,True,high,
KXNBAGAME-26JAN28SASHOU-HOU,San Antonio at Houston Winner?,2026-01-28,HOU,SAS,HOU,SAS,True,False,True,True,high,
KXNBAGAME-26JAN29BKNDEN-DEN,Brooklyn at Denver Winner?,2026-01-29,DEN,BKN,DEN,BKN,True,False,True,True,high,
KXNBAGAME-26JAN29CHADAL-DAL,Charlotte at Dallas Winner?,2026-01-29,DAL,CHA,DAL,CHA,True,False,True,True,high,
KXNBAGAME-26JAN29DETPHX-PHX,Detroit at Phoenix Winner?,2026-01-29,PHX,DET,PHX,DET,True,False,True,True,high,
KXNBAGAME-26JAN29HOUATL-ATL,Houston at Atlanta Winner?,2026-01-29,ATL,HOU,ATL,HOU,True,False,True,True,high,
KXNBAGAME-26JAN29MIACHI-CHI,Miami at Chicago Winner?,2026-01-29,CHI,MIA,CHI,MIA,True,False,True,True,high,
KXNBAGAME-26JAN29MILWAS-WAS,Milwaukee at Washington Winner?,2026-01-29,WAS,MIL,WAS,MIL,True,False,True,True,high,
KXNBAGAME-26JAN29OKCMIN-MIN,Oklahoma City at Minnesota Winner?,2026-01-29,MIN,OKC,MIN,OKC,True,False,True,True,high,
KXNBAGAME-26JAN29SACPHI-PHI,Sacramento at Philadelphia Winner?,2026-01-29,PHI,SAC,PHI,SAC,True,False,True,True,high,
KXNBAGAME-26JAN30BKNUTA-UTA,Brooklyn at Utah Winner?,2026-01-30,UTA,BKN,UTA,BKN,True,False,True,True,high,
KXNBAGAME-26JAN30CLEPHX-PHX,Cleveland at Phoenix Winner?,2026-01-30,PHX,CLE,PHX,CLE,True,False,True,True,high,
KXNBAGAME-26JAN30DETGSW-GSW,Detroit at Golden State Winner?,2026-01-30,GSW,DET,GSW,DET,True,False,True,True,high,
KXNBAGAME-26JAN30LACDEN-DEN,Los Angeles C at Denver Winner?,2026-01-30,DEN,LAC,DEN,LAC,True,False,True,True,high,
KXNBAGAME-26JAN30LALWAS-WAS,Los Angeles L at Washington Winner?,2026-01-30,WAS,LAL,WAS,LAL,True,False,True,True,high,
KXNBAGAME-26JAN30MEMNOP-NOP,Memphis at New Orleans Winner?,2026-01-30,NOP,MEM,NOP,MEM,True,False,True,True,high,
KXNBAGAME-26JAN30PORNYK-NYK,Portland at New York Winner?,2026-01-30,NYK,POR,NYK,POR,True,False,True,True,high,
KXNBAGAME-26JAN30SACBOS-BOS,Sacramento at Boston Winner?,2026-01-30,BOS,SAC,BOS,SAC,True,False,True,True,high,
KXNBAGAME-26JAN30TORORL-ORL,Toronto at Orlando Winner?,2026-01-30,ORL,TOR,ORL,TOR,True,False,True,True,high,
KXNBAGAME-26JAN31ATLIND-IND,Atlanta at Indiana Winner?,2026-01-31,IND,ATL,IND,ATL,True,False,True,True,high,
KXNBAGAME-26JAN31CHIMIA-MIA,Chicago at Miami Winner?,2026-01-31,MIA,CHI,MIA,CHI,True,False,True,True,high,
KXNBAGAME-26JAN31DALHOU-HOU,Dallas at Houston Winner?,2026-01-31,HOU,DAL,HOU,DAL,True,False,True,True,high,
KXNBAGAME-26JAN31MINMEM-MEM,Minnesota at Memphis Winner?,2026-01-31,MEM,MIN,MEM,MIN,True,False,True,True,high,
KXNBAGAME-26JAN31NOPPHI-PHI,New Orleans at Philadelphia Winner?,2026-01-31,PHI,NOP,PHI,NOP,True,False,True,True,high,
KXNBAGAME-26JAN31SASCHA-CHA,San Antonio at Charlotte Winner?,2026-01-31,CHA,SAS,CHA,SAS,True,False,True,True,high,
KXNBAGAME-26FEB01BKNDET-DET,Brooklyn at Detroit Winner?,2026-02-01,DET,BKN,DET,BKN,True,False,True,True,high,
KXNBAGAME-26FEB01CHIMIA-MIA,Chicago at Miami Winner?,2026-02-01,MIA,CHI,MIA,CHI,True,False,True,True,high,
KXNBAGAME-26FEB01CLEPOR-POR,Cleveland at Portland Winner?,2026-02-01,POR,CLE,POR,CLE,True,False,True,True,high,
KXNBAGAME-26FEB01LACPHX-PHX,Los Angeles C at Phoenix Winner?,2026-02-01,PHX,LAC,PHX,LAC,True,False,True,True,high,
KXNBAGAME-26FEB01LALNYK-NYK,Los Angeles L at New York Winner?,2026-02-01,NYK,LAL,NYK,LAL,True,False,True,True,high,
KXNBAGAME-26FEB01MILBOS-BOS,Milwaukee at Boston Winner?,2026-02-01,BOS,MIL,BOS,MIL,True,False,True,True,high,
KXNBAGAME-26FEB01OKCDEN-DEN,Oklahoma City at Denver Winner?,2026-02-01,DEN,OKC,DEN,OKC,True,False,True,True,high,
KXNBAGAME-26FEB01ORLSAS-SAS,Orlando at San Antonio Winner?,2026-02-01,SAS,ORL,SAS,ORL,True,False,True,True,high,
KXNBAGAME-26FEB01SACWAS-WAS,Sacramento at Washington Winner?,2026-02-01,WAS,SAC,WAS,SAC,True,False,True,True,high,
KXNBAGAME-26FEB01UTATOR-TOR,Utah at Toronto Winner?,2026-02-01,TOR,UTA,TOR,UTA,True,False,True,True,high,
KXNBAGAME-26FEB02HOUIND-IND,Houston at Indiana Winner?,2026-02-02,IND,HOU,IND,HOU,True,False,True,True,high,
KXNBAGAME-26FEB02MINMEM-MEM,Minnesota at Memphis Winner?,2026-02-02,MEM,MIN,MEM,MIN,True,False,True,True,high,
KXNBAGAME-26FEB02NOPCHA-CHA,New Orleans at Charlotte Winner?,2026-02-02,CHA,NOP,CHA,NOP,True,False,True,True,high,
KXNBAGAME-26FEB02PHILAC-LAC,Philadelphia at Los Angeles C Winner?,2026-02-02,LAC,PHI,LAC,PHI,True,False,True,True,high,
KXNBAGAME-26FEB03ATLMIA-MIA,Atlanta at Miami Winner?,2026-02-03,MIA,ATL,MIA,ATL,True,False,True,True,high,
KXNBAGAME-26FEB03BOSDAL-DAL,Boston at Dallas Winner?,2026-02-03,DAL,BOS,DAL,BOS,True,False,True,True,high,
KXNBAGAME-26FEB03CHIMIL-MIL,Chicago at Milwaukee Winner?,2026-02-03,MIL,CHI,MIL,CHI,True,False,True,True,high,
KXNBAGAME-26FEB03DENDET-DET,Denver at Detroit Winner?,2026-02-03,DET,DEN,DET,DEN,True,False,True,True,high,
KXNBAGAME-26FEB03LALBKN-BKN,Los Angeles L at Brooklyn Winner?,2026-02-03,BKN,LAL,BKN,LAL,True,False,True,True,high,
KXNBAGAME-26FEB03NYKWAS-WAS,New York at Washington Winner?,2026-02-03,WAS,NYK,WAS,NYK,True,False,True,True,high,
KXNBAGAME-26FEB03ORLOKC-OKC,Orlando at Oklahoma City Winner?,2026-02-03,OKC,ORL,OKC,ORL,True,False,True,True,high,
KXNBAGAME-26FEB03PHIGSW-GSW,Philadelphia at Golden State Winner?,2026-02-03,GSW,PHI,GSW,PHI,True,False,True,True,high,
KXNBAGAME-26FEB03PHXPOR-POR,Phoenix at Portland Winner?,2026-02-03,POR,PHX,POR,PHX,True,False,True,True,high,
KXNBAGAME-26FEB03UTAIND-IND,Utah at Indiana Winner?,2026-02-03,IND,UTA,IND,UTA,True,False,True,True,high,
KXNBAGAME-26FEB04BOSHOU-HOU,Boston at Houston Winner?,2026-02-04,HOU,BOS,HOU,BOS,True,False,True,True,high,
KXNBAGAME-26FEB04CLELAC-LAC,Cleveland at Los Angeles C Winner?,2026-02-04,LAC,CLE,LAC,CLE,True,False,True,True,high,
KXNBAGAME-26FEB04DENNYK-NYK,Denver at New York Winner?,2026-02-04,NYK,DEN,NYK,DEN,True,False,True,True,high,
KXNBAGAME-26FEB04MEMSAC-SAC,Memphis at Sacramento Winner?,2026-02-04,SAC,MEM,SAC,MEM,True,False,True,True,high,
KXNBAGAME-26FEB04MINTOR-TOR,Minnesota at Toronto Winner?,2026-02-04,TOR,MIN,TOR,MIN,True,False,True,True,high,
KXNBAGAME-26FEB04NOPMIL-MIL,New Orleans at Milwaukee Winner?,2026-02-04,MIL,NOP,MIL,NOP,True,False,True,True,high,
KXNBAGAME-26FEB04OKCSAS-SAS,Oklahoma City at San Antonio Winner?,2026-02-04,SAS,OKC,SAS,OKC,True,False,True,True,high,
KXNBAGAME-26FEB05BKNORL-ORL,Brooklyn at Orlando Winner?,2026-02-05,ORL,BKN,ORL,BKN,True,False,True,True,high,
KXNBAGAME-26FEB05CHAHOU-HOU,Charlotte at Houston Winner?,2026-02-05,HOU,CHA,HOU,CHA,True,False,True,True,high,
KXNBAGAME-26FEB05CHITOR-TOR,Chicago at Toronto Winner?,2026-02-05,TOR,CHI,TOR,CHI,True,False,True,True,high,
KXNBAGAME-26FEB05GSWPHX-PHX,Golden State at Phoenix Winner?,2026-02-05,PHX,GSW,PHX,GSW,True,False,True,True,high,
KXNBAGAME-26FEB05PHILAL-LAL,Philadelphia at Los Angeles L Winner?,2026-02-05,LAL,PHI,LAL,PHI,True,False,True,True,high,
KXNBAGAME-26FEB05SASDAL-DAL,San Antonio at Dallas Winner?,2026-02-05,DAL,SAS,DAL,SAS,True,False,True,True,high,
KXNBAGAME-26FEB05UTAATL-ATL,Utah at Atlanta Winner?,2026-02-05,ATL,UTA,ATL,UTA,True,False,True,True,high,
KXNBAGAME-26FEB05WASDET-DET,Washington at Detroit Winner?,2026-02-05,DET,WAS,DET,WAS,True,False,True,True,high,
KXNBAGAME-26FEB06INDMIL-MIL,Indiana at Milwaukee Winner?,2026-02-06,MIL,IND,MIL,IND,True,False,True,True,high,
KXNBAGAME-26FEB06LACSAC-SAC,Los Angeles C at Sacramento Winner?,2026-02-06,SAC,LAC,SAC,LAC,True,False,True,True,high,
KXNBAGAME-26FEB06MEMPOR-POR,Memphis at Portland Winner?,2026-02-06,POR,MEM,POR,MEM,True,False,True,True,high,
KXNBAGAME-26FEB06MIABOS-BOS,Miami at Boston Winner?,2026-02-06,BOS,MIA,BOS,MIA,True,False,True,True,high,
KXNBAGAME-26FEB06NOPMIN-MIN,New Orleans at Minnesota Winner?,2026-02-06,MIN,NOP,MIN,NOP,True,False,True,True,high,
KXNBAGAME-26FEB06NYKDET-DET,New York at Detroit Winner?,2026-02-06,DET,NYK,DET,NYK,True,False,True,True,high,
KXNBAGAME-26FEB07CHAATL-ATL,Charlotte at Atlanta Winner?,2026-02-07,ATL,CHA,ATL,CHA,True,False,True,True,high,
KXNBAGAME-26FEB07CLESAC-SAC,Cleveland at Sacramento Winner?,2026-02-07,SAC,CLE,SAC,CLE,True,False,True,True,high,
KXNBAGAME-26FEB07DALSAS-SAS,Dallas at San Antonio Winner?,2026-02-07,SAS,DAL,SAS,DAL,True,False,True,True,high,
KXNBAGAME-26FEB07DENCHI-CHI,Denver at Chicago Winner?,2026-02-07,CHI,DEN,CHI,DEN,True,False,True,True,high,
KXNBAGAME-26FEB07GSWLAL-LAL,Golden State at Los Angeles L Winner?,2026-02-07,LAL,GSW,LAL,GSW,True,False,True,True,high,
KXNBAGAME-26FEB07HOUOKC-OKC,Houston at Oklahoma City Winner?,2026-02-07,OKC,HOU,OKC,HOU,True,False,True,True,high,
KXNBAGAME-26FEB07MEMPOR-POR,Memphis at Portland Winner?,2026-02-07,POR,MEM,POR,MEM,True,False,True,True,high,
KXNBAGAME-26FEB07PHIPHX-PHX,Philadelphia at Phoenix Winner?,2026-02-07,PHX,PHI,PHX,PHI,True,False,True,True,high,
KXNBAGAME-26FEB07UTAORL-ORL,Utah at Orlando Winner?,2026-02-07,ORL,UTA,ORL,UTA,True,False,True,True,high,
KXNBAGAME-26FEB07WASBKN-BKN,Washington at Brooklyn Winner?,2026-02-07,BKN,WAS,BKN,WAS,True,False,True,True,high,
KXNBAGAME-26FEB08INDTOR-TOR,Indiana at Toronto Winner?,2026-02-08,TOR,IND,TOR,IND,True,False,True,True,high,
KXNBAGAME-26FEB08LACMIN-MIN,Los Angeles C at Minnesota Winner?,2026-02-08,MIN,LAC,MIN,LAC,True,False,True,True,high,
KXNBAGAME-26FEB08MIAWAS-WAS,Miami at Washington Winner?,2026-02-08,WAS,MIA,WAS,MIA,True,False,True,True,high,
KXNBAGAME-26FEB08NYKBOS-BOS,New York at Boston Winner?,2026-02-08,BOS,NYK,BOS,NYK,True,False,True,True,high,
KXNBAGAME-26FEB09ATLMIN-MIN,Atlanta at Minnesota Winner?,2026-02-09,MIN,ATL,MIN,ATL,True,False,True,True,high,
KXNBAGAME-26FEB09CHIBKN-BKN,Chicago at Brooklyn Winner?,2026-02-09,BKN,CHI,BKN,CHI,True,False,True,True,high,
KXNBAGAME-26FEB09CLEDEN-DEN,Cleveland at Denver Winner?,2026-02-09,DEN,CLE,DEN,CLE,True,False,True,True,high,
KXNBAGAME-26FEB09DETCHA-CHA,Detroit at Charlotte Winner?,2026-02-09,CHA,DET,CHA,DET,True,False,True,True,high,
KXNBAGAME-26FEB09MEMGSW-GSW,Memphis at Golden State Winner?,2026-02-09,GSW,MEM,GSW,MEM,True,False,True,True,high,
KXNBAGAME-26FEB09MILORL-ORL,Milwaukee at Orlando Winner?,2026-02-09,ORL,MIL,ORL,MIL,True,False,True,True,high,
KXNBAGAME-26FEB09OKCLAL-LAL,Oklahoma City at Los Angeles L Winner?,2026-02-09,LAL,OKC,LAL,OKC,True,False,True,True,high,
KXNBAGAME-26FEB09PHIPOR-POR,Philadelphia at Portland Winner?,2026-02-09,POR,PHI,POR,PHI,True,False,True,True,high,
KXNBAGAME-26FEB09SACNOP-NOP,Sacramento at New Orleans Winner?,2026-02-09,NOP,SAC,NOP,SAC,True,False,True,True,high,
KXNBAGAME-26FEB09UTAMIA-MIA,Utah at Miami Winner?,2026-02-09,MIA,UTA,MIA,UTA,True,False,True,True,high,
KXNBAGAME-26FEB10DALPHX-PHX,Dallas at Phoenix Winner?,2026-02-10,PHX,DAL,PHX,DAL,True,False,True,True,high,
KXNBAGAME-26FEB10INDNYK-NYK,Indiana at New York Winner?,2026-02-10,NYK,IND,NYK,IND,True,False,True,True,high,
KXNBAGAME-26FEB10LACHOU-HOU,Los Angeles C at Houston Winner?,2026-02-10,HOU,LAC,HOU,LAC,True,False,True,True,high,
KXNBAGAME-26FEB10SASLAL-LAL,San Antonio at Los Angeles L Winner?,2026-02-10,LAL,SAS,LAL,SAS,True,False,True,True,high,
KXNBAGAME-26FEB11ATLCHA-CHA,Atlanta at Charlotte Winner?,2026-02-11,CHA,ATL,CHA,ATL,True,False,True,True,high,
KXNBAGAME-26FEB11CHIBOS-BOS,Chicago at Boston Winner?,2026-02-11,BOS,CHI,BOS,CHI,True,False,True,True,high,
KXNBAGAME-26FEB11DETTOR-TOR,Detroit at Toronto Winner?,2026-02-11,TOR,DET,TOR,DET,True,False,True,True,high,
KXNBAGAME-26FEB11INDBKN-BKN,Indiana at Brooklyn Winner?,2026-02-11,BKN,IND,BKN,IND,True,False,True,True,high,
KXNBAGAME-26FEB11LACHOU-HOU,Los Angeles C at Houston Winner?,2026-02-11,HOU,LAC,HOU,LAC,True,False,True,True,high,
KXNBAGAME-26FEB11MEMDEN-DEN,Memphis at Denver Winner?,2026-02-11,DEN,MEM,DEN,MEM,True,False,True,True,high,
KXNBAGAME-26FEB11MIANOP-NOP,Miami at New Orleans Winner?,2026-02-11,NOP,MIA,NOP,MIA,True,False,True,True,high,
KXNBAGAME-26FEB11MILORL-ORL,Milwaukee at Orlando Winner?,2026-02-11,ORL,MIL,ORL,MIL,True,False,True,True,high,
KXNBAGAME-26FEB11NYKPHI-PHI,New York at Philadelphia Winner?,2026-02-11,PHI,NYK,PHI,NYK,True,False,True,True,high,
KXNBAGAME-26FEB11OKCPHX-PHX,Oklahoma City at Phoenix Winner?,2026-02-11,PHX,OKC,PHX,OKC,True,False,True,True,high,
KXNBAGAME-26FEB11PORMIN-MIN,Portland at Minnesota Winner?,2026-02-11,MIN,POR,MIN,POR,True,False,True,True,high,
KXNBAGAME-26FEB11SACUTA-UTA,Sacramento at Utah Winner?,2026-02-11,UTA,SAC,UTA,SAC,True,False,True,True,high,
KXNBAGAME-26FEB11SASGSW-GSW,San Antonio at Golden State Winner?,2026-02-11,GSW,SAS,GSW,SAS,True,False,True,True,high,
KXNBAGAME-26FEB11WASCLE-CLE,Washington at Cleveland Winner?,2026-02-11,CLE,WAS,CLE,WAS,True,False,True,True,high,
KXNBAGAME-26FEB12DALLAL-LAL,Dallas at Los Angeles L Winner?,2026-02-12,LAL,DAL,LAL,DAL,True,False,True,True,high,
KXNBAGAME-26FEB12MILOKC-OKC,Milwaukee at Oklahoma City Winner?,2026-02-12,OKC,MIL,OKC,MIL,True,False,True,True,high,
KXNBAGAME-26FEB12PORUTA-UTA,Portland at Utah Winner?,2026-02-12,UTA,POR,UTA,POR,True,False,True,True,high,
KXNBAGAME-26FEB19ATLPHI-PHI,Atlanta at Philadelphia Winner?,2026-02-19,PHI,ATL,PHI,ATL,True,False,True,True,high,
KXNBAGAME-26FEB19BKNCLE-CLE,Brooklyn at Cleveland Winner?,2026-02-19,CLE,BKN,CLE,BKN,True,False,True,True,high,
KXNBAGAME-26FEB19BOSGSW-GSW,Boston at Golden State Winner?,2026-02-19,GSW,BOS,GSW,BOS,True,False,True,True,high,
KXNBAGAME-26FEB19DENLAC-LAC,Denver at Los Angeles C Winner?,2026-02-19,LAC,DEN,LAC,DEN,True,False,True,True,high,
KXNBAGAME-26FEB19DETNYK-NYK,Detroit at New York Winner?,2026-02-19,NYK,DET,NYK,DET,True,False,True,True,high,
KXNBAGAME-26FEB19HOUCHA-CHA,Houston at Charlotte Winner?,2026-02-19,CHA,HOU,CHA,HOU,True,False,True,True,high,
KXNBAGAME-26FEB19INDWAS-WAS,Indiana at Washington Winner?,2026-02-19,WAS,IND,WAS,IND,True,False,True,True,high,
KXNBAGAME-26FEB19ORLSAC-SAC,Orlando at Sacramento Winner?,2026-02-19,SAC,ORL,SAC,ORL,True,False,True,True,high,
KXNBAGAME-26FEB19PHXSAS-SAS,Phoenix at San Antonio Winner?,2026-02-19,SAS,PHX,SAS,PHX,True,False,True,True,high,
KXNBAGAME-26FEB19TORCHI-CHI,Toronto at Chicago Winner?,2026-02-19,CHI,TOR,CHI,TOR,True,False,True,True,high,
KXNBAGAME-26FEB20BKNOKC-OKC,Brooklyn at Oklahoma City Winner?,2026-02-20,OKC,BKN,OKC,BKN,True,False,True,True,high,
KXNBAGAME-26FEB20CLECHA-CHA,Cleveland at Charlotte Winner?,2026-02-20,CHA,CLE,CHA,CLE,True,False,True,True,high,
KXNBAGAME-26FEB20DALMIN-MIN,Dallas at Minnesota Winner?,2026-02-20,MIN,DAL,MIN,DAL,True,False,True,True,high,
KXNBAGAME-26FEB20DENPOR-POR,Denver at Portland Winner?,2026-02-20,POR,DEN,POR,DEN,True,False,True,True,high,
KXNBAGAME-26FEB20INDWAS-WAS,Indiana at Washington Winner?,2026-02-20,WAS,IND,WAS,IND,True,False,True,True,high,
KXNBAGAME-26FEB20LACLAL-LAL,Los Angeles C at Los Angeles L Winner?,2026-02-20,LAL,LAC,LAL,LAC,True,False,True,True,high,
KXNBAGAME-26FEB20MIAATL-ATL,Miami at Atlanta Winner?,2026-02-20,ATL,MIA,ATL,MIA,True,False,True,True,high,
KXNBAGAME-26FEB20MILNOP-NOP,Milwaukee at New Orleans Winner?,2026-02-20,NOP,MIL,NOP,MIL,True,False,True,True,high,
KXNBAGAME-26FEB20UTAMEM-MEM,Utah at Memphis Winner?,2026-02-20,MEM,UTA,MEM,UTA,True,False,True,True,high,
KXNBAGAME-26FEB21DETCHI-CHI,Detroit at Chicago Winner?,2026-02-21,CHI,DET,CHI,DET,True,False,True,True,high,
KXNBAGAME-26FEB21HOUNYK-NYK,Houston at New York Winner?,2026-02-21,NYK,HOU,NYK,HOU,True,False,True,True,high,
KXNBAGAME-26FEB21MEMMIA-MIA,Memphis at Miami Winner?,2026-02-21,MIA,MEM,MIA,MEM,True,False,True,True,high,
KXNBAGAME-26FEB21ORLPHX-PHX,Orlando at Phoenix Winner?,2026-02-21,PHX,ORL,PHX,ORL,True,False,True,True,high,
KXNBAGAME-26FEB21PHINOP-NOP,Philadelphia at New Orleans Winner?,2026-02-21,NOP,PHI,NOP,PHI,True,False,True,True,high,
KXNBAGAME-26FEB21SACSAS-SAS,Sacramento at San Antonio Winner?,2026-02-21,SAS,SAC,SAS,SAC,True,False,True,True,high,
KXNBAGAME-26FEB22BKNATL-ATL,Brooklyn at Atlanta Winner?,2026-02-22,ATL,BKN,ATL,BKN,True,False,True,True,high,
KXNBAGAME-26FEB22BOSLAL-LAL,Boston at Los Angeles L Winner?,2026-02-22,LAL,BOS,LAL,BOS,True,False,True,True,high,
KXNBAGAME-26FEB22CHAWAS-WAS,Charlotte at Washington Winner?,2026-02-22,WAS,CHA,WAS,CHA,True,False,True,True,high,
KXNBAGAME-26FEB22CLEOKC-OKC,Cleveland at Oklahoma City Winner?,2026-02-22,OKC,CLE,OKC,CLE,True,False,True,True,high,
KXNBAGAME-26FEB22DALIND-IND,Dallas at Indiana Winner?,2026-02-22,IND,DAL,IND,DAL,True,False,True,True,high,
KXNBAGAME-26FEB22DENGSW-GSW,Denver at Golden State Winner?,2026-02-22,GSW,DEN,GSW,DEN,True,False,True,True,high,
KXNBAGAME-26FEB22NYKCHI-CHI,New York at Chicago Winner?,2026-02-22,CHI,NYK,CHI,NYK,True,False,True,True,high,
KXNBAGAME-26FEB22ORLLAC-LAC,Orlando at Los Angeles C Winner?,2026-02-22,LAC,ORL,LAC,ORL,True,False,True,True,high,
KXNBAGAME-26FEB22PHIMIN-MIN,Philadelphia at Minnesota Winner?,2026-02-22,MIN,PHI,MIN,PHI,True,False,True,True,high,
KXNBAGAME-26FEB22PORPHX-PHX,Portland at Phoenix Winner?,2026-02-22,PHX,POR,PHX,POR,True,False,True,True,high,
KXNBAGAME-26FEB22TORMIL-MIL,Toronto at Milwaukee Winner?,2026-02-22,MIL,TOR,MIL,TOR,True,False,True,True,high,
KXNBAGAME-26FEB23SACMEM-MEM,Sacramento at Memphis Winner?,2026-02-23,MEM,SAC,MEM,SAC,True,False,True,True,high,
KXNBAGAME-26FEB23SASDET-DET,San Antonio at Detroit Winner?,2026-02-23,DET,SAS,DET,SAS,True,False,True,True,high,
KXNBAGAME-26FEB23UTAHOU-HOU,Utah at Houston Winner?,2026-02-23,HOU,UTA,HOU,UTA,True,False,True,True,high,
KXNBAGAME-26FEB24BOSPHX-PHX,Boston at Phoenix Winner?,2026-02-24,PHX,BOS,PHX,BOS,True,False,True,True,high,
KXNBAGAME-26FEB24CHACHI-CHI,Charlotte at Chicago Winner?,2026-02-24,CHI,CHA,CHI,CHA,True,False,True,True,high,
KXNBAGAME-26FEB24DALBKN-BKN,Dallas at Brooklyn Winner?,2026-02-24,BKN,DAL,BKN,DAL,True,False,True,True,high,
KXNBAGAME-26FEB24GSWNOP-NOP,Golden State at New Orleans Winner?,2026-02-24,NOP,GSW,NOP,GSW,True,False,True,True,high,
KXNBAGAME-26FEB24MIAMIL-MIL,Miami at Milwaukee Winner?,2026-02-24,MIL,MIA,MIL,MIA,True,False,True,True,high,
KXNBAGAME-26FEB24MINPOR-POR,Minnesota at Portland Winner?,2026-02-24,POR,MIN,POR,MIN,True,False,True,True,high,
KXNBAGAME-26FEB24NYKCLE-CLE,New York at Cleveland Winner?,2026-02-24,CLE,NYK,CLE,NYK,True,False,True,True,high,
KXNBAGAME-26FEB24OKCTOR-TOR,Oklahoma City at Toronto Winner?,2026-02-24,TOR,OKC,TOR,OKC,True,False,True,True,high,
KXNBAGAME-26FEB24ORLLAL-LAL,Orlando at Los Angeles L Winner?,2026-02-24,LAL,ORL,LAL,ORL,True,False,True,True,high,
KXNBAGAME-26FEB24PHIIND-IND,Philadelphia at Indiana Winner?,2026-02-24,IND,PHI,IND,PHI,True,False,True,True,high,
KXNBAGAME-26FEB24WASATL-ATL,Washington at Atlanta Winner?,2026-02-24,ATL,WAS,ATL,WAS,True,False,True,True,high,
KXNBAGAME-26FEB25BOSDEN-DEN,Boston at Denver Winner?,2026-02-25,DEN,BOS,DEN,BOS,True,False,True,True,high,
KXNBAGAME-26FEB25CLEMIL-MIL,Cleveland at Milwaukee Winner?,2026-02-25,MIL,CLE,MIL,CLE,True,False,True,True,high,
KXNBAGAME-26FEB25GSWMEM-MEM,Golden State at Memphis Winner?,2026-02-25,MEM,GSW,MEM,GSW,True,False,True,True,high,
KXNBAGAME-26FEB25OKCDET-DET,Oklahoma City at Detroit Winner?,2026-02-25,DET,OKC,DET,OKC,True,False,True,True,high,
KXNBAGAME-26FEB25SACHOU-HOU,Sacramento at Houston Winner?,2026-02-25,HOU,SAC,HOU,SAC,True,False,True,True,high,
KXNBAGAME-26FEB25SASTOR-TOR,San Antonio at Toronto Winner?,2026-02-25,TOR,SAS,TOR,SAS,True,False,True,True,high,
KXNBAGAME-26FEB26CHAIND-IND,Charlotte at Indiana Winner?,2026-02-26,IND,CHA,IND,CHA,True,False,True,True,high,
KXNBAGAME-26FEB26HOUORL-ORL,Houston at Orlando Winner?,2026-02-26,ORL,HOU,ORL,HOU,True,False,True,True,high,
KXNBAGAME-26FEB26LALPHX-PHX,Los Angeles L at Phoenix Winner?,2026-02-26,PHX,LAL,PHX,LAL,True,False,True,True,high,
KXNBAGAME-26FEB26MIAPHI-PHI,Miami at Philadelphia Winner?,2026-02-26,PHI,MIA,PHI,MIA,True,False,True,True,high,
KXNBAGAME-26FEB26MINLAC-LAC,Minnesota at Los Angeles C Winner?,2026-02-26,LAC,MIN,LAC,MIN,True,False,True,True,high,
KXNBAGAME-26FEB26NOPUTA-UTA,New Orleans at Utah Winner?,2026-02-26,UTA,NOP,UTA,NOP,True,False,True,True,high,
KXNBAGAME-26FEB26PORCHI-CHI,Portland at Chicago Winner?,2026-02-26,CHI,POR,CHI,POR,True,False,True,True,high,
KXNBAGAME-26FEB26SACDAL-DAL,Sacramento at Dallas Winner?,2026-02-26,DAL,SAC,DAL,SAC,True,False,True,True,high,
KXNBAGAME-26FEB26SASBKN-BKN,San Antonio at Brooklyn Winner?,2026-02-26,BKN,SAS,BKN,SAS,True,False,True,True,high,
KXNBAGAME-26FEB26WASATL-ATL,Washington at Atlanta Winner?,2026-02-26,ATL,WAS,ATL,WAS,True,False,True,True,high,
KXNBAGAME-26FEB27BKNBOS-BOS,Brooklyn at Boston Winner?,2026-02-27,BOS,BKN,BOS,BKN,True,False,True,True,high,
KXNBAGAME-26FEB27CLEDET-DET,Cleveland at Detroit Winner?,2026-02-27,DET,CLE,DET,CLE,True,False,True,True,high,
KXNBAGAME-26FEB27DENOKC-OKC,Denver at Oklahoma City Winner?,2026-02-27,OKC,DEN,OKC,DEN,True,False,True,True,high,
KXNBAGAME-26FEB27MEMDAL-DAL,Memphis at Dallas Winner?,2026-02-27,DAL,MEM,DAL,MEM,True,False,True,True,high,
KXNBAGAME-26FEB27NYKMIL-MIL,New York at Milwaukee Winner?,2026-02-27,MIL,NYK,MIL,NYK,True,False,True,True,high,
KXNBAGAME-26FEB28HOUMIA-MIA,Houston at Miami Winner?,2026-02-28,MIA,HOU,MIA,HOU,True,False,True,True,high,
KXNBAGAME-26FEB28LALGSW-GSW,Los Angeles L at Golden State Winner?,2026-02-28,GSW,LAL,GSW,LAL,True,False,True,True,high,
KXNBAGAME-26FEB28NOPUTA-UTA,New Orleans at Utah Winner?,2026-02-28,UTA,NOP,UTA,NOP,True,False,True,True,high,
KXNBAGAME-26FEB28PORCHA-CHA,Portland at Charlotte Winner?,2026-02-28,CHA,POR,CHA,POR,True,False,True,True,high,
KXNBAGAME-26FEB28TORWAS-WAS,Toronto at Washington Winner?,2026-02-28,WAS,TOR,WAS,TOR,True,False,True,True,high,
KXNBAGAME-26MAR01CLEBKN-BKN,Cleveland at Brooklyn Winner?,2026-03-01,BKN,CLE,BKN,CLE,True,False,True,True,high,
KXNBAGAME-26MAR01DETORL-ORL,Detroit at Orlando Winner?,2026-03-01,ORL,DET,ORL,DET,True,False,True,True,high,
KXNBAGAME-26MAR01MEMIND-IND,Memphis at Indiana Winner?,2026-03-01,IND,MEM,IND,MEM,True,False,True,True,high,
KXNBAGAME-26MAR01MILCHI-CHI,Milwaukee at Chicago Winner?,2026-03-01,CHI,MIL,CHI,MIL,True,False,True,True,high,
KXNBAGAME-26MAR01MINDEN-DEN,Minnesota at Denver Winner?,2026-03-01,DEN,MIN,DEN,MIN,True,False,True,True,high,
KXNBAGAME-26MAR01NOPLAC-LAC,New Orleans at Los Angeles C Winner?,2026-03-01,LAC,NOP,LAC,NOP,True,False,True,True,high,
KXNBAGAME-26MAR01OKCDAL-DAL,Oklahoma City at Dallas Winner?,2026-03-01,DAL,OKC,DAL,OKC,True,False,True,True,high,
KXNBAGAME-26MAR01PHIBOS-BOS,Philadelphia at Boston Winner?,2026-03-01,BOS,PHI,BOS,PHI,True,False,True,True,high,
KXNBAGAME-26MAR01PORATL-ATL,Portland at Atlanta Winner?,2026-03-01,ATL,POR,ATL,POR,True,False,True,True,high,
KXNBAGAME-26MAR01SACLAL-LAL,Sacramento at Los Angeles L Winner?,2026-03-01,LAL,SAC,LAL,SAC,True,False,True,True,high,
KXNBAGAME-26MAR01SASNYK-NYK,San Antonio at New York Winner?,2026-03-01,NYK,SAS,NYK,SAS,True,False,True,True,high,
KXNBAGAME-26MAR02BOSMIL-MIL,Boston at Milwaukee Winner?,2026-03-02,MIL,BOS,MIL,BOS,True,False,True,True,high,
KXNBAGAME-26MAR02DENUTA-UTA,Denver at Utah Winner?,2026-03-02,UTA,DEN,UTA,DEN,True,False,True,True,high,
KXNBAGAME-26MAR02HOUWAS-WAS,Houston at Washington Winner?,2026-03-02,WAS,HOU,WAS,HOU,True,False,True,True,high,
KXNBAGAME-26MAR02LACGSW-GSW,Los Angeles C at Golden State Winner?,2026-03-02,GSW,LAC,GSW,LAC,True,False,True,True,high,
KXNBAGAME-26MAR03BKNMIA-MIA,Brooklyn at Miami Winner?,2026-03-03,MIA,BKN,MIA,BKN,True,False,True,True,high,
KXNBAGAME-26MAR03DALCHA-CHA,Dallas at Charlotte Winner?,2026-03-03,CHA,DAL,CHA,DAL,True,False,True,True,high,
KXNBAGAME-26MAR03DETCLE-CLE,Detroit at Cleveland Winner?,2026-03-03,CLE,DET,CLE,DET,True,False,True,True,high,
KXNBAGAME-26MAR03MEMMIN-MIN,Memphis at Minnesota Winner?,2026-03-03,MIN,MEM,MIN,MEM,True,False,True,True,high,
KXNBAGAME-26MAR03NOPLAL-LAL,New Orleans at Los Angeles L Winner?,2026-03-03,LAL,NOP,LAL,NOP,True,False,True,True,high,
KXNBAGAME-26MAR03NYKTOR-TOR,New York at Toronto Winner?,2026-03-03,TOR,NYK,TOR,NYK,True,False,True,True,high,
KXNBAGAME-26MAR03OKCCHI-CHI,Oklahoma City at Chicago Winner?,2026-03-03,CHI,OKC,CHI,OKC,True,False,True,True,high,
KXNBAGAME-26MAR03PHXSAC-SAC,Phoenix at Sacramento Winner?,2026-03-03,SAC,PHX,SAC,PHX,True,False,True,True,high,
KXNBAGAME-26MAR03SASPHI-PHI,San Antonio at Philadelphia Winner?,2026-03-03,PHI,SAS,PHI,SAS,True,False,True,True,high,
KXNBAGAME-26MAR03WASORL-ORL,Washington at Orlando Winner?,2026-03-03,ORL,WAS,ORL,WAS,True,False,True,True,high,
KXNBAGAME-26MAR04ATLMIL-MIL,Atlanta at Milwaukee Winner?,2026-03-04,MIL,ATL,MIL,ATL,True,False,True,True,high,
KXNBAGAME-26MAR04CHABOS-BOS,Charlotte at Boston Winner?,2026-03-04,BOS,CHA,BOS,CHA,True,False,True,True,high,
KXNBAGAME-26MAR04INDLAC-LAC,Indiana at Los Angeles C Winner?,2026-03-04,LAC,IND,LAC,IND,True,False,True,True,high,
KXNBAGAME-26MAR04OKCNYK-NYK,Oklahoma City at New York Winner?,2026-03-04,NYK,OKC,NYK,OKC,True,False,True,True,high,
KXNBAGAME-26MAR04PORMEM-MEM,Portland at Memphis Winner?,2026-03-04,MEM,POR,MEM,POR,True,False,True,True,high,
KXNBAGAME-26MAR04UTAPHI-PHI,Utah at Philadelphia Winner?,2026-03-04,PHI,UTA,PHI,UTA,True,False,True,True,high,
KXNBAGAME-26MAR05BKNMIA-MIA,Brooklyn at Miami Winner?,2026-03-05,MIA,BKN,MIA,BKN,True,False,True,True,high,
KXNBAGAME-26MAR05CHIPHX-PHX,Chicago at Phoenix Winner?,2026-03-05,PHX,CHI,PHX,CHI,True,False,True,True,high,
KXNBAGAME-26MAR05DALORL-ORL,Dallas at Orlando Winner?,2026-03-05,ORL,DAL,ORL,DAL,True,False,True,True,high,
KXNBAGAME-26MAR05DETSAS-SAS,Detroit at San Antonio Winner?,2026-03-05,SAS,DET,SAS,DET,True,False,True,True,high,
KXNBAGAME-26MAR05GSWHOU-HOU,Golden State at Houston Winner?,2026-03-05,HOU,GSW,HOU,GSW,True,False,True,True,high,
KXNBAGAME-26MAR05LALDEN-DEN,Los Angeles L at Denver Winner?,2026-03-05,DEN,LAL,DEN,LAL,True,False,True,True,high,
KXNBAGAME-26MAR05NOPSAC-SAC,New Orleans at Sacramento Winner?,2026-03-05,SAC,NOP,SAC,NOP,True,False,True,True,high,
KXNBAGAME-26MAR05TORMIN-MIN,Toronto at Minnesota Winner?,2026-03-05,MIN,TOR,MIN,TOR,True,False,True,True,high,
KXNBAGAME-26MAR05UTAWAS-WAS,Utah at Washington Winner?,2026-03-05,WAS,UTA,WAS,UTA,True,False,True,True,high,
KXNBAGAME-26MAR06DALBOS-BOS,Dallas at Boston Winner?,2026-03-06,BOS,DAL,BOS,DAL,True,False,True,True,high,
KXNBAGAME-26MAR06INDLAL-LAL,Indiana at Los Angeles L Winner?,2026-03-06,LAL,IND,LAL,IND,True,False,True,True,high,
KXNBAGAME-26MAR06LACSAS-SAS,Los Angeles C at San Antonio Winner?,2026-03-06,SAS,LAC,SAS,LAC,True,False,True,True,high,
KXNBAGAME-26MAR06MIACHA-CHA,Miami at Charlotte Winner?,2026-03-06,CHA,MIA,CHA,MIA,True,False,True,True,high,
KXNBAGAME-26MAR06NOPPHX-PHX,New Orleans at Phoenix Winner?,2026-03-06,PHX,NOP,PHX,NOP,True,False,True,True,high,
KXNBAGAME-26MAR06NYKDEN-DEN,New York at Denver Winner?,2026-03-06,DEN,NYK,DEN,NYK,True,False,True,True,high,
KXNBAGAME-26MAR06PORHOU-HOU,Portland at Houston Winner?,2026-03-06,HOU,POR,HOU,POR,True,False,True,True,high,
KXNBAGAME-26MAR07BKNDET-DET,Brooklyn at Detroit Winner?,2026-03-07,DET,BKN,DET,BKN,True,False,True,True,high,
KXNBAGAME-26MAR07GSWOKC-OKC,Golden State at Oklahoma City Winner?,2026-03-07,OKC,GSW,OKC,GSW,True,False,True,True,high,
KXNBAGAME-26MAR07LACMEM-MEM,Los Angeles C at Memphis Winner?,2026-03-07,MEM,LAC,MEM,LAC,True,False,True,True,high,
KXNBAGAME-26MAR07ORLMIN-MIN,Orlando at Minnesota Winner?,2026-03-07,MIN,ORL,MIN,ORL,True,False,True,True,high,
KXNBAGAME-26MAR07PHIATL-ATL,Philadelphia at Atlanta Winner?,2026-03-07,ATL,PHI,ATL,PHI,True,False,True,True,high,
KXNBAGAME-26MAR07UTAMIL-MIL,Utah at Milwaukee Winner?,2026-03-07,MIL,UTA,MIL,UTA,True,False,True,True,high,
KXNBAGAME-26MAR08BOSCLE-CLE,Boston at Cleveland Winner?,2026-03-08,CLE,BOS,CLE,BOS,True,False,True,True,high,
KXNBAGAME-26MAR08CHAPHX-PHX,Charlotte at Phoenix Winner?,2026-03-08,PHX,CHA,PHX,CHA,True,False,True,True,high,
KXNBAGAME-26MAR08CHISAC-SAC,Chicago at Sacramento Winner?,2026-03-08,SAC,CHI,SAC,CHI,True,False,True,True,high,
KXNBAGAME-26MAR08DALTOR-TOR,Dallas at Toronto Winner?,2026-03-08,TOR,DAL,TOR,DAL,True,False,True,True,high,
KXNBAGAME-26MAR08DETMIA-MIA,Detroit at Miami Winner?,2026-03-08,MIA,DET,MIA,DET,True,False,True,True,high,
KXNBAGAME-26MAR08HOUSAS-SAS,Houston at San Antonio Winner?,2026-03-08,SAS,HOU,SAS,HOU,True,False,True,True,high,
KXNBAGAME-26MAR08INDPOR-POR,Indiana at Portland Winner?,2026-03-08,POR,IND,POR,IND,True,False,True,True,high,
KXNBAGAME-26MAR08NYKLAL-LAL,New York at Los Angeles L Winner?,2026-03-08,LAL,NYK,LAL,NYK,True,False,True,True,high,
KXNBAGAME-26MAR08ORLMIL-MIL,Orlando at Milwaukee Winner?,2026-03-08,MIL,ORL,MIL,ORL,True,False,True,True,high,
KXNBAGAME-26MAR08WASNOP-NOP,Washington at New Orleans Winner?,2026-03-08,NOP,WAS,NOP,WAS,True,False,True,True,high,
KXNBAGAME-26MAR09DENOKC-OKC,Denver at Oklahoma City Winner?,2026-03-09,OKC,DEN,OKC,DEN,True,False,True,True,high,
KXNBAGAME-26MAR09GSWUTA-UTA,Golden State at Utah Winner?,2026-03-09,UTA,GSW,UTA,GSW,True,False,True,True,high,
KXNBAGAME-26MAR09MEMBKN-BKN,Memphis at Brooklyn Winner?,2026-03-09,BKN,MEM,BKN,MEM,True,False,True,True,high,
KXNBAGAME-26MAR09NYKLAC-LAC,New York at Los Angeles C Winner?,2026-03-09,LAC,NYK,LAC,NYK,True,False,True,True,high,
KXNBAGAME-26MAR09PHICLE-CLE,Philadelphia at Cleveland Winner?,2026-03-09,CLE,PHI,CLE,PHI,True,False,True,True,high,
KXNBAGAME-26MAR10BOSSAS-SAS,Boston at San Antonio Winner?,2026-03-10,SAS,BOS,SAS,BOS,True,False,True,True,high,
KXNBAGAME-26MAR10CHAPOR-POR,Charlotte at Portland Winner?,2026-03-10,POR,CHA,POR,CHA,True,False,True,True,high,
KXNBAGAME-26MAR10CHIGSW-GSW,Chicago at Golden State Winner?,2026-03-10,GSW,CHI,GSW,CHI,True,False,True,True,high,
KXNBAGAME-26MAR10DALATL-ATL,Dallas at Atlanta Winner?,2026-03-10,ATL,DAL,ATL,DAL,True,False,True,True,high,
KXNBAGAME-26MAR10DETBKN-BKN,Detroit at Brooklyn Winner?,2026-03-10,BKN,DET,BKN,DET,True,False,True,True,high,
KXNBAGAME-26MAR10INDSAC-SAC,Indiana at Sacramento Winner?,2026-03-10,SAC,IND,SAC,IND,True,False,True,True,high,
KXNBAGAME-26MAR10MEMPHI-PHI,Memphis at Philadelphia Winner?,2026-03-10,PHI,MEM,PHI,MEM,True,False,True,True,high,
KXNBAGAME-26MAR10MINLAL-LAL,Minnesota at Los Angeles L Winner?,2026-03-10,LAL,MIN,LAL,MIN,True,False,True,True,high,
KXNBAGAME-26MAR10PHXMIL-MIL,Phoenix at Milwaukee Winner?,2026-03-10,MIL,PHX,MIL,PHX,True,False,True,True,high,
KXNBAGAME-26MAR10TORHOU-HOU,Toronto at Houston Winner?,2026-03-10,HOU,TOR,HOU,TOR,True,False,True,True,high,
KXNBAGAME-26MAR10WASMIA-MIA,Washington at Miami Winner?,2026-03-10,MIA,WAS,MIA,WAS,True,False,True,True,high,
KXNBAGAME-26MAR11CHASAC-SAC,Charlotte at Sacramento Winner?,2026-03-11,SAC,CHA,SAC,CHA,True,False,True,True,high,
KXNBAGAME-26MAR11CLEORL-ORL,Cleveland at Orlando Winner?,2026-03-11,ORL,CLE,ORL,CLE,True,False,True,True,high,
KXNBAGAME-26MAR11HOUDEN-DEN,Houston at Denver Winner?,2026-03-11,DEN,HOU,DEN,HOU,True,False,True,True,high,
KXNBAGAME-26MAR11MINLAC-LAC,Minnesota at Los Angeles C Winner?,2026-03-11,LAC,MIN,LAC,MIN,True,False,True,True,high,
KXNBAGAME-26MAR11NYKUTA-UTA,New York at Utah Winner?,2026-03-11,UTA,NYK,UTA,NYK,True,False,True,True,high,
KXNBAGAME-26MAR11TORNOP-NOP,Toronto at New Orleans Winner?,2026-03-11,NOP,TOR,NOP,TOR,True,False,True,True,high,
KXNBAGAME-26MAR12BKNATL-ATL,Brooklyn at Atlanta Winner?,2026-03-12,ATL,BKN,ATL,BKN,True,False,True,True,high,
KXNBAGAME-26MAR12BOSOKC-OKC,Boston at Oklahoma City Winner?,2026-03-12,OKC,BOS,OKC,BOS,True,False,True,True,high,
KXNBAGAME-26MAR12CHILAL-LAL,Chicago at Los Angeles L Winner?,2026-03-12,LAL,CHI,LAL,CHI,True,False,True,True,high,
KXNBAGAME-26MAR12DALMEM-MEM,Dallas at Memphis Winner?,2026-03-12,MEM,DAL,MEM,DAL,True,False,True,True,high,
KXNBAGAME-26MAR12DENSAS-SAS,Denver at San Antonio Winner?,2026-03-12,SAS,DEN,SAS,DEN,True,False,True,True,high,
KXNBAGAME-26MAR12MILMIA-MIA,Milwaukee at Miami Winner?,2026-03-12,MIA,MIL,MIA,MIL,True,False,True,True,high,
KXNBAGAME-26MAR12PHIDET-DET,Philadelphia at Detroit Winner?,2026-03-12,DET,PHI,DET,PHI,True,False,True,True,high,
KXNBAGAME-26MAR12PHXIND-IND,Phoenix at Indiana Winner?,2026-03-12,IND,PHX,IND,PHX,True,False,True,True,high,
KXNBAGAME-26MAR12WASORL-ORL,Washington at Orlando Winner?,2026-03-12,ORL,WAS,ORL,WAS,True,False,True,True,high,
KXNBAGAME-26MAR13CHILAC-LAC,Chicago at Los Angeles C Winner?,2026-03-13,LAC,CHI,LAC,CHI,True,False,True,True,high,
KXNBAGAME-26MAR13CLEDAL-DAL,Cleveland at Dallas Winner?,2026-03-13,DAL,CLE,DAL,CLE,True,False,True,True,high,
KXNBAGAME-26MAR13MEMDET-DET,Memphis at Detroit Winner?,2026-03-13,DET,MEM,DET,MEM,True,False,True,True,high,
KXNBAGAME-26MAR13MINGSW-GSW,Minnesota at Golden State Winner?,2026-03-13,GSW,MIN,GSW,MIN,True,False,True,True,high,
KXNBAGAME-26MAR13NOPHOU-HOU,New Orleans at Houston Winner?,2026-03-13,HOU,NOP,HOU,NOP,True,False,True,True,high,
KXNBAGAME-26MAR13NYKIND-IND,New York at Indiana Winner?,2026-03-13,IND,NYK,IND,NYK,True,False,True,True,high,
KXNBAGAME-26MAR13PHXTOR-TOR,Phoenix at Toronto Winner?,2026-03-13,TOR,PHX,TOR,PHX,True,False,True,True,high,
KXNBAGAME-26MAR13UTAPOR-POR,Utah at Portland Winner?,2026-03-13,POR,UTA,POR,UTA,True,False,True,True,high,
KXNBAGAME-26MAR14BKNPHI-PHI,Brooklyn at Philadelphia Winner?,2026-03-14,PHI,BKN,PHI,BKN,True,False,True,True,high,
KXNBAGAME-26MAR14CHASAS-SAS,Charlotte at San Antonio Winner?,2026-03-14,SAS,CHA,SAS,CHA,True,False,True,True,high,
KXNBAGAME-26MAR14DENLAL-LAL,Denver at Los Angeles L Winner?,2026-03-14,LAL,DEN,LAL,DEN,True,False,True,True,high,
KXNBAGAME-26MAR14MILATL-ATL,Milwaukee at Atlanta Winner?,2026-03-14,ATL,MIL,ATL,MIL,True,False,True,True,high,
KXNBAGAME-26MAR14ORLMIA-MIA,Orlando at Miami Winner?,2026-03-14,MIA,ORL,MIA,ORL,True,False,True,True,high,
KXNBAGAME-26MAR14SACLAC-LAC,Sacramento at Los Angeles C Winner?,2026-03-14,LAC,SAC,LAC,SAC,True,False,True,True,high,
KXNBAGAME-26MAR14WASBOS-BOS,Washington at Boston Winner?,2026-03-14,BOS,WAS,BOS,WAS,True,False,True,True,high,
KXNBAGAME-26MAR15DALCLE-CLE,Dallas at Cleveland Winner?,2026-03-15,CLE,DAL,CLE,DAL,True,False,True,True,high,
KXNBAGAME-26MAR15DETTOR-TOR,Detroit at Toronto Winner?,2026-03-15,TOR,DET,TOR,DET,True,False,True,True,high,
KXNBAGAME-26MAR15GSWNYK-NYK,Golden State at New York Winner?,2026-03-15,NYK,GSW,NYK,GSW,True,False,True,True,high,
KXNBAGAME-26MAR15INDMIL-MIL,Indiana at Milwaukee Winner?,2026-03-15,MIL,IND,MIL,IND,True,False,True,True,high,
KXNBAGAME-26MAR15MINOKC-OKC,Minnesota at Oklahoma City Winner?,2026-03-15,OKC,MIN,OKC,MIN,True,False,True,True,high,
KXNBAGAME-26MAR15PORPHI-PHI,Portland at Philadelphia Winner?,2026-03-15,PHI,POR,PHI,POR,True,False,True,True,high,
KXNBAGAME-26MAR15UTASAC-SAC,Utah at Sacramento Winner?,2026-03-15,SAC,UTA,SAC,UTA,True,False,True,True,high,
KXNBAGAME-26MAR16DALNOP-NOP,Dallas at New Orleans Winner?,2026-03-16,NOP,DAL,NOP,DAL,True,False,True,True,high,
KXNBAGAME-26MAR16GSWWAS-WAS,Golden State at Washington Winner?,2026-03-16,WAS,GSW,WAS,GSW,True,False,True,True,high,
KXNBAGAME-26MAR16LALHOU-HOU,Los Angeles L at Houston Winner?,2026-03-16,HOU,LAL,HOU,LAL,True,False,True,True,high,
KXNBAGAME-26MAR16MEMCHI-CHI,Memphis at Chicago Winner?,2026-03-16,CHI,MEM,CHI,MEM,True,False,True,True,high,
KXNBAGAME-26MAR16ORLATL-ATL,Orlando at Atlanta Winner?,2026-03-16,ATL,ORL,ATL,ORL,True,False,True,True,high,
KXNBAGAME-26MAR16PHXBOS-BOS,Phoenix at Boston Winner?,2026-03-16,BOS,PHX,BOS,PHX,True,False,True,True,high,
KXNBAGAME-26MAR16PORBKN-BKN,Portland at Brooklyn Winner?,2026-03-16,BKN,POR,BKN,POR,True,False,True,True,high,
KXNBAGAME-26MAR16SASLAC-LAC,San Antonio at Los Angeles C Winner?,2026-03-16,LAC,SAS,LAC,SAS,True,False,True,True,high,
KXNBAGAME-26MAR17CLEMIL-MIL,Cleveland at Milwaukee Winner?,2026-03-17,MIL,CLE,MIL,CLE,True,False,True,True,high,
KXNBAGAME-26MAR17DETWAS-WAS,Detroit at Washington Winner?,2026-03-17,WAS,DET,WAS,DET,True,False,True,True,high,
KXNBAGAME-26MAR17INDNYK-NYK,Indiana at New York Winner?,2026-03-17,NYK,IND,NYK,IND,True,False,True,True,high,
KXNBAGAME-26MAR17MIACHA-CHA,Miami at Charlotte Winner?,2026-03-17,CHA,MIA,CHA,MIA,True,False,True,True,high,
KXNBAGAME-26MAR17OKCORL-ORL,Oklahoma City at Orlando Winner?,2026-03-17,ORL,OKC,ORL,OKC,True,False,True,True,high,
KXNBAGAME-26MAR17PHIDEN-DEN,Philadelphia at Denver Winner?,2026-03-17,DEN,PHI,DEN,PHI,True,False,True,True,high,
KXNBAGAME-26MAR17PHXMIN-MIN,Phoenix at Minnesota Winner?,2026-03-17,MIN,PHX,MIN,PHX,True,False,True,True,high,
KXNBAGAME-26MAR17SASSAC-SAC,San Antonio at Sacramento Winner?,2026-03-17,SAC,SAS,SAC,SAS,True,False,True,True,high,
KXNBAGAME-26MAR18ATLDAL-DAL,Atlanta at Dallas Winner?,2026-03-18,DAL,ATL,DAL,ATL,True,False,True,True,high,
KXNBAGAME-26MAR18DENMEM-MEM,Denver at Memphis Winner?,2026-03-18,MEM,DEN,MEM,DEN,True,False,True,True,high,
KXNBAGAME-26MAR18GSWBOS-BOS,Golden State at Boston Winner?,2026-03-18,BOS,GSW,BOS,GSW,True,False,True,True,high,
KXNBAGAME-26MAR18LACNOP-NOP,Los Angeles C at New Orleans Winner?,2026-03-18,NOP,LAC,NOP,LAC,True,False,True,True,high,
KXNBAGAME-26MAR18LALHOU-HOU,Los Angeles L at Houston Winner?,2026-03-18,HOU,LAL,HOU,LAL,True,False,True,True,high,
KXNBAGAME-26MAR18OKCBKN-BKN,Oklahoma City at Brooklyn Winner?,2026-03-18,BKN,OKC,BKN,OKC,True,False,True,True,high,
KXNBAGAME-26MAR18PORIND-IND,Portland at Indiana Winner?,2026-03-18,IND,POR,IND,POR,True,False,True,True,high,
KXNBAGAME-26MAR18TORCHI-CHI,Toronto at Chicago Winner?,2026-03-18,CHI,TOR,CHI,TOR,True,False,True,True,high,
KXNBAGAME-26MAR18UTAMIN-MIN,Utah at Minnesota Winner?,2026-03-18,MIN,UTA,MIN,UTA,True,False,True,True,high,
KXNBAGAME-26MAR19CLECHI-CHI,Cleveland at Chicago Winner?,2026-03-19,CHI,CLE,CHI,CLE,True,False,True,True,high,
KXNBAGAME-26MAR19DETWAS-WAS,Detroit at Washington Winner?,2026-03-19,WAS,DET,WAS,DET,True,False,True,True,high,
KXNBAGAME-26MAR19LACNOP-NOP,Los Angeles C at New Orleans Winner?,2026-03-19,NOP,LAC,NOP,LAC,True,False,True,True,high,
KXNBAGAME-26MAR19LALMIA-MIA,Los Angeles L at Miami Winner?,2026-03-19,MIA,LAL,MIA,LAL,True,False,True,True,high,
KXNBAGAME-26MAR19MILUTA-UTA,Milwaukee at Utah Winner?,2026-03-19,UTA,MIL,UTA,MIL,True,False,True,True,high,
KXNBAGAME-26MAR19ORLCHA-CHA,Orlando at Charlotte Winner?,2026-03-19,CHA,ORL,CHA,ORL,True,False,True,True,high,
KXNBAGAME-26MAR19PHISAC-SAC,Philadelphia at Sacramento Winner?,2026-03-19,SAC,PHI,SAC,PHI,True,False,True,True,high,
KXNBAGAME-26MAR19PHXSAS-SAS,Phoenix at San Antonio Winner?,2026-03-19,SAS,PHX,SAS,PHX,True,False,True,True,high,
KXNBAGAME-26MAR20ATLHOU-HOU,Atlanta at Houston Winner?,2026-03-20,HOU,ATL,HOU,ATL,True,False,True,True,high,
KXNBAGAME-26MAR20BOSMEM-MEM,Boston at Memphis Winner?,2026-03-20,MEM,BOS,MEM,BOS,True,False,True,True,high,
KXNBAGAME-26MAR20GSWDET-DET,Golden State at Detroit Winner?,2026-03-20,DET,GSW,DET,GSW,True,False,True,True,high,
KXNBAGAME-26MAR20NYKBKN-BKN,New York at Brooklyn Winner?,2026-03-20,BKN,NYK,BKN,NYK,True,False,True,True,high,
KXNBAGAME-26MAR20PORMIN-MIN,Portland at Minnesota Winner?,2026-03-20,MIN,POR,MIN,POR,True,False,True,True,high,
KXNBAGAME-26MAR20TORDEN-DEN,Toronto at Denver Winner?,2026-03-20,DEN,TOR,DEN,TOR,True,False,True,True,high,
KXNBAGAME-26MAR21CLENOP-NOP,Cleveland at New Orleans Winner?,2026-03-21,NOP,CLE,NOP,CLE,True,False,True,True,high,
KXNBAGAME-26MAR21GSWATL-ATL,Golden State at Atlanta Winner?,2026-03-21,ATL,GSW,ATL,GSW,True,False,True,True,high,
KXNBAGAME-26MAR21INDSAS-SAS,Indiana at San Antonio Winner?,2026-03-21,SAS,IND,SAS,IND,True,False,True,True,high,
KXNBAGAME-26MAR21LACDAL-DAL,Los Angeles C at Dallas Winner?,2026-03-21,DAL,LAC,DAL,LAC,True,False,True,True,high,
KXNBAGAME-26MAR21LALORL-ORL,Los Angeles L at Orlando Winner?,2026-03-21,ORL,LAL,ORL,LAL,True,False,True,True,high,
KXNBAGAME-26MAR21MIAHOU-HOU,Miami at Houston Winner?,2026-03-21,HOU,MIA,HOU,MIA,True,False,True,True,high,
KXNBAGAME-26MAR21MILPHX-PHX,Milwaukee at Phoenix Winner?,2026-03-21,PHX,MIL,PHX,MIL,True,False,True,True,high,
KXNBAGAME-26MAR21OKCWAS-WAS,Oklahoma City at Washington Winner?,2026-03-21,WAS,OKC,WAS,OKC,True,False,True,True,high,
KXNBAGAME-26MAR21PHIUTA-UTA,Philadelphia at Utah Winner?,2026-03-21,UTA,PHI,UTA,PHI,True,False,True,True,high,
KXNBAGAME-26MAR22BKNSAC-SAC,Brooklyn at Sacramento Winner?,2026-03-22,SAC,BKN,SAC,BKN,True,False,True,True,high,
KXNBAGAME-26MAR22MINBOS-BOS,Minnesota at Boston Winner?,2026-03-22,BOS,MIN,BOS,MIN,True,False,True,True,high,
KXNBAGAME-26MAR22PORDEN-DEN,Portland at Denver Winner?,2026-03-22,DEN,POR,DEN,POR,True,False,True,True,high,
KXNBAGAME-26MAR22TORPHX-PHX,Toronto at Phoenix Winner?,2026-03-22,PHX,TOR,PHX,TOR,True,False,True,True,high,
KXNBAGAME-26MAR22WASNYK-NYK,Washington at New York Winner?,2026-03-22,NYK,WAS,NYK,WAS,True,False,True,True,high,
KXNBAGAME-26MAR23BKNPOR-POR,Brooklyn at Portland Winner?,2026-03-23,POR,BKN,POR,BKN,True,False,True,True,high,
KXNBAGAME-26MAR23GSWDAL-DAL,Golden State at Dallas Winner?,2026-03-23,DAL,GSW,DAL,GSW,True,False,True,True,high,
KXNBAGAME-26MAR23HOUCHI-CHI,Houston at Chicago Winner?,2026-03-23,CHI,HOU,CHI,HOU,True,False,True,True,high,
KXNBAGAME-26MAR23INDORL-ORL,Indiana at Orlando Winner?,2026-03-23,ORL,IND,ORL,IND,True,False,True,True,high,
KXNBAGAME-26MAR23LALDET-DET,Los Angeles L at Detroit Winner?,2026-03-23,DET,LAL,DET,LAL,True,False,True,True,high,
KXNBAGAME-26MAR23MEMATL-ATL,Memphis at Atlanta Winner?,2026-03-23,ATL,MEM,ATL,MEM,True,False,True,True,high,
KXNBAGAME-26MAR23MILLAC-LAC,Milwaukee at Los Angeles C Winner?,2026-03-23,LAC,MIL,LAC,MIL,True,False,True,True,high,
KXNBAGAME-26MAR23OKCPHI-PHI,Oklahoma City at Philadelphia Winner?,2026-03-23,PHI,OKC,PHI,OKC,True,False,True,True,high,
KXNBAGAME-26MAR23SASMIA-MIA,San Antonio at Miami Winner?,2026-03-23,MIA,SAS,MIA,SAS,True,False,True,True,high,
KXNBAGAME-26MAR23TORUTA-UTA,Toronto at Utah Winner?,2026-03-23,UTA,TOR,UTA,TOR,True,False,True,True,high,
KXNBAGAME-26MAR24DENPHX-PHX,Denver at Phoenix Winner?,2026-03-24,PHX,DEN,PHX,DEN,True,False,True,True,high,
KXNBAGAME-26MAR24NOPNYK-NYK,New Orleans at New York Winner?,2026-03-24,NYK,NOP,NYK,NOP,True,False,True,True,high,
KXNBAGAME-26MAR24ORLCLE-CLE,Orlando at Cleveland Winner?,2026-03-24,CLE,ORL,CLE,ORL,True,False,True,True,high,
KXNBAGAME-26MAR24SACCHA-CHA,Sacramento at Charlotte Winner?,2026-03-24,CHA,SAC,CHA,SAC,True,False,True,True,high,
KXNBAGAME-26MAR25ATLDET-DET,Atlanta at Detroit Winner?,2026-03-25,DET,ATL,DET,ATL,True,False,True,True,high,
KXNBAGAME-26MAR25BKNGSW-GSW,Brooklyn at Golden State Winner?,2026-03-25,GSW,BKN,GSW,BKN,True,False,True,True,high,
KXNBAGAME-26MAR25CHIPHI-PHI,Chicago at Philadelphia Winner?,2026-03-25,PHI,CHI,PHI,CHI,True,False,True,True,high,
KXNBAGAME-26MAR25DALDEN-DEN,Dallas at Denver Winner?,2026-03-25,DEN,DAL,DEN,DAL,True,False,True,True,high,
KXNBAGAME-26MAR25HOUMIN-MIN,Houston at Minnesota Winner?,2026-03-25,MIN,HOU,MIN,HOU,True,False,True,True,high,
KXNBAGAME-26MAR25LALIND-IND,Los Angeles L at Indiana Winner?,2026-03-25,IND,LAL,IND,LAL,True,False,True,True,high,
KXNBAGAME-26MAR25MIACLE-CLE,Miami at Cleveland Winner?,2026-03-25,CLE,MIA,CLE,MIA,True,False,True,True,high,
KXNBAGAME-26MAR25MILPOR-POR,Milwaukee at Portland Winner?,2026-03-25,POR,MIL,POR,MIL,True,False,True,True,high,
KXNBAGAME-26MAR25OKCBOS-BOS,Oklahoma City at Boston Winner?,2026-03-25,BOS,OKC,BOS,OKC,True,False,True,True,high,
KXNBAGAME-26MAR25SASMEM-MEM,San Antonio at Memphis Winner?,2026-03-25,MEM,SAS,MEM,SAS,True,False,True,True,high,
KXNBAGAME-26MAR25TORLAC-LAC,Toronto at Los Angeles C Winner?,2026-03-25,LAC,TOR,LAC,TOR,True,False,True,True,high,
KXNBAGAME-26MAR25WASUTA-UTA,Washington at Utah Winner?,2026-03-25,UTA,WAS,UTA,WAS,True,False,True,True,high,
KXNBAGAME-26MAR26NOPDET-DET,New Orleans at Detroit Winner?,2026-03-26,DET,NOP,DET,NOP,True,False,True,True,high,
KXNBAGAME-26MAR26NYKCHA-CHA,New York at Charlotte Winner?,2026-03-26,CHA,NYK,CHA,NYK,True,False,True,True,high,
KXNBAGAME-26MAR26SACORL-ORL,Sacramento at Orlando Winner?,2026-03-26,ORL,SAC,ORL,SAC,True,False,True,True,high,
KXNBAGAME-26MAR27ATLBOS-BOS,Atlanta at Boston Winner?,2026-03-27,BOS,ATL,BOS,ATL,True,False,True,True,high,
KXNBAGAME-26MAR27BKNLAL-LAL,Brooklyn at Los Angeles L Winner?,2026-03-27,LAL,BKN,LAL,BKN,True,False,True,True,high,
KXNBAGAME-26MAR27CHIOKC-OKC,Chicago at Oklahoma City Winner?,2026-03-27,OKC,CHI,OKC,CHI,True,False,True,True,high,
KXNBAGAME-26MAR27DALPOR-POR,Dallas at Portland Winner?,2026-03-27,POR,DAL,POR,DAL,True,False,True,True,high,
KXNBAGAME-26MAR27HOUMEM-MEM,Houston at Memphis Winner?,2026-03-27,MEM,HOU,MEM,HOU,True,False,True,True,high,
KXNBAGAME-26MAR27LACIND-IND,Los Angeles C at Indiana Winner?,2026-03-27,IND,LAC,IND,LAC,True,False,True,True,high,
KXNBAGAME-26MAR27MIACLE-CLE,Miami at Cleveland Winner?,2026-03-27,CLE,MIA,CLE,MIA,True,False,True,True,high,
KXNBAGAME-26MAR27NOPTOR-TOR,New Orleans at Toronto Winner?,2026-03-27,TOR,NOP,TOR,NOP,True,False,True,True,high,
KXNBAGAME-26MAR27WASGSW-GSW,Washington at Golden State Winner?,2026-03-27,GSW,WAS,GSW,WAS,True,False,True,True,high,
KXNBAGAME-26MAR28CHIMEM-MEM,Chicago at Memphis Winner?,2026-03-28,MEM,CHI,MEM,CHI,True,False,True,True,high,
KXNBAGAME-26MAR28DETMIN-MIN,Detroit at Minnesota Winner?,2026-03-28,MIN,DET,MIN,DET,True,False,True,True,high,
KXNBAGAME-26MAR28PHICHA-CHA,Philadelphia at Charlotte Winner?,2026-03-28,CHA,PHI,CHA,PHI,True,False,True,True,high,
KXNBAGAME-26MAR28SACATL-ATL,Sacramento at Atlanta Winner?,2026-03-28,ATL,SAC,ATL,SAC,True,False,True,True,high,
KXNBAGAME-26MAR28SASMIL-MIL,San Antonio at Milwaukee Winner?,2026-03-28,MIL,SAS,MIL,SAS,True,False,True,True,high,
KXNBAGAME-26MAR28UTAPHX-PHX,Utah at Phoenix Winner?,2026-03-28,PHX,UTA,PHX,UTA,True,False,True,True,high,
KXNBAGAME-26MAR29BOSCHA-CHA,Boston at Charlotte Winner?,2026-03-29,CHA,BOS,CHA,BOS,True,False,True,True,high,
KXNBAGAME-26MAR29GSWDEN-DEN,Golden State at Denver Winner?,2026-03-29,DEN,GSW,DEN,GSW,True,False,True,True,high,
KXNBAGAME-26MAR29HOUNOP-NOP,Houston at New Orleans Winner?,2026-03-29,NOP,HOU,NOP,HOU,True,False,True,True,high,
KXNBAGAME-26MAR29LACMIL-MIL,Los Angeles C at Milwaukee Winner?,2026-03-29,MIL,LAC,MIL,LAC,True,False,True,True,high,
KXNBAGAME-26MAR29MIAIND-IND,Miami at Indiana Winner?,2026-03-29,IND,MIA,IND,MIA,True,False,True,True,high,
KXNBAGAME-26MAR29NYKOKC-OKC,New York at Oklahoma City Winner?,2026-03-29,OKC,NYK,OKC,NYK,True,False,True,True,high,
KXNBAGAME-26MAR29ORLTOR-TOR,Orlando at Toronto Winner?,2026-03-29,TOR,ORL,TOR,ORL,True,False,True,True,high,
KXNBAGAME-26MAR29SACBKN-BKN,Sacramento at Brooklyn Winner?,2026-03-29,BKN,SAC,BKN,SAC,True,False,True,True,high,
KXNBAGAME-26MAR29WASPOR-POR,Washington at Portland Winner?,2026-03-29,POR,WAS,POR,WAS,True,False,True,True,high,
KXNBAGAME-26MAR30BOSATL-ATL,Boston at Atlanta Winner?,2026-03-30,ATL,BOS,ATL,BOS,True,False,True,True,high,
KXNBAGAME-26MAR30CHISAS-SAS,Chicago at San Antonio Winner?,2026-03-30,SAS,CHI,SAS,CHI,True,False,True,True,high,
KXNBAGAME-26MAR30CLEUTA-UTA,Cleveland at Utah Winner?,2026-03-30,UTA,CLE,UTA,CLE,True,False,True,True,high,
KXNBAGAME-26MAR30DETOKC-OKC,Detroit at Oklahoma City Winner?,2026-03-30,OKC,DET,OKC,DET,True,False,True,True,high,
KXNBAGAME-26MAR30MINDAL-DAL,Minnesota at Dallas Winner?,2026-03-30,DAL,MIN,DAL,MIN,True,False,True,True,high,
KXNBAGAME-26MAR30PHIMIA-MIA,Philadelphia at Miami Winner?,2026-03-30,MIA,PHI,MIA,PHI,True,False,True,True,high,
KXNBAGAME-26MAR30PHXMEM-MEM,Phoenix at Memphis Winner?,2026-03-30,MEM,PHX,MEM,PHX,True,False,True,True,high,
KXNBAGAME-26MAR30WASLAL-LAL,Washington at Los Angeles L Winner?,2026-03-30,LAL,WAS,LAL,WAS,True,False,True,True,high,
KXNBAGAME-26MAR31CHABKN-BKN,Charlotte at Brooklyn Winner?,2026-03-31,BKN,CHA,BKN,CHA,True,False,True,True,high,
KXNBAGAME-26MAR31CLELAL-LAL,Cleveland at Los Angeles L Winner?,2026-03-31,LAL,CLE,LAL,CLE,True,False,True,True,high,
KXNBAGAME-26MAR31DALMIL-MIL,Dallas at Milwaukee Winner?,2026-03-31,MIL,DAL,MIL,DAL,True,False,True,True,high,
KXNBAGAME-26MAR31NYKHOU-HOU,New York at Houston Winner?,2026-03-31,HOU,NYK,HOU,NYK,True,False,True,True,high,
KXNBAGAME-26MAR31PHXORL-ORL,Phoenix at Orlando Winner?,2026-03-31,ORL,PHX,ORL,PHX,True,False,True,True,high,
KXNBAGAME-26MAR31PORLAC-LAC,Portland at Los Angeles C Winner?,2026-03-31,LAC,POR,LAC,POR,True,False,True,True,high,
KXNBAGAME-26MAR31TORDET-DET,Toronto at Detroit Winner?,2026-03-31,DET,TOR,DET,TOR,True,False,True,True,high,
KXNBAGAME-26APR01ATLORL-ORL,Atlanta at Orlando Winner?,2026-04-01,ORL,ATL,ORL,ATL,True,False,True,True,high,
KXNBAGAME-26APR01BOSMIA-MIA,Boston at Miami Winner?,2026-04-01,MIA,BOS,MIA,BOS,True,False,True,True,high,
KXNBAGAME-26APR01DENUTA-UTA,Denver at Utah Winner?,2026-04-01,UTA,DEN,UTA,DEN,True,False,True,True,high,
KXNBAGAME-26APR01INDCHI-CHI,Indiana at Chicago Winner?,2026-04-01,CHI,IND,CHI,IND,True,False,True,True,high,
KXNBAGAME-26APR01MILHOU-HOU,Milwaukee at Houston Winner?,2026-04-01,HOU,MIL,HOU,MIL,True,False,True,True,high,
KXNBAGAME-26APR01NYKMEM-MEM,New York at Memphis Winner?,2026-04-01,MEM,NYK,MEM,NYK,True,False,True,True,high,
KXNBAGAME-26APR01PHIWAS-WAS,Philadelphia at Washington Winner?,2026-04-01,WAS,PHI,WAS,PHI,True,False,True,True,high,
KXNBAGAME-26APR01SACTOR-TOR,Sacramento at Toronto Winner?,2026-04-01,TOR,SAC,TOR,SAC,True,False,True,True,high,
KXNBAGAME-26APR01SASGSW-GSW,San Antonio at Golden State Winner?,2026-04-01,GSW,SAS,GSW,SAS,True,False,True,True,high,
KXNBAGAME-26APR02CLEGSW-GSW,Cleveland at Golden State Winner?,2026-04-02,GSW,CLE,GSW,CLE,True,False,True,True,high,
KXNBAGAME-26APR02LALOKC-OKC,Los Angeles L at Oklahoma City Winner?,2026-04-02,OKC,LAL,OKC,LAL,True,False,True,True,high,
KXNBAGAME-26APR02MINDET-DET,Minnesota at Detroit Winner?,2026-04-02,DET,MIN,DET,MIN,True,False,True,True,high,
KXNBAGAME-26APR02NOPPOR-POR,New Orleans at Portland Winner?,2026-04-02,POR,NOP,POR,NOP,True,False,True,True,high,
KXNBAGAME-26APR02PHXCHA-CHA,Phoenix at Charlotte Winner?,2026-04-02,CHA,PHX,CHA,PHX,True,False,True,True,high,
KXNBAGAME-26APR02SASLAC-LAC,San Antonio at Los Angeles C Winner?,2026-04-02,LAC,SAS,LAC,SAS,True,False,True,True,high,
KXNBAGAME-26APR03ATLBKN-BKN,Atlanta at Brooklyn Winner?,2026-04-03,BKN,ATL,BKN,ATL,True,False,True,True,high,
KXNBAGAME-26APR03BOSMIL-MIL,Boston at Milwaukee Winner?,2026-04-03,MIL,BOS,MIL,BOS,True,False,True,True,high,
KXNBAGAME-26APR03CHINYK-NYK,Chicago at New York Winner?,2026-04-03,NYK,CHI,NYK,CHI,True,False,True,True,high,
KXNBAGAME-26APR03INDCHA-CHA,Indiana at Charlotte Winner?,2026-04-03,CHA,IND,CHA,IND,True,False,True,True,high,
KXNBAGAME-26APR03MINPHI-PHI,Minnesota at Philadelphia Winner?,2026-04-03,PHI,MIN,PHI,MIN,True,False,True,True,high,
KXNBAGAME-26APR03NOPSAC-SAC,New Orleans at Sacramento Winner?,2026-04-03,SAC,NOP,SAC,NOP,True,False,True,True,high,
KXNBAGAME-26APR03ORLDAL-DAL,Orlando at Dallas Winner?,2026-04-03,DAL,ORL,DAL,ORL,True,False,True,True,high,
KXNBAGAME-26APR03TORMEM-MEM,Toronto at Memphis Winner?,2026-04-03,MEM,TOR,MEM,TOR,True,False,True,True,high,
KXNBAGAME-26APR03UTAHOU-HOU,Utah at Houston Winner?,2026-04-03,HOU,UTA,HOU,UTA,True,False,True,True,high,
KXNBAGAME-26APR04DETPHI-PHI,Detroit at Philadelphia Winner?,2026-04-04,PHI,DET,PHI,DET,True,False,True,True,high,
KXNBAGAME-26APR04SASDEN-DEN,San Antonio at Denver Winner?,2026-04-04,DEN,SAS,DEN,SAS,True,False,True,True,high,
KXNBAGAME-26APR04WASMIA-MIA,Washington at Miami Winner?,2026-04-04,MIA,WAS,MIA,WAS,True,False,True,True,high,
KXNBAGAME-26APR05CHAMIN-MIN,Charlotte at Minnesota Winner?,2026-04-05,MIN,CHA,MIN,CHA,True,False,True,True,high,
KXNBAGAME-26APR05HOUGSW-GSW,Houston at Golden State Winner?,2026-04-05,GSW,HOU,GSW,HOU,True,False,True,True,high,
KXNBAGAME-26APR05INDCLE-CLE,Indiana at Cleveland Winner?,2026-04-05,CLE,IND,CLE,IND,True,False,True,True,high,
KXNBAGAME-26APR05LACSAC-SAC,Los Angeles C at Sacramento Winner?,2026-04-05,SAC,LAC,SAC,LAC,True,False,True,True,high,
KXNBAGAME-26APR05LALDAL-DAL,Los Angeles L at Dallas Winner?,2026-04-05,DAL,LAL,DAL,LAL,True,False,True,True,high,
KXNBAGAME-26APR05MEMMIL-MIL,Memphis at Milwaukee Winner?,2026-04-05,MIL,MEM,MIL,MEM,True,False,True,True,high,
KXNBAGAME-26APR05ORLNOP-NOP,Orlando at New Orleans Winner?,2026-04-05,NOP,ORL,NOP,ORL,True,False,True,True,high,
KXNBAGAME-26APR05PHXCHI-CHI,Phoenix at Chicago Winner?,2026-04-05,CHI,PHX,CHI,PHX,True,False,True,True,high,
KXNBAGAME-26APR05TORBOS-BOS,Toronto at Boston Winner?,2026-04-05,BOS,TOR,BOS,TOR,True,False,True,True,high,
KXNBAGAME-26APR05UTAOKC-OKC,Utah at Oklahoma City Winner?,2026-04-05,OKC,UTA,OKC,UTA,True,False,True,True,high,
KXNBAGAME-26APR05WASBKN-BKN,Washington at Brooklyn Winner?,2026-04-05,BKN,WAS,BKN,WAS,True,False,True,True,high,
KXNBAGAME-26APR06CLEMEM-MEM,Cleveland at Memphis Winner?,2026-04-06,MEM,CLE,MEM,CLE,True,False,True,True,high,
KXNBAGAME-26APR06DETORL-ORL,Detroit at Orlando Winner?,2026-04-06,ORL,DET,ORL,DET,True,False,True,True,high,
KXNBAGAME-26APR06NYKATL-ATL,New York at Atlanta Winner?,2026-04-06,ATL,NYK,ATL,NYK,True,False,True,True,high,
KXNBAGAME-26APR06PHISAS-SAS,Philadelphia at San Antonio Winner?,2026-04-06,SAS,PHI,SAS,PHI,True,False,True,True,high,
KXNBAGAME-26APR06PORDEN-DEN,Portland at Denver Winner?,2026-04-06,DEN,POR,DEN,POR,True,False,True,True,high,
KXNBAGAME-26APR07CHABOS-BOS,Charlotte at Boston Winner?,2026-04-07,BOS,CHA,BOS,CHA,True,False,True,True,high,
KXNBAGAME-26APR07CHIWAS-WAS,Chicago at Washington Winner?,2026-04-07,WAS,CHI,WAS,CHI,True,False,True,True,high,
KXNBAGAME-26APR07DALLAC-LAC,Dallas at Los Angeles C Winner?,2026-04-07,LAC,DAL,LAC,DAL,True,False,True,True,high,
KXNBAGAME-26APR07HOUPHX-PHX,Houston at Phoenix Winner?,2026-04-07,PHX,HOU,PHX,HOU,True,False,True,True,high,
KXNBAGAME-26APR07MIATOR-TOR,Miami at Toronto Winner?,2026-04-07,TOR,MIA,TOR,MIA,True,False,True,True,high,
KXNBAGAME-26APR07MILBKN-BKN,Milwaukee at Brooklyn Winner?,2026-04-07,BKN,MIL,BKN,MIL,True,False,True,True,high,
KXNBAGAME-26APR07MININD-IND,Minnesota at Indiana Winner?,2026-04-07,IND,MIN,IND,MIN,True,False,True,True,high,
KXNBAGAME-26APR07OKCLAL-LAL,Oklahoma City at Los Angeles L Winner?,2026-04-07,LAL,OKC,LAL,OKC,True,False,True,True,high,
KXNBAGAME-26APR07SACGSW-GSW,Sacramento at Golden State Winner?,2026-04-07,GSW,SAC,GSW,SAC,True,False,True,True,high,
KXNBAGAME-26APR07UTANOP-NOP,Utah at New Orleans Winner?,2026-04-07,NOP,UTA,NOP,UTA,True,False,True,True,high,
KXNBAGAME-26APR08ATLCLE-CLE,Atlanta at Cleveland Winner?,2026-04-08,CLE,ATL,CLE,ATL,True,False,True,True,high,
KXNBAGAME-26APR08DALPHX-PHX,Dallas at Phoenix Winner?,2026-04-08,PHX,DAL,PHX,DAL,True,False,True,True,high,
KXNBAGAME-26APR08MEMDEN-DEN,Memphis at Denver Winner?,2026-04-08,DEN,MEM,DEN,MEM,True,False,True,True,high,
KXNBAGAME-26APR08MILDET-DET,Milwaukee at Detroit Winner?,2026-04-08,DET,MIL,DET,MIL,True,False,True,True,high,
KXNBAGAME-26APR08MINORL-ORL,Minnesota at Orlando Winner?,2026-04-08,ORL,MIN,ORL,MIN,True,False,True,True,high,
KXNBAGAME-26APR08OKCLAC-LAC,Oklahoma City at Los Angeles C Winner?,2026-04-08,LAC,OKC,LAC,OKC,True,False,True,True,high,
KXNBAGAME-26APR08PORSAS-SAS,Portland at San Antonio Winner?,2026-04-08,SAS,POR,SAS,POR,True,False,True,True,high,
KXNBAGAME-26APR09BOSNYK-NYK,Boston at New York Winner?,2026-04-09,NYK,BOS,NYK,BOS,True,False,True,True,high,
KXNBAGAME-26APR09CHIWAS-WAS,Chicago at Washington Winner?,2026-04-09,WAS,CHI,WAS,CHI,True,False,True,True,high,
KXNBAGAME-26APR09INDBKN-BKN,Indiana at Brooklyn Winner?,2026-04-09,BKN,IND,BKN,IND,True,False,True,True,high,
KXNBAGAME-26APR09LALGSW-GSW,Los Angeles L at Golden State Winner?,2026-04-09,GSW,LAL,GSW,LAL,True,False,True,True,high,
KXNBAGAME-26APR09MIATOR-TOR,Miami at Toronto Winner?,2026-04-09,TOR,MIA,TOR,MIA,True,False,True,True,high,
KXNBAGAME-26APR09PHIHOU-HOU,Philadelphia at Houston Winner?,2026-04-09,HOU,PHI,HOU,PHI,True,False,True,True,high,
KXNBAGAME-26APR10BKNMIL-MIL,Brooklyn at Milwaukee Winner?,2026-04-10,MIL,BKN,MIL,BKN,True,False,True,True,high,
KXNBAGAME-26APR10CLEATL-ATL,Cleveland at Atlanta Winner?,2026-04-10,ATL,CLE,ATL,CLE,True,False,True,True,high,
KXNBAGAME-26APR10DALSAS-SAS,Dallas at San Antonio Winner?,2026-04-10,SAS,DAL,SAS,DAL,True,False,True,True,high,
KXNBAGAME-26APR10DETCHA-CHA,Detroit at Charlotte Winner?,2026-04-10,CHA,DET,CHA,DET,True,False,True,True,high,
KXNBAGAME-26APR10GSWSAC-SAC,Golden State at Sacramento Winner?,2026-04-10,SAC,GSW,SAC,GSW,True,False,True,True,high,
KXNBAGAME-26APR10LACPOR-POR,Los Angeles C at Portland Winner?,2026-04-10,POR,LAC,POR,LAC,True,False,True,True,high,
KXNBAGAME-26APR10MEMUTA-UTA,Memphis at Utah Winner?,2026-04-10,UTA,MEM,UTA,MEM,True,False,True,True,high,
KXNBAGAME-26APR10MIAWAS-WAS,Miami at Washington Winner?,2026-04-10,WAS,MIA,WAS,MIA,True,False,True,True,high,
KXNBAGAME-26APR10MINHOU-HOU,Minnesota at Houston Winner?,2026-04-10,HOU,MIN,HOU,MIN,True,False,True,True,high,
KXNBAGAME-26APR10NOPBOS-BOS,New Orleans at Boston Winner?,2026-04-10,BOS,NOP,BOS,NOP,True,False,True,True,high,
KXNBAGAME-26APR10OKCDEN-DEN,Oklahoma City at Denver Winner?,2026-04-10,DEN,OKC,DEN,OKC,True,False,True,True,high,
KXNBAGAME-26APR10ORLCHI-CHI,Orlando at Chicago Winner?,2026-04-10,CHI,ORL,CHI,ORL,True,False,True,True,high,
KXNBAGAME-26APR10PHIIND-IND,Philadelphia at Indiana Winner?,2026-04-10,IND,PHI,IND,PHI,True,False,True,True,high,
KXNBAGAME-26APR10PHXLAL-LAL,Phoenix at Los Angeles L Winner?,2026-04-10,LAL,PHX,LAL,PHX,True,False,True,True,high,
KXNBAGAME-26APR10TORNYK-NYK,Toronto at New York Winner?,2026-04-10,NYK,TOR,NYK,TOR,True,False,True,True,high,
KXNBAGAME-26APR12ATLMIA-MIA,Atlanta at Miami Winner?,2026-04-12,MIA,ATL,MIA,ATL,True,False,True,True,high,
KXNBAGAME-26APR12BKNTOR-TOR,Brooklyn at Toronto Winner?,2026-04-12,TOR,BKN,TOR,BKN,True,False,True,True,high,
KXNBAGAME-26APR12CHANYK-NYK,Charlotte at New York Winner?,2026-04-12,NYK,CHA,NYK,CHA,True,False,True,True,high,
KXNBAGAME-26APR12CHIDAL-DAL,Chicago at Dallas Winner?,2026-04-12,DAL,CHI,DAL,CHI,True,False,True,True,high,
KXNBAGAME-26APR12DENSAS-SAS,Denver at San Antonio Winner?,2026-04-12,SAS,DEN,SAS,DEN,True,False,True,True,high,
KXNBAGAME-26APR12DETIND-IND,Detroit at Indiana Winner?,2026-04-12,IND,DET,IND,DET,True,False,True,True,high,
KXNBAGAME-26APR12GSWLAC-LAC,Golden State at Los Angeles C Winner?,2026-04-12,LAC,GSW,LAC,GSW,True,False,True,True,high,
KXNBAGAME-26APR12MEMHOU-HOU,Memphis at Houston Winner?,2026-04-12,HOU,MEM,HOU,MEM,True,False,True,True,high,
KXNBAGAME-26APR12MILPHI-PHI,Milwaukee at Philadelphia Winner?,2026-04-12,PHI,MIL,PHI,MIL,True,False,True,True,high,
KXNBAGAME-26APR12NOPMIN-MIN,New Orleans at Minnesota Winner?,2026-04-12,MIN,NOP,MIN,NOP,True,False,True,True,high,
KXNBAGAME-26APR12ORLBOS-BOS,Orlando at Boston Winner?,2026-04-12,BOS,ORL,BOS,ORL,True,False,True,True,high,
KXNBAGAME-26APR12PHXOKC-OKC,Phoenix at Oklahoma City Winner?,2026-04-12,OKC,PHX,OKC,PHX,True,False,True,True,high,
KXNBAGAME-26APR12SACPOR-POR,Sacramento at Portland Winner?,2026-04-12,POR,SAC,POR,SAC,True,False,True,True,high,
KXNBAGAME-26APR12UTALAL-LAL,Utah at Los Angeles L Winner?,2026-04-12,LAL,UTA,LAL,UTA,True,False,True,True,high,
KXNBAGAME-26APR12WASCLE-CLE,Washington at Cleveland Winner?,2026-04-12,CLE,WAS,CLE,WAS,True,False,True,True,high,
